"","site_id","mean_annual_precip","aridity_index","potential_evapotrans","min_daily_temp","site_longitude_max","site_longitude_min","site_latitude_max","site_latitude_min","study_id"
"1","Galveston_Bay",1253.21,0.949025,1272.26666666667,-11.49,-94.943260648,-95.266709872,29.209952862,29.064102558,"Osland_et_al_2016"
"2","Grand_Bay",1657.13888888889,1.20494777777778,1317.64444444444,-14.9711111111111,-88.395872932,-88.446796468,30.409232979,30.356935311,"Osland_et_al_2016"
"3","Lake_Pontchartrain",1590.295,1.07382,1413.42,-12.514,-89.833513739,-89.999191271,30.284774709,30.239866521,"Osland_et_al_2016"
"4","Lower_Laguna_Madre",671.788785046729,0.524568224299065,1313.09345794393,-8.2803738317757,-97.162405411,-97.381783399,26.388685132,26.014722388,"Osland_et_al_2016"
"5","San_Antonio_Bay",981.879090909091,0.756106363636364,1306.01818181818,-11.95,-96.358675091,-96.896541239,28.456784607,28.173734523,"Osland_et_al_2016"
"6","Tampa_Bay",1324.70721649485,0.871134020618557,1449.37113402062,-4.88041237113402,-82.440326394,-82.663222026,27.726532607,27.515973803,"Osland_et_al_2016"
"7","Ten_Thousand_Islands",1426.95051546392,0.9,1510.12371134021,-4.1020618556701,-81.52314862,-81.54749818,25.976839471,25.845753739,"Osland_et_al_2016"
"8","Upper_Laguna_Madre",767.590163934426,0.541081147540984,1359.04098360656,-9.34262295081967,-97.128559651,-97.741774519,27.72484826,27.27555542,"Osland_et_al_2016"
"9","Weeks_Bay",1695.94555555556,1.19740444444444,1311.72222222222,-14.65,-87.811255997,-87.847188233,30.443171272,30.376521448,"Osland_et_al_2016"
