study_id,site_id,core_id,depth_min,depth_max,sample_id,dry_bulk_density,fraction_organic_matter,cs137_activity,cs137_activity_se,excess_pb210_activity,excess_pb210_activity_se,total_pb210_activity,total_pb210_activity_se,ra226_activity,ra226_activity_se,c14_age,c14_age_se,c14_material,c14_notes,fraction_modern,fraction_modern_se,delta_c14,delta_c14_se,am241_activity,am241_activity_se
Brown_et_al_2026,Bodega Bay,BOD13-02,151,152,BOD13-02_152,NA,NA,NA,NA,NA,NA,NA,NA,NA,NA,765,40,marine,BOD13-02 152cm .042mgC,0.9091,0.0041,-90.9,4.1,NA,NA
Brown_et_al_2026,Bolinas Lagoon,BOL13-01,0,1,BOL13-01_1,0.4103,0.393858153,NA,NA,NA,NA,NA,NA,NA,NA,NA,NA,NA,NA,NA,NA,NA,NA,NA,NA
Brown_et_al_2026,Bolinas Lagoon,BOL13-01,1,2,BOL13-01_2,0.7205,0.175850104,NA,NA,NA,NA,NA,NA,NA,NA,NA,NA,NA,NA,NA,NA,NA,NA,NA,NA
Brown_et_al_2026,Bolinas Lagoon,BOL13-01,2,3,BOL13-01_3,0.7386,0.134714324,3.76,3.39,NA,NA,104.03,24.02,NA,NA,NA,NA,NA,NA,NA,NA,NA,NA,NA,1.78
Brown_et_al_2026,Bolinas Lagoon,BOL13-01,3,4,BOL13-01_4,0.9447,0.08531809,NA,NA,NA,NA,NA,NA,NA,NA,NA,NA,NA,NA,NA,NA,NA,NA,NA,NA
Brown_et_al_2026,Bolinas Lagoon,BOL13-01,4,5,BOL13-01_5,1.0956,0.080412559,NA,NA,NA,NA,NA,NA,NA,NA,NA,NA,NA,NA,NA,NA,NA,NA,NA,NA
Brown_et_al_2026,Bolinas Lagoon,BOL13-01,5,6,BOL13-01_6,1.1027,0.095764941,NA,NA,NA,NA,NA,NA,NA,NA,NA,NA,NA,NA,NA,NA,NA,NA,NA,NA
Brown_et_al_2026,Bolinas Lagoon,BOL13-01,6,7,BOL13-01_7,1.3554,0.110004427,NA,NA,NA,NA,NA,NA,NA,NA,NA,NA,NA,NA,NA,NA,NA,NA,NA,NA
Brown_et_al_2026,Bolinas Lagoon,BOL13-01,7,8,BOL13-01_8,1.1041,0.071913776,NA,NA,NA,NA,NA,NA,NA,NA,NA,NA,NA,NA,NA,NA,NA,NA,NA,NA
Brown_et_al_2026,Bolinas Lagoon,BOL13-01,8,9,BOL13-01_9,1.7019,0.064281098,3.78,1.9,NA,NA,49.65,13.39,NA,NA,NA,NA,NA,NA,NA,NA,NA,NA,NA,1.12
Brown_et_al_2026,Bolinas Lagoon,BOL13-01,9,10,BOL13-01_10,1.4978,0.05107491,NA,NA,NA,NA,NA,NA,NA,NA,NA,NA,NA,NA,NA,NA,NA,NA,NA,NA
Brown_et_al_2026,Bolinas Lagoon,BOL13-01,10,11,BOL13-01_11,1.4507,0.078513821,NA,NA,NA,NA,NA,NA,NA,NA,NA,NA,NA,NA,NA,NA,NA,NA,NA,NA
Brown_et_al_2026,Bolinas Lagoon,BOL13-01,11,12,BOL13-01_12,1.5795,0.078822412,NA,NA,NA,NA,NA,NA,NA,NA,NA,NA,NA,NA,NA,NA,NA,NA,NA,NA
Brown_et_al_2026,Bolinas Lagoon,BOL13-01,12,13,BOL13-01_13,1.2147,0.123075657,NA,NA,NA,NA,NA,NA,NA,NA,NA,NA,NA,NA,NA,NA,NA,NA,NA,NA
Brown_et_al_2026,Bolinas Lagoon,BOL13-01,13,14,BOL13-01_14,0.8345,0.069263032,NA,NA,NA,NA,NA,NA,NA,NA,NA,NA,NA,NA,NA,NA,NA,NA,NA,NA
Brown_et_al_2026,Bolinas Lagoon,BOL13-01,14,15,BOL13-01_15,1.1486,0.058506007,1.77,1.55,NA,NA,41,10.86,NA,NA,NA,NA,NA,NA,NA,NA,NA,NA,NA,0.89
Brown_et_al_2026,Bolinas Lagoon,BOL13-01,15,16,BOL13-01_16,1.3661,0.049557133,NA,NA,NA,NA,NA,NA,NA,NA,NA,NA,NA,NA,NA,NA,NA,NA,NA,NA
Brown_et_al_2026,Bolinas Lagoon,BOL13-01,16,17,BOL13-01_17,1.6452,0.098346706,NA,NA,NA,NA,NA,NA,NA,NA,NA,NA,NA,NA,NA,NA,NA,NA,NA,NA
Brown_et_al_2026,Bolinas Lagoon,BOL13-01,17,18,BOL13-01_18,1.7079,0.038643949,NA,NA,NA,NA,NA,NA,NA,NA,NA,NA,NA,NA,NA,NA,NA,NA,NA,NA
Brown_et_al_2026,Bolinas Lagoon,BOL13-01,18,19,BOL13-01_19,1.781,0.101852892,0.2,1.34,NA,NA,23.12,9.57,NA,NA,NA,NA,NA,NA,NA,NA,NA,NA,NA,0.79
Brown_et_al_2026,Bolinas Lagoon,BOL13-01,19,20,BOL13-01_20,1.3396,0.056285458,NA,NA,NA,NA,NA,NA,NA,NA,NA,NA,NA,NA,NA,NA,NA,NA,NA,NA
Brown_et_al_2026,Bolinas Lagoon,BOL13-01,20,21,BOL13-01_21,1.4451,0.0760501,NA,NA,NA,NA,NA,NA,NA,NA,NA,NA,NA,NA,NA,NA,NA,NA,NA,NA
Brown_et_al_2026,Bolinas Lagoon,BOL13-01,21,22,BOL13-01_22,0.6638,0.162850256,NA,NA,NA,NA,NA,NA,NA,NA,NA,NA,NA,NA,NA,NA,NA,NA,NA,NA
Brown_et_al_2026,Bolinas Lagoon,BOL13-01,22,23,BOL13-01_23,0.8579,0.108987061,5.14,1.51,NA,NA,36.66,9.92,NA,NA,NA,NA,NA,NA,NA,NA,NA,NA,NA,0.84
Brown_et_al_2026,Bolinas Lagoon,BOL13-01,23,24,BOL13-01_24,0.6497,0.140526397,NA,NA,NA,NA,NA,NA,NA,NA,NA,NA,NA,NA,NA,NA,NA,NA,NA,NA
Brown_et_al_2026,Bolinas Lagoon,BOL13-01,24,25,BOL13-01_25,0.8835,0.105263158,NA,NA,NA,NA,NA,NA,NA,NA,NA,NA,NA,NA,NA,NA,NA,NA,NA,NA
Brown_et_al_2026,Bolinas Lagoon,BOL13-01,25,26,BOL13-01_26,0.4983,0.159743127,NA,NA,NA,NA,NA,NA,NA,NA,NA,NA,NA,NA,NA,NA,NA,NA,NA,NA
Brown_et_al_2026,Bolinas Lagoon,BOL13-01,26,27,BOL13-01_27,0.3523,0.165200114,NA,NA,NA,NA,NA,NA,NA,NA,NA,NA,NA,NA,NA,NA,NA,NA,NA,NA
Brown_et_al_2026,Bolinas Lagoon,BOL13-01,27,28,BOL13-01_28,0.8512,0.115014098,NA,NA,NA,NA,NA,NA,NA,NA,NA,NA,NA,NA,NA,NA,NA,NA,NA,NA
Brown_et_al_2026,Bolinas Lagoon,BOL13-01,28,29,BOL13-01_29,0.4784,0.175376254,4.26,1.91,NA,NA,44,12.66,NA,NA,NA,NA,NA,NA,NA,NA,NA,NA,NA,1.06
Brown_et_al_2026,Bolinas Lagoon,BOL13-01,29,30,BOL13-01_30,0.5345,0.199251637,NA,NA,NA,NA,NA,NA,NA,NA,NA,NA,NA,NA,NA,NA,NA,NA,NA,NA
Brown_et_al_2026,Bolinas Lagoon,BOL13-01,30,31,BOL13-01_31,0.5573,0.16472277,NA,NA,NA,NA,NA,NA,NA,NA,NA,NA,NA,NA,NA,NA,NA,NA,NA,NA
Brown_et_al_2026,Bolinas Lagoon,BOL13-01,31,32,BOL13-01_32,0.5097,0.195605258,NA,NA,NA,NA,NA,NA,NA,NA,NA,NA,NA,NA,NA,NA,NA,NA,NA,NA
Brown_et_al_2026,Bolinas Lagoon,BOL13-01,32,33,BOL13-01_33,0.6473,0.149080797,NA,NA,NA,NA,NA,NA,NA,NA,NA,NA,NA,NA,NA,NA,NA,NA,NA,NA
Brown_et_al_2026,Bolinas Lagoon,BOL13-01,33,34,BOL13-01_34,0.5313,0.11895351,NA,NA,NA,NA,NA,NA,NA,NA,NA,NA,NA,NA,NA,NA,NA,NA,NA,NA
Brown_et_al_2026,Bolinas Lagoon,BOL13-01,34,35,BOL13-01_35,1.0019,0.098313205,NA,NA,NA,NA,NA,NA,NA,NA,NA,NA,NA,NA,NA,NA,NA,NA,NA,NA
Brown_et_al_2026,Bolinas Lagoon,BOL13-01,35,36,BOL13-01_36,0.5334,0.186726659,NA,NA,NA,NA,NA,NA,NA,NA,NA,NA,NA,NA,NA,NA,NA,NA,NA,NA
Brown_et_al_2026,Bolinas Lagoon,BOL13-01,36,37,BOL13-01_37,0.6748,0.12966805,NA,NA,NA,NA,NA,NA,NA,NA,NA,NA,NA,NA,NA,NA,NA,NA,NA,NA
Brown_et_al_2026,Bolinas Lagoon,BOL13-01,37,38,BOL13-01_38,0.7268,0.106081453,NA,NA,NA,NA,NA,NA,NA,NA,NA,NA,NA,NA,NA,NA,NA,NA,NA,NA
Brown_et_al_2026,Bolinas Lagoon,BOL13-01,38,39,BOL13-01_39,0.2472,0.417071197,NA,NA,NA,NA,NA,NA,NA,NA,NA,NA,NA,NA,NA,NA,NA,NA,NA,NA
Brown_et_al_2026,Bolinas Lagoon,BOL13-01,39,40,BOL13-01_40,0.8871,0.1649194,NA,NA,NA,NA,NA,NA,NA,NA,NA,NA,NA,NA,NA,NA,NA,NA,NA,NA
Brown_et_al_2026,Bolinas Lagoon,BOL13-01,40,41,BOL13-01_41,0.4998,0.139855942,NA,NA,NA,NA,NA,NA,NA,NA,NA,NA,NA,NA,NA,NA,NA,NA,NA,NA
Brown_et_al_2026,Bolinas Lagoon,BOL13-01,41,42,BOL13-01_42,0.5899,0.115951856,NA,NA,NA,NA,NA,NA,NA,NA,NA,NA,NA,NA,NA,NA,NA,NA,NA,NA
Brown_et_al_2026,Bolinas Lagoon,BOL13-01,42,43,BOL13-01_43,0.5386,0.092276272,NA,NA,NA,NA,NA,NA,NA,NA,NA,NA,NA,NA,NA,NA,NA,NA,NA,NA
Brown_et_al_2026,Bolinas Lagoon,BOL13-01,43,44,BOL13-01_44,0.8565,0.087098657,NA,NA,NA,NA,NA,NA,NA,NA,NA,NA,NA,NA,NA,NA,NA,NA,NA,NA
Brown_et_al_2026,Bolinas Lagoon,BOL13-01,44,45,BOL13-01_45,0.9726,0.085749537,NA,NA,NA,NA,NA,NA,NA,NA,NA,NA,NA,NA,NA,NA,NA,NA,NA,NA
Brown_et_al_2026,Bolinas Lagoon,BOL13-01,46,47,BOL13-01_47,0.9974,0.091537999,NA,NA,NA,NA,NA,NA,NA,NA,160,25,terrestrial,BOL13-01 47cm,0.9805,0.0026,-19.5,2.6,NA,NA
Brown_et_al_2026,Bolinas Lagoon,BOL13-01,47,48,BOL13-01_48,0.7385,0.109140149,NA,NA,NA,NA,NA,NA,NA,NA,NA,NA,NA,NA,NA,NA,NA,NA,NA,NA
Brown_et_al_2026,Bolinas Lagoon,BOL13-01,48,49,BOL13-01_49,1.0194,0.106925643,NA,NA,NA,NA,NA,NA,NA,NA,NA,NA,NA,NA,NA,NA,NA,NA,NA,NA
Brown_et_al_2026,Bolinas Lagoon,BOL13-01,49,50,BOL13-01_50,0.787,0.132147395,NA,NA,NA,NA,NA,NA,NA,NA,NA,NA,NA,NA,NA,NA,NA,NA,NA,NA
Brown_et_al_2026,Bolinas Lagoon,BOL13-01,50,51,BOL13-01_51,0.5881,0.10678456,NA,NA,NA,NA,NA,NA,NA,NA,NA,NA,NA,NA,NA,NA,NA,NA,NA,NA
Brown_et_al_2026,Bolinas Lagoon,BOL13-01,51,52,BOL13-01_52,1.0509,0.06889333,NA,NA,NA,NA,NA,NA,NA,NA,NA,NA,NA,NA,NA,NA,NA,NA,NA,NA
Brown_et_al_2026,Bolinas Lagoon,BOL13-01,52,53,BOL13-01_53,0.4582,0.1488433,NA,NA,NA,NA,NA,NA,NA,NA,NA,NA,NA,NA,NA,NA,NA,NA,NA,NA
Brown_et_al_2026,Bolinas Lagoon,BOL13-01,53,54,BOL13-01_54,0.9445,0.080465855,NA,NA,NA,NA,NA,NA,NA,NA,NA,NA,NA,NA,NA,NA,NA,NA,NA,NA
Brown_et_al_2026,Bolinas Lagoon,BOL13-01,54,55,BOL13-01_55,1.9092,0.058034779,NA,NA,NA,NA,NA,NA,NA,NA,130,20,terrestrial,BOL13-01 55,0.9837,0.002,-16.3,2,NA,NA
Brown_et_al_2026,Bolinas Lagoon,BOL13-01,55,56,BOL13-01_56,1.0127,0.057766367,NA,NA,NA,NA,NA,NA,NA,NA,NA,NA,NA,NA,NA,NA,NA,NA,NA,NA
Brown_et_al_2026,Bolinas Lagoon,BOL13-01,56,57,BOL13-01_57,1.3369,0.050714339,NA,NA,NA,NA,NA,NA,NA,NA,NA,NA,NA,NA,NA,NA,NA,NA,NA,NA
Brown_et_al_2026,Bolinas Lagoon,BOL13-01,57,58,BOL13-01_58,1.3608,0.046516755,NA,NA,NA,NA,NA,NA,NA,NA,NA,NA,NA,NA,NA,NA,NA,NA,NA,NA
Brown_et_al_2026,Bolinas Lagoon,BOL13-01,58,59,BOL13-01_59,1.2731,0.038960019,NA,NA,NA,NA,NA,NA,NA,NA,NA,NA,NA,NA,NA,NA,NA,NA,NA,NA
Brown_et_al_2026,Bolinas Lagoon,BOL13-01,59,60,BOL13-01_60,1.6059,0.036490442,NA,NA,NA,NA,NA,NA,NA,NA,NA,NA,NA,NA,NA,NA,NA,NA,NA,NA
Brown_et_al_2026,Bolinas Lagoon,BOL13-01,60,61,BOL13-01_61,1.1687,0.052622572,NA,NA,NA,NA,NA,NA,NA,NA,NA,NA,NA,NA,NA,NA,NA,NA,NA,NA
Brown_et_al_2026,Bolinas Lagoon,BOL13-01,61,62,BOL13-01_62,1.2165,0.046280312,NA,NA,NA,NA,NA,NA,NA,NA,NA,NA,NA,NA,NA,NA,NA,NA,NA,NA
Brown_et_al_2026,Bolinas Lagoon,BOL13-01,62,63,BOL13-01_63,1.2295,0.04701098,NA,NA,NA,NA,NA,NA,NA,NA,NA,NA,NA,NA,NA,NA,NA,NA,NA,NA
Brown_et_al_2026,Bolinas Lagoon,BOL13-01,63,64,BOL13-01_64,1.3555,0.055772778,NA,NA,NA,NA,NA,NA,NA,NA,NA,NA,NA,NA,NA,NA,NA,NA,NA,NA
Brown_et_al_2026,Bolinas Lagoon,BOL13-01,64,65,BOL13-01_65,1.2656,0.07119153,NA,NA,NA,NA,NA,NA,NA,NA,NA,NA,NA,NA,NA,NA,NA,NA,NA,NA
Brown_et_al_2026,Bolinas Lagoon,BOL13-01,65,66,BOL13-01_66,0.9137,0.050344752,NA,NA,NA,NA,NA,NA,NA,NA,NA,NA,NA,NA,NA,NA,NA,NA,NA,NA
Brown_et_al_2026,Bolinas Lagoon,BOL13-01,66,67,BOL13-01_67,1.1345,0.047421772,NA,NA,NA,NA,NA,NA,NA,NA,NA,NA,NA,NA,NA,NA,NA,NA,NA,NA
Brown_et_al_2026,Bolinas Lagoon,BOL13-01,67,68,BOL13-01_68,1.377,0.051125635,NA,NA,NA,NA,NA,NA,NA,NA,NA,NA,NA,NA,NA,NA,NA,NA,NA,NA
Brown_et_al_2026,Bolinas Lagoon,BOL13-01,68,69,BOL13-01_69,1.5908,0.049911994,NA,NA,NA,NA,NA,NA,NA,NA,NA,NA,NA,NA,NA,NA,NA,NA,NA,NA
Brown_et_al_2026,Bolinas Lagoon,BOL13-01,69,70,BOL13-01_70,1.0696,0.054412865,NA,NA,NA,NA,NA,NA,NA,NA,NA,NA,NA,NA,NA,NA,NA,NA,NA,NA
Brown_et_al_2026,Bolinas Lagoon,BOL13-01,70,71,BOL13-01_71,1.1283,0.04883453,NA,NA,NA,NA,NA,NA,NA,NA,NA,NA,NA,NA,NA,NA,NA,NA,NA,NA
Brown_et_al_2026,Bolinas Lagoon,BOL13-01,71,72,BOL13-01_72,1.7939,0.051061932,NA,NA,NA,NA,NA,NA,NA,NA,NA,NA,NA,NA,NA,NA,NA,NA,NA,NA
Brown_et_al_2026,Bolinas Lagoon,BOL13-01,72,73,BOL13-01_73,1.925,0.044571429,NA,NA,NA,NA,NA,NA,NA,NA,NA,NA,NA,NA,NA,NA,NA,NA,NA,NA
Brown_et_al_2026,Bolinas Lagoon,BOL13-01,73,74,BOL13-01_74,0.7528,0.049017003,NA,NA,NA,NA,NA,NA,NA,NA,NA,NA,NA,NA,NA,NA,NA,NA,NA,NA
Brown_et_al_2026,Bolinas Lagoon,BOL13-01,74,75,BOL13-01_75,1.2366,0.042859453,NA,NA,NA,NA,NA,NA,NA,NA,NA,NA,NA,NA,NA,NA,NA,NA,NA,NA
Brown_et_al_2026,Bolinas Lagoon,BOL13-01,75,76,BOL13-01_76,1.5115,0.041217334,NA,NA,NA,NA,NA,NA,NA,NA,NA,NA,NA,NA,NA,NA,NA,NA,NA,NA
Brown_et_al_2026,Bolinas Lagoon,BOL13-01,76,77,BOL13-01_77,1.5967,0.039644266,NA,NA,NA,NA,NA,NA,NA,NA,NA,NA,NA,NA,NA,NA,NA,NA,NA,NA
Brown_et_al_2026,Bolinas Lagoon,BOL13-01,77,78,BOL13-01_78,1.0939,0.049547491,NA,NA,NA,NA,NA,NA,NA,NA,NA,NA,NA,NA,NA,NA,NA,NA,NA,NA
Brown_et_al_2026,Bolinas Lagoon,BOL13-01,78,79,BOL13-01_79,1.2702,0.048732483,NA,NA,NA,NA,NA,NA,NA,NA,NA,NA,NA,NA,NA,NA,NA,NA,NA,NA
Brown_et_al_2026,Bolinas Lagoon,BOL13-01,79,80,BOL13-01_80,1.22,0.050081967,NA,NA,NA,NA,NA,NA,NA,NA,NA,NA,NA,NA,NA,NA,NA,NA,NA,NA
Brown_et_al_2026,Bolinas Lagoon,BOL13-01,80,81,BOL13-01_81,1.3669,0.055307630000000003,NA,NA,NA,NA,NA,NA,NA,NA,NA,NA,NA,NA,NA,NA,NA,NA,NA,NA
Brown_et_al_2026,Bolinas Lagoon,BOL13-01,81,82,BOL13-01_82,1.5829,0.043211826,NA,NA,NA,NA,NA,NA,NA,NA,NA,NA,NA,NA,NA,NA,NA,NA,NA,NA
Brown_et_al_2026,Bolinas Lagoon,BOL13-01,82,83,BOL13-01_83,1.4874,0.04336426,NA,NA,NA,NA,NA,NA,NA,NA,NA,NA,NA,NA,NA,NA,NA,NA,NA,NA
Brown_et_al_2026,Bolinas Lagoon,BOL13-01,83,84,BOL13-01_84,1.3962,0.043331901,NA,NA,NA,NA,NA,NA,NA,NA,NA,NA,NA,NA,NA,NA,NA,NA,NA,NA
Brown_et_al_2026,Bolinas Lagoon,BOL13-01,84,85,BOL13-01_85,0.9823,0.050493739,NA,NA,NA,NA,NA,NA,NA,NA,NA,NA,NA,NA,NA,NA,NA,NA,NA,NA
Brown_et_al_2026,Bolinas Lagoon,BOL13-01,85,86,BOL13-01_86,1.6098,0.045533607,NA,NA,NA,NA,NA,NA,NA,NA,NA,NA,NA,NA,NA,NA,NA,NA,NA,NA
Brown_et_al_2026,Bolinas Lagoon,BOL13-01,86,87,BOL13-01_87,1.4228,0.053626652,NA,NA,NA,NA,NA,NA,NA,NA,NA,NA,NA,NA,NA,NA,NA,NA,NA,NA
Brown_et_al_2026,Bolinas Lagoon,BOL13-01,87,88,BOL13-01_88,1.5704,0.046739684,NA,NA,NA,NA,NA,NA,NA,NA,NA,NA,NA,NA,NA,NA,NA,NA,NA,NA
Brown_et_al_2026,Bolinas Lagoon,BOL13-01,88,89,BOL13-01_89,1.3426,0.043423209,NA,NA,NA,NA,NA,NA,NA,NA,NA,NA,NA,NA,NA,NA,NA,NA,NA,NA
Brown_et_al_2026,Bolinas Lagoon,BOL13-01,89,90,BOL13-01_90,0.88,0.044772727,NA,NA,NA,NA,NA,NA,NA,NA,NA,NA,NA,NA,NA,NA,NA,NA,NA,NA
Brown_et_al_2026,Bolinas Lagoon,BOL13-01,90,91,BOL13-01_91,1.1049,0.051407367,NA,NA,NA,NA,NA,NA,NA,NA,NA,NA,NA,NA,NA,NA,NA,NA,NA,NA
Brown_et_al_2026,Bolinas Lagoon,BOL13-01,91,92,BOL13-01_92,1.0895,0.041211565,NA,NA,NA,NA,NA,NA,NA,NA,NA,NA,NA,NA,NA,NA,NA,NA,NA,NA
Brown_et_al_2026,Bolinas Lagoon,BOL13-01,92,93,BOL13-01_93,1.2938,0.034085639,NA,NA,NA,NA,NA,NA,NA,NA,NA,NA,NA,NA,NA,NA,NA,NA,NA,NA
Brown_et_al_2026,Bolinas Lagoon,BOL13-01,93,94,BOL13-01_94,1.1421,0.033359601,NA,NA,NA,NA,NA,NA,NA,NA,NA,NA,NA,NA,NA,NA,NA,NA,NA,NA
Brown_et_al_2026,Bolinas Lagoon,BOL13-01,94,95,BOL13-01_95,1.3993,0.036160938,NA,NA,NA,NA,NA,NA,NA,NA,NA,NA,NA,NA,NA,NA,NA,NA,NA,NA
Brown_et_al_2026,Bolinas Lagoon,BOL13-01,95,96,BOL13-01_96,1.015,0.037438424,NA,NA,NA,NA,NA,NA,NA,NA,NA,NA,NA,NA,NA,NA,NA,NA,NA,NA
Brown_et_al_2026,Bolinas Lagoon,BOL13-01,96,97,BOL13-01_97,1.0303,0.033582452,NA,NA,NA,NA,NA,NA,NA,NA,NA,NA,NA,NA,NA,NA,NA,NA,NA,NA
Brown_et_al_2026,Bolinas Lagoon,BOL13-01,97,98,BOL13-01_98,1.1082,0.029417073,NA,NA,NA,NA,NA,NA,NA,NA,NA,NA,NA,NA,NA,NA,NA,NA,NA,NA
Brown_et_al_2026,Bolinas Lagoon,BOL13-01,98,99,BOL13-01_99,0.8523,0.040478705,NA,NA,NA,NA,NA,NA,NA,NA,NA,NA,NA,NA,NA,NA,NA,NA,NA,NA
Brown_et_al_2026,Bolinas Lagoon,BOL13-01,140,141,BOL13-01_141,NA,NA,NA,NA,NA,NA,NA,NA,NA,NA,815,20,marine,BOL13-01 141cm,0.9037,0.002,-96.3,2,NA,NA
Brown_et_al_2026,Bolinas Lagoon,BOL13-02,0,1,BOL13-02_1,0.3048,0.338582677,NA,NA,NA,NA,NA,NA,NA,NA,NA,NA,NA,NA,NA,NA,NA,NA,NA,NA
Brown_et_al_2026,Bolinas Lagoon,BOL13-02,1,2,BOL13-02_2,0.3691,0.319154701,NA,NA,NA,NA,NA,NA,NA,NA,NA,NA,NA,NA,NA,NA,NA,NA,NA,NA
Brown_et_al_2026,Bolinas Lagoon,BOL13-02,2,3,BOL13-02_3,0.43120000000000003,0.251391466,NA,NA,NA,NA,NA,NA,NA,NA,NA,NA,NA,NA,NA,NA,NA,NA,NA,NA
Brown_et_al_2026,Bolinas Lagoon,BOL13-02,3,4,BOL13-02_4,0.6759,0.138629975,NA,NA,NA,NA,NA,NA,NA,NA,NA,NA,NA,NA,NA,NA,NA,NA,NA,NA
Brown_et_al_2026,Bolinas Lagoon,BOL13-02,4,5,BOL13-02_5,0.9607,0.09097533,NA,NA,NA,NA,NA,NA,NA,NA,NA,NA,NA,NA,NA,NA,NA,NA,NA,NA
Brown_et_al_2026,Bolinas Lagoon,BOL13-02,5,6,BOL13-02_6,1.0574,0.087762436,NA,NA,NA,NA,NA,NA,NA,NA,NA,NA,NA,NA,NA,NA,NA,NA,NA,NA
Brown_et_al_2026,Bolinas Lagoon,BOL13-02,6,7,BOL13-02_7,1.1103,0.07160227,NA,NA,NA,NA,NA,NA,NA,NA,NA,NA,NA,NA,NA,NA,NA,NA,NA,NA
Brown_et_al_2026,Bolinas Lagoon,BOL13-02,7,8,BOL13-02_8,0.8542,0.128892531,NA,NA,NA,NA,NA,NA,NA,NA,NA,NA,NA,NA,NA,NA,NA,NA,NA,NA
Brown_et_al_2026,Bolinas Lagoon,BOL13-02,8,9,BOL13-02_9,0.7654,0.145414163,NA,NA,NA,NA,NA,NA,NA,NA,NA,NA,NA,NA,NA,NA,NA,NA,NA,NA
Brown_et_al_2026,Bolinas Lagoon,BOL13-02,9,10,BOL13-02_10,0.7994,0.136477358,NA,NA,NA,NA,NA,NA,NA,NA,NA,NA,NA,NA,NA,NA,NA,NA,NA,NA
Brown_et_al_2026,Bolinas Lagoon,BOL13-02,10,11,BOL13-02_11,0.7803,0.13699859,NA,NA,NA,NA,NA,NA,NA,NA,NA,NA,NA,NA,NA,NA,NA,NA,NA,NA
Brown_et_al_2026,Bolinas Lagoon,BOL13-02,11,12,BOL13-02_12,1.0131,0.126147468,NA,NA,NA,NA,NA,NA,NA,NA,NA,NA,NA,NA,NA,NA,NA,NA,NA,NA
Brown_et_al_2026,Bolinas Lagoon,BOL13-02,12,13,BOL13-02_13,0.9356,0.106028217,NA,NA,NA,NA,NA,NA,NA,NA,NA,NA,NA,NA,NA,NA,NA,NA,NA,NA
Brown_et_al_2026,Bolinas Lagoon,BOL13-02,13,14,BOL13-02_14,1.0206,0.08063884,NA,NA,NA,NA,NA,NA,NA,NA,NA,NA,NA,NA,NA,NA,NA,NA,NA,NA
Brown_et_al_2026,Bolinas Lagoon,BOL13-02,14,15,BOL13-02_15,1.2119,0.06328905,NA,NA,NA,NA,NA,NA,NA,NA,NA,NA,NA,NA,NA,NA,NA,NA,NA,NA
Brown_et_al_2026,Bolinas Lagoon,BOL13-02,15,16,BOL13-02_16,1.0968,0.076495259,NA,NA,NA,NA,NA,NA,NA,NA,NA,NA,NA,NA,NA,NA,NA,NA,NA,NA
Brown_et_al_2026,Bolinas Lagoon,BOL13-02,16,17,BOL13-02_17,0.452,0.188495575,NA,NA,NA,NA,NA,NA,NA,NA,NA,NA,NA,NA,NA,NA,NA,NA,NA,NA
Brown_et_al_2026,Bolinas Lagoon,BOL13-02,17,18,BOL13-02_18,0.4469,0.276795704,NA,NA,NA,NA,NA,NA,NA,NA,NA,NA,NA,NA,NA,NA,NA,NA,NA,NA
Brown_et_al_2026,Bolinas Lagoon,BOL13-02,18,19,BOL13-02_19,0.5667,0.172401623,NA,NA,NA,NA,NA,NA,NA,NA,NA,NA,NA,NA,NA,NA,NA,NA,NA,NA
Brown_et_al_2026,Bolinas Lagoon,BOL13-02,19,20,BOL13-02_20,0.4626,0.188067445,NA,NA,NA,NA,NA,NA,NA,NA,NA,NA,NA,NA,NA,NA,NA,NA,NA,NA
Brown_et_al_2026,Bolinas Lagoon,BOL13-02,20,21,BOL13-02_21,0.4914,0.139397639,NA,NA,NA,NA,NA,NA,NA,NA,NA,NA,NA,NA,NA,NA,NA,NA,NA,NA
Brown_et_al_2026,Bolinas Lagoon,BOL13-02,21,22,BOL13-02_22,0.738,0.095799458,NA,NA,NA,NA,NA,NA,NA,NA,NA,NA,NA,NA,NA,NA,NA,NA,NA,NA
Brown_et_al_2026,Bolinas Lagoon,BOL13-02,22,23,BOL13-02_23,0.5332,0.142348087,NA,NA,NA,NA,NA,NA,NA,NA,NA,NA,NA,NA,NA,NA,NA,NA,NA,NA
Brown_et_al_2026,Bolinas Lagoon,BOL13-02,23,24,BOL13-02_24,0.4374,0.196616369,NA,NA,NA,NA,NA,NA,NA,NA,NA,NA,NA,NA,NA,NA,NA,NA,NA,NA
Brown_et_al_2026,Bolinas Lagoon,BOL13-02,24,25,BOL13-02_25,0.4207,0.18706917,NA,NA,NA,NA,NA,NA,NA,NA,NA,NA,NA,NA,NA,NA,NA,NA,NA,NA
Brown_et_al_2026,Bolinas Lagoon,BOL13-02,25,26,BOL13-02_26,0.5907,0.140172677,NA,NA,NA,NA,NA,NA,NA,NA,NA,NA,NA,NA,NA,NA,NA,NA,NA,NA
Brown_et_al_2026,Bolinas Lagoon,BOL13-02,26,27,BOL13-02_27,0.5663,0.151333216,NA,NA,NA,NA,NA,NA,NA,NA,NA,NA,NA,NA,NA,NA,NA,NA,NA,NA
Brown_et_al_2026,Bolinas Lagoon,BOL13-02,27,28,BOL13-02_28,0.3416,0.220725995,NA,NA,NA,NA,NA,NA,NA,NA,NA,NA,NA,NA,NA,NA,NA,NA,NA,NA
Brown_et_al_2026,Bolinas Lagoon,BOL13-02,28,29,BOL13-02_29,0.3634,0.229223996,NA,NA,NA,NA,NA,NA,NA,NA,NA,NA,NA,NA,NA,NA,NA,NA,NA,NA
Brown_et_al_2026,Bolinas Lagoon,BOL13-02,29,30,BOL13-02_30,0.4383,0.156285649,NA,NA,NA,NA,NA,NA,NA,NA,NA,NA,NA,NA,NA,NA,NA,NA,NA,NA
Brown_et_al_2026,Bolinas Lagoon,BOL13-02,30,31,BOL13-02_31,0.5138,0.139937719,NA,NA,NA,NA,NA,NA,NA,NA,NA,NA,NA,NA,NA,NA,NA,NA,NA,NA
Brown_et_al_2026,Bolinas Lagoon,BOL13-02,31,32,BOL13-02_32,0.5,0.1708,NA,NA,NA,NA,NA,NA,NA,NA,NA,NA,NA,NA,NA,NA,NA,NA,NA,NA
Brown_et_al_2026,Bolinas Lagoon,BOL13-02,32,33,BOL13-02_33,0.4703,0.183287263,NA,NA,NA,NA,NA,NA,NA,NA,NA,NA,NA,NA,NA,NA,NA,NA,NA,NA
Brown_et_al_2026,Bolinas Lagoon,BOL13-02,33,34,BOL13-02_34,0.3956,0.210060667,NA,NA,NA,NA,NA,NA,NA,NA,NA,NA,NA,NA,NA,NA,NA,NA,NA,NA
Brown_et_al_2026,Bolinas Lagoon,BOL13-02,34,35,BOL13-02_35,0.4175,0.188742515,NA,NA,NA,NA,NA,NA,NA,NA,NA,NA,NA,NA,NA,NA,NA,NA,NA,NA
Brown_et_al_2026,Bolinas Lagoon,BOL13-02,35,36,BOL13-02_36,0.4616,0.178076256,NA,NA,NA,NA,NA,NA,NA,NA,NA,NA,NA,NA,NA,NA,NA,NA,NA,NA
Brown_et_al_2026,Bolinas Lagoon,BOL13-02,36,37,BOL13-02_37,0.5052,0.18824228,NA,NA,NA,NA,NA,NA,NA,NA,NA,NA,NA,NA,NA,NA,NA,NA,NA,NA
Brown_et_al_2026,Bolinas Lagoon,BOL13-02,37,38,BOL13-02_38,0.5542,0.158426561,NA,NA,NA,NA,NA,NA,NA,NA,NA,NA,NA,NA,NA,NA,NA,NA,NA,NA
Brown_et_al_2026,Bolinas Lagoon,BOL13-02,38,39,BOL13-02_39,0.5929,0.136953955,NA,NA,NA,NA,NA,NA,NA,NA,NA,NA,NA,NA,NA,NA,NA,NA,NA,NA
Brown_et_al_2026,Bolinas Lagoon,BOL13-02,39,40,BOL13-02_40,0.5649,0.141617986,NA,NA,NA,NA,NA,NA,NA,NA,NA,NA,NA,NA,NA,NA,NA,NA,NA,NA
Brown_et_al_2026,Bolinas Lagoon,BOL13-02,40,41,BOL13-02_41,0.7814,0.082928078,NA,NA,NA,NA,NA,NA,NA,NA,NA,NA,NA,NA,NA,NA,NA,NA,NA,NA
Brown_et_al_2026,Bolinas Lagoon,BOL13-02,41,42,BOL13-02_42,0.4261,0.165688805,NA,NA,NA,NA,NA,NA,NA,NA,NA,NA,NA,NA,NA,NA,NA,NA,NA,NA
Brown_et_al_2026,Bolinas Lagoon,BOL13-02,42,43,BOL13-02_43,0.5319,0.139875917,NA,NA,NA,NA,NA,NA,NA,NA,NA,NA,NA,NA,NA,NA,NA,NA,NA,NA
Brown_et_al_2026,Bolinas Lagoon,BOL13-02,43,44,BOL13-02_44,0.7188,0.096828047,NA,NA,NA,NA,NA,NA,NA,NA,NA,NA,NA,NA,NA,NA,NA,NA,NA,NA
Brown_et_al_2026,Bolinas Lagoon,BOL13-02,44,45,BOL13-02_45,0.6883,0.102135697,NA,NA,NA,NA,NA,NA,NA,NA,NA,NA,NA,NA,NA,NA,NA,NA,NA,NA
Brown_et_al_2026,Bolinas Lagoon,BOL13-02,45,46,BOL13-02_46,0.7238,0.085935341,NA,NA,NA,NA,NA,NA,NA,NA,NA,NA,NA,NA,NA,NA,NA,NA,NA,NA
Brown_et_al_2026,Bolinas Lagoon,BOL13-02,46,47,BOL13-02_47,0.7143,0.081758365,NA,NA,NA,NA,NA,NA,NA,NA,NA,NA,NA,NA,NA,NA,NA,NA,NA,NA
Brown_et_al_2026,Bolinas Lagoon,BOL13-02,47,48,BOL13-02_48,0.6617,0.092640169,NA,NA,NA,NA,NA,NA,NA,NA,NA,NA,NA,NA,NA,NA,NA,NA,NA,NA
Brown_et_al_2026,Bolinas Lagoon,BOL13-02,48,49,BOL13-02_49,0.744,0.098387097,NA,NA,NA,NA,NA,NA,NA,NA,NA,NA,NA,NA,NA,NA,NA,NA,NA,NA
Brown_et_al_2026,Bolinas Lagoon,BOL13-02,50,51,BOL13-02_51,0.5453,0.137722355,NA,NA,NA,NA,NA,NA,NA,NA,NA,NA,NA,NA,NA,NA,NA,NA,NA,NA
Brown_et_al_2026,Bolinas Lagoon,BOL13-02,51,52,BOL13-02_52,0.6442,0.106954362,NA,NA,NA,NA,NA,NA,NA,NA,NA,NA,NA,NA,NA,NA,NA,NA,NA,NA
Brown_et_al_2026,Bolinas Lagoon,BOL13-02,52,53,BOL13-02_53,0.8054,0.08269183,NA,NA,NA,NA,NA,NA,NA,NA,NA,NA,NA,NA,NA,NA,NA,NA,NA,NA
Brown_et_al_2026,Bolinas Lagoon,BOL13-02,53,54,BOL13-02_54,0.8161,0.071192256,NA,NA,NA,NA,NA,NA,NA,NA,NA,NA,NA,NA,NA,NA,NA,NA,NA,NA
Brown_et_al_2026,Bolinas Lagoon,BOL13-02,54,55,BOL13-02_55,0.7787,0.077436754,NA,NA,NA,NA,NA,NA,NA,NA,NA,NA,NA,NA,NA,NA,NA,NA,NA,NA
Brown_et_al_2026,Bolinas Lagoon,BOL13-02,55,56,BOL13-02_56,0.7491,0.077426245,NA,NA,NA,NA,NA,NA,NA,NA,NA,NA,NA,NA,NA,NA,NA,NA,NA,NA
Brown_et_al_2026,Bolinas Lagoon,BOL13-02,56,57,BOL13-02_57,0.7015,0.088809694,NA,NA,NA,NA,NA,NA,NA,NA,NA,NA,NA,NA,NA,NA,NA,NA,NA,NA
Brown_et_al_2026,Bolinas Lagoon,BOL13-02,57,58,BOL13-02_58,0.7415,0.084288604,NA,NA,NA,NA,NA,NA,NA,NA,NA,NA,NA,NA,NA,NA,NA,NA,NA,NA
Brown_et_al_2026,Bolinas Lagoon,BOL13-02,58,59,BOL13-02_59,0.7757,0.073095269,NA,NA,NA,NA,NA,NA,NA,NA,NA,NA,NA,NA,NA,NA,NA,NA,NA,NA
Brown_et_al_2026,Bolinas Lagoon,BOL13-02,59,60,BOL13-02_60,0.7294,0.077460927,NA,NA,NA,NA,NA,NA,NA,NA,NA,NA,NA,NA,NA,NA,NA,NA,NA,NA
Brown_et_al_2026,Bolinas Lagoon,BOL13-02,60,61,BOL13-02_61,0.8423,0.069452689,NA,NA,NA,NA,NA,NA,NA,NA,NA,NA,NA,NA,NA,NA,NA,NA,NA,NA
Brown_et_al_2026,Bolinas Lagoon,BOL13-02,61,62,BOL13-02_62,0.9489,0.062071873,NA,NA,NA,NA,NA,NA,NA,NA,NA,NA,NA,NA,NA,NA,NA,NA,NA,NA
Brown_et_al_2026,Bolinas Lagoon,BOL13-02,62,63,BOL13-02_63,0.9277,0.071359276,NA,NA,NA,NA,NA,NA,NA,NA,NA,NA,NA,NA,NA,NA,NA,NA,NA,NA
Brown_et_al_2026,Bolinas Lagoon,BOL13-02,63,64,BOL13-02_64,0.8839,0.059508994,NA,NA,NA,NA,NA,NA,NA,NA,NA,NA,NA,NA,NA,NA,NA,NA,NA,NA
Brown_et_al_2026,Bolinas Lagoon,BOL13-02,64,65,BOL13-02_65,0.9114,0.061882818,NA,NA,NA,NA,NA,NA,NA,NA,NA,NA,NA,NA,NA,NA,NA,NA,NA,NA
Brown_et_al_2026,Bolinas Lagoon,BOL13-02,65,66,BOL13-02_66,0.7978,0.064928554,NA,NA,NA,NA,NA,NA,NA,NA,NA,NA,NA,NA,NA,NA,NA,NA,NA,NA
Brown_et_al_2026,Bolinas Lagoon,BOL13-02,66,67,BOL13-02_67,0.9393,0.056424997,NA,NA,NA,NA,NA,NA,NA,NA,NA,NA,NA,NA,NA,NA,NA,NA,NA,NA
Brown_et_al_2026,Bolinas Lagoon,BOL13-02,67,68,BOL13-02_68,0.991,0.053279516,NA,NA,NA,NA,NA,NA,NA,NA,NA,NA,NA,NA,NA,NA,NA,NA,NA,NA
Brown_et_al_2026,Bolinas Lagoon,BOL13-02,68,69,BOL13-02_69,1.0798,0.050750139,NA,NA,NA,NA,NA,NA,NA,NA,NA,NA,NA,NA,NA,NA,NA,NA,NA,NA
Brown_et_al_2026,Bolinas Lagoon,BOL13-02,69,70,BOL13-02_70,0.8268,0.065553943,NA,NA,NA,NA,NA,NA,NA,NA,NA,NA,NA,NA,NA,NA,NA,NA,NA,NA
Brown_et_al_2026,Bolinas Lagoon,BOL13-02,70,71,BOL13-02_71,0.8228,0.070491006,NA,NA,NA,NA,NA,NA,NA,NA,NA,NA,NA,NA,NA,NA,NA,NA,NA,NA
Brown_et_al_2026,Bolinas Lagoon,BOL13-02,71,72,BOL13-02_72,0.8373,0.067359369,NA,NA,NA,NA,NA,NA,NA,NA,NA,NA,NA,NA,NA,NA,NA,NA,NA,NA
Brown_et_al_2026,Bolinas Lagoon,BOL13-02,72,73,BOL13-02_73,0.7685,0.061678595,NA,NA,NA,NA,NA,NA,NA,NA,NA,NA,NA,NA,NA,NA,NA,NA,NA,NA
Brown_et_al_2026,Bolinas Lagoon,BOL13-02,73,74,BOL13-02_74,0.8905,0.057158899,NA,NA,NA,NA,NA,NA,NA,NA,NA,NA,NA,NA,NA,NA,NA,NA,NA,NA
Brown_et_al_2026,Bolinas Lagoon,BOL13-02,74,75,BOL13-02_75,1.0179,0.05118381,NA,NA,NA,NA,NA,NA,NA,NA,NA,NA,NA,NA,NA,NA,NA,NA,NA,NA
Brown_et_al_2026,Bolinas Lagoon,BOL13-02,75,76,BOL13-02_76,0.8855,0.068774704,NA,NA,NA,NA,NA,NA,NA,NA,NA,NA,NA,NA,NA,NA,NA,NA,NA,NA
Brown_et_al_2026,Bolinas Lagoon,BOL13-02,76,77,BOL13-02_77,1.0549,0.049672955,NA,NA,NA,NA,NA,NA,NA,NA,NA,NA,NA,NA,NA,NA,NA,NA,NA,NA
Brown_et_al_2026,Bolinas Lagoon,BOL13-02,77,78,BOL13-02_78,1.0669,0.044052863,NA,NA,NA,NA,NA,NA,NA,NA,NA,NA,NA,NA,NA,NA,NA,NA,NA,NA
Brown_et_al_2026,Bolinas Lagoon,BOL13-02,78,79,BOL13-02_79,0.9798,0.04531537,NA,NA,NA,NA,NA,NA,NA,NA,NA,NA,NA,NA,NA,NA,NA,NA,NA,NA
Brown_et_al_2026,Bolinas Lagoon,BOL13-02,79,80,BOL13-02_80,1.0333,0.046453111,NA,NA,NA,NA,NA,NA,NA,NA,NA,NA,NA,NA,NA,NA,NA,NA,NA,NA
Brown_et_al_2026,Bolinas Lagoon,BOL13-02,80,81,BOL13-02_81,1.1627,0.057366475,NA,NA,NA,NA,NA,NA,NA,NA,NA,NA,NA,NA,NA,NA,NA,NA,NA,NA
Brown_et_al_2026,Bolinas Lagoon,BOL13-02,81,82,BOL13-02_82,1.2653,0.055480914,NA,NA,NA,NA,NA,NA,NA,NA,NA,NA,NA,NA,NA,NA,NA,NA,NA,NA
Brown_et_al_2026,Bolinas Lagoon,BOL13-02,82,83,BOL13-02_83,1.0574,0.055324381,NA,NA,NA,NA,NA,NA,NA,NA,NA,NA,NA,NA,NA,NA,NA,NA,NA,NA
Brown_et_al_2026,Bolinas Lagoon,BOL13-02,83,84,BOL13-02_84,1.0981,0.05545943,NA,NA,NA,NA,NA,NA,NA,NA,NA,NA,NA,NA,NA,NA,NA,NA,NA,NA
Brown_et_al_2026,Bolinas Lagoon,BOL13-02,84,85,BOL13-02_85,1.0051,0.060889464,NA,NA,NA,NA,NA,NA,NA,NA,NA,NA,NA,NA,NA,NA,NA,NA,NA,NA
Brown_et_al_2026,Bolinas Lagoon,BOL13-02,85,86,BOL13-02_86,0.9404,0.056997023,NA,NA,NA,NA,NA,NA,NA,NA,NA,NA,NA,NA,NA,NA,NA,NA,NA,NA
Brown_et_al_2026,Bolinas Lagoon,BOL13-02,86,87,BOL13-02_87,1.1173,0.060413497,NA,NA,NA,NA,NA,NA,NA,NA,NA,NA,NA,NA,NA,NA,NA,NA,NA,NA
Brown_et_al_2026,Bolinas Lagoon,BOL13-02,87,88,BOL13-02_88,1.0681,0.05271042,NA,NA,NA,NA,NA,NA,NA,NA,NA,NA,NA,NA,NA,NA,NA,NA,NA,NA
Brown_et_al_2026,Bolinas Lagoon,BOL13-02,88,89,BOL13-02_89,1.3984,0.049413616,NA,NA,NA,NA,NA,NA,NA,NA,NA,NA,NA,NA,NA,NA,NA,NA,NA,NA
Brown_et_al_2026,Bolinas Lagoon,BOL13-02,89,90,BOL13-02_90,1.3385,0.051849085,NA,NA,NA,NA,NA,NA,NA,NA,NA,NA,NA,NA,NA,NA,NA,NA,NA,NA
Brown_et_al_2026,Bolinas Lagoon,BOL13-02,90,91,BOL13-02_91,1.1438,0.055516699,NA,NA,NA,NA,NA,NA,NA,NA,NA,NA,NA,NA,NA,NA,NA,NA,NA,NA
Brown_et_al_2026,Bolinas Lagoon,BOL13-02,91,92,BOL13-02_92,1.3029,0.051807506,NA,NA,NA,NA,NA,NA,NA,NA,NA,NA,NA,NA,NA,NA,NA,NA,NA,NA
Brown_et_al_2026,Bolinas Lagoon,BOL13-02,92,93,BOL13-02_93,1.0395,0.056758057,NA,NA,NA,NA,NA,NA,NA,NA,NA,NA,NA,NA,NA,NA,NA,NA,NA,NA
Brown_et_al_2026,Bolinas Lagoon,BOL13-02,93,94,BOL13-02_94,1.0243,0.058478961,NA,NA,NA,NA,NA,NA,NA,NA,NA,NA,NA,NA,NA,NA,NA,NA,NA,NA
Brown_et_al_2026,Bolinas Lagoon,BOL13-02,94,95,BOL13-02_95,1.1438,0.052369295,NA,NA,NA,NA,NA,NA,NA,NA,NA,NA,NA,NA,NA,NA,NA,NA,NA,NA
Brown_et_al_2026,Bolinas Lagoon,BOL13-02,95,96,BOL13-02_96,0.9801,0.057137027,NA,NA,NA,NA,NA,NA,NA,NA,-3205,25,terrestrial,BOL13-02 96cm .19mgC,1.4916,0.0038,491.6,3.8,NA,NA
Brown_et_al_2026,Bolinas Lagoon,BOL13-02,96,97,BOL13-02_97,1.2649,0.053680133,NA,NA,NA,NA,NA,NA,NA,NA,NA,NA,NA,NA,NA,NA,NA,NA,NA,NA
Brown_et_al_2026,Bolinas Lagoon,BOL13-02,97,98,BOL13-02_98,0.852,0.061032864,NA,NA,NA,NA,NA,NA,NA,NA,NA,NA,NA,NA,NA,NA,NA,NA,NA,NA
Brown_et_al_2026,Bolinas Lagoon,BOL13-02,98,99,BOL13-02_99,1.1469,0.058679920000000003,NA,NA,NA,NA,NA,NA,NA,NA,NA,NA,NA,NA,NA,NA,NA,NA,NA,NA
Brown_et_al_2026,Bolinas Lagoon,BOL13-02,175,176,BOL13-02_176,NA,NA,NA,NA,NA,NA,NA,NA,NA,NA,3365,20,marine,BOL13-02 176cm,0.6578,0.0015,-342.2,1.5,NA,NA
Brown_et_al_2026,Bolinas Lagoon,BOL13-03,54,55,BOL13-03_55,NA,NA,NA,NA,NA,NA,NA,NA,NA,NA,430,20,marine,BOL13-03 55cm,0.9479,0.0022,-52.1,2.2,NA,NA
Brown_et_al_2026,Bolinas Lagoon,BOL13-03,96,97,BOL13-03_97,NA,NA,NA,NA,NA,NA,NA,NA,NA,NA,695,20,marine,BOL13-03 97cm,0.9173,0.002,-82.7,2,NA,NA
Brown_et_al_2026,Bolinas Lagoon,BOL13-04,0,1,BOL13-04_1,0.2511,0.326563122,NA,NA,NA,NA,NA,NA,NA,NA,NA,NA,NA,NA,NA,NA,NA,NA,NA,NA
Brown_et_al_2026,Bolinas Lagoon,BOL13-04,1,2,BOL13-04_2,0.2356,0.351443124,NA,NA,NA,NA,NA,NA,NA,NA,NA,NA,NA,NA,NA,NA,NA,NA,NA,NA
Brown_et_al_2026,Bolinas Lagoon,BOL13-04,2,3,BOL13-04_3,0.2127,0.352139163,NA,NA,NA,NA,NA,NA,NA,NA,NA,NA,NA,NA,NA,NA,NA,NA,NA,NA
Brown_et_al_2026,Bolinas Lagoon,BOL13-04,3,4,BOL13-04_4,0.2318,0.332614323,NA,NA,NA,NA,NA,NA,NA,NA,NA,NA,NA,NA,NA,NA,NA,NA,NA,NA
Brown_et_al_2026,Bolinas Lagoon,BOL13-04,4,5,BOL13-04_5,0.1651,0.373712901,NA,NA,NA,NA,NA,NA,NA,NA,NA,NA,NA,NA,NA,NA,NA,NA,NA,NA
Brown_et_al_2026,Bolinas Lagoon,BOL13-04,5,6,BOL13-04_6,0.2462,0.259951259,NA,NA,NA,NA,NA,NA,NA,NA,NA,NA,NA,NA,NA,NA,NA,NA,NA,NA
Brown_et_al_2026,Bolinas Lagoon,BOL13-04,6,7,BOL13-04_7,0.1881,0.290802765,NA,NA,NA,NA,NA,NA,NA,NA,NA,NA,NA,NA,NA,NA,NA,NA,NA,NA
Brown_et_al_2026,Bolinas Lagoon,BOL13-04,7,8,BOL13-04_8,0.2118,0.260151086,NA,NA,NA,NA,NA,NA,NA,NA,NA,NA,NA,NA,NA,NA,NA,NA,NA,NA
Brown_et_al_2026,Bolinas Lagoon,BOL13-04,8,9,BOL13-04_9,0.2657,0.228076778,NA,NA,NA,NA,NA,NA,NA,NA,NA,NA,NA,NA,NA,NA,NA,NA,NA,NA
Brown_et_al_2026,Bolinas Lagoon,BOL13-04,9,10,BOL13-04_10,0.3451,0.151260504,NA,NA,NA,NA,NA,NA,NA,NA,NA,NA,NA,NA,NA,NA,NA,NA,NA,NA
Brown_et_al_2026,Bolinas Lagoon,BOL13-04,10,11,BOL13-04_11,0.6422,0.109156026,NA,NA,NA,NA,NA,NA,NA,NA,NA,NA,NA,NA,NA,NA,NA,NA,NA,NA
Brown_et_al_2026,Bolinas Lagoon,BOL13-04,11,12,BOL13-04_12,0.5892,0.128479294,NA,NA,NA,NA,NA,NA,NA,NA,NA,NA,NA,NA,NA,NA,NA,NA,NA,NA
Brown_et_al_2026,Bolinas Lagoon,BOL13-04,12,13,BOL13-04_13,0.8224,0.109314202,NA,NA,NA,NA,NA,NA,NA,NA,NA,NA,NA,NA,NA,NA,NA,NA,NA,NA
Brown_et_al_2026,Bolinas Lagoon,BOL13-04,13,14,BOL13-04_14,0.7462,0.070490485,NA,NA,NA,NA,NA,NA,NA,NA,NA,NA,NA,NA,NA,NA,NA,NA,NA,NA
Brown_et_al_2026,Bolinas Lagoon,BOL13-04,14,15,BOL13-04_15,0.6083,0.096498438,NA,NA,NA,NA,NA,NA,NA,NA,NA,NA,NA,NA,NA,NA,NA,NA,NA,NA
Brown_et_al_2026,Bolinas Lagoon,BOL13-04,15,16,BOL13-04_16,0.8232,0.093658892,NA,NA,NA,NA,NA,NA,NA,NA,NA,NA,NA,NA,NA,NA,NA,NA,NA,NA
Brown_et_al_2026,Bolinas Lagoon,BOL13-04,16,17,BOL13-04_17,0.2222,0.257425743,NA,NA,NA,NA,NA,NA,NA,NA,NA,NA,NA,NA,NA,NA,NA,NA,NA,NA
Brown_et_al_2026,Bolinas Lagoon,BOL13-04,17,18,BOL13-04_18,0.3504,0.213184931,NA,NA,NA,NA,NA,NA,NA,NA,NA,NA,NA,NA,NA,NA,NA,NA,NA,NA
Brown_et_al_2026,Bolinas Lagoon,BOL13-04,18,19,BOL13-04_19,0.3783,0.15728258,NA,NA,NA,NA,NA,NA,NA,NA,NA,NA,NA,NA,NA,NA,NA,NA,NA,NA
Brown_et_al_2026,Bolinas Lagoon,BOL13-04,19,20,BOL13-04_20,0.3241,0.187904968,NA,NA,NA,NA,NA,NA,NA,NA,NA,NA,NA,NA,NA,NA,NA,NA,NA,NA
Brown_et_al_2026,Bolinas Lagoon,BOL13-04,20,21,BOL13-04_21,0.7217,0.108493834,NA,NA,NA,NA,NA,NA,NA,NA,NA,NA,NA,NA,NA,NA,NA,NA,NA,NA
Brown_et_al_2026,Bolinas Lagoon,BOL13-04,21,22,BOL13-04_22,0.3508,0.193557583,NA,NA,NA,NA,NA,NA,NA,NA,NA,NA,NA,NA,NA,NA,NA,NA,NA,NA
Brown_et_al_2026,Bolinas Lagoon,BOL13-04,22,23,BOL13-04_23,0.4235,0.161038961,NA,NA,NA,NA,NA,NA,NA,NA,NA,NA,NA,NA,NA,NA,NA,NA,NA,NA
Brown_et_al_2026,Bolinas Lagoon,BOL13-04,23,24,BOL13-04_24,0.3227,0.229315153,NA,NA,NA,NA,NA,NA,NA,NA,NA,NA,NA,NA,NA,NA,NA,NA,NA,NA
Brown_et_al_2026,Bolinas Lagoon,BOL13-04,24,25,BOL13-04_25,0.3419,0.142146827,NA,NA,NA,NA,NA,NA,NA,NA,NA,NA,NA,NA,NA,NA,NA,NA,NA,NA
Brown_et_al_2026,Bolinas Lagoon,BOL13-04,25,26,BOL13-04_26,0.3058,0.147482014,NA,NA,NA,NA,NA,NA,NA,NA,NA,NA,NA,NA,NA,NA,NA,NA,NA,NA
Brown_et_al_2026,Bolinas Lagoon,BOL13-04,26,27,BOL13-04_27,0.9223,0.074379269,NA,NA,NA,NA,NA,NA,NA,NA,NA,NA,NA,NA,NA,NA,NA,NA,NA,NA
Brown_et_al_2026,Bolinas Lagoon,BOL13-04,27,28,BOL13-04_28,0.9606,0.086404331,NA,NA,NA,NA,NA,NA,NA,NA,NA,NA,NA,NA,NA,NA,NA,NA,NA,NA
Brown_et_al_2026,Bolinas Lagoon,BOL13-04,28,29,BOL13-04_29,0.8374,0.086338667,NA,NA,NA,NA,NA,NA,NA,NA,NA,NA,NA,NA,NA,NA,NA,NA,NA,NA
Brown_et_al_2026,Bolinas Lagoon,BOL13-04,29,30,BOL13-04_30,1.059,0.047780925,NA,NA,NA,NA,NA,NA,NA,NA,NA,NA,NA,NA,NA,NA,NA,NA,NA,NA
Brown_et_al_2026,Bolinas Lagoon,BOL13-04,30,31,BOL13-04_31,0.7474,0.058870752,NA,NA,NA,NA,NA,NA,NA,NA,NA,NA,NA,NA,NA,NA,NA,NA,NA,NA
Brown_et_al_2026,Bolinas Lagoon,BOL13-04,31,32,BOL13-04_32,0.9294,0.081127609,NA,NA,NA,NA,NA,NA,NA,NA,NA,NA,NA,NA,NA,NA,NA,NA,NA,NA
Brown_et_al_2026,Bolinas Lagoon,BOL13-04,32,33,BOL13-04_33,0.734,0.092234332,NA,NA,NA,NA,NA,NA,NA,NA,NA,NA,NA,NA,NA,NA,NA,NA,NA,NA
Brown_et_al_2026,Bolinas Lagoon,BOL13-04,33,34,BOL13-04_34,0.6529,0.120998622,NA,NA,NA,NA,NA,NA,NA,NA,NA,NA,NA,NA,NA,NA,NA,NA,NA,NA
Brown_et_al_2026,Bolinas Lagoon,BOL13-04,34,35,BOL13-04_35,0.3888,0.165895062,NA,NA,NA,NA,NA,NA,NA,NA,NA,NA,NA,NA,NA,NA,NA,NA,NA,NA
Brown_et_al_2026,Bolinas Lagoon,BOL13-04,36,37,BOL13-04_37,0.3152,0.142766498,NA,NA,NA,NA,NA,NA,NA,NA,NA,NA,NA,NA,NA,NA,NA,NA,NA,NA
Brown_et_al_2026,Bolinas Lagoon,BOL13-04,37,38,BOL13-04_38,0.59,0.099152542,NA,NA,NA,NA,NA,NA,NA,NA,NA,NA,NA,NA,NA,NA,NA,NA,NA,NA
Brown_et_al_2026,Bolinas Lagoon,BOL13-04,38,39,BOL13-04_39,0.6547,0.083244234,NA,NA,NA,NA,NA,NA,NA,NA,NA,NA,NA,NA,NA,NA,NA,NA,NA,NA
Brown_et_al_2026,Bolinas Lagoon,BOL13-04,39,40,BOL13-04_40,0.4476,0.113941019,NA,NA,NA,NA,NA,NA,NA,NA,NA,NA,NA,NA,NA,NA,NA,NA,NA,NA
Brown_et_al_2026,Bolinas Lagoon,BOL13-04,40,41,BOL13-04_41,0.4861,0.11993417,NA,NA,NA,NA,NA,NA,NA,NA,NA,NA,NA,NA,NA,NA,NA,NA,NA,NA
Brown_et_al_2026,Bolinas Lagoon,BOL13-04,41,42,BOL13-04_42,0.9546,0.050806621,NA,NA,NA,NA,NA,NA,NA,NA,NA,NA,NA,NA,NA,NA,NA,NA,NA,NA
Brown_et_al_2026,Bolinas Lagoon,BOL13-04,42,43,BOL13-04_43,1.1503,0.037903156,NA,NA,NA,NA,NA,NA,NA,NA,NA,NA,NA,NA,NA,NA,NA,NA,NA,NA
Brown_et_al_2026,Bolinas Lagoon,BOL13-04,43,44,BOL13-04_44,1.1099,0.039913506,NA,NA,NA,NA,NA,NA,NA,NA,NA,NA,NA,NA,NA,NA,NA,NA,NA,NA
Brown_et_al_2026,Bolinas Lagoon,BOL13-04,44,45,BOL13-04_45,1.1498,0.037049922,NA,NA,NA,NA,NA,NA,NA,NA,NA,NA,NA,NA,NA,NA,NA,NA,NA,NA
Brown_et_al_2026,Bolinas Lagoon,BOL13-04,45,46,BOL13-04_46,1.04,0.610961539,NA,NA,NA,NA,NA,NA,NA,NA,NA,NA,NA,NA,NA,NA,NA,NA,NA,NA
Brown_et_al_2026,Bolinas Lagoon,BOL13-04,46,47,BOL13-04_47,1.1361,0.032391515,NA,NA,NA,NA,NA,NA,NA,NA,NA,NA,NA,NA,NA,NA,NA,NA,NA,NA
Brown_et_al_2026,Bolinas Lagoon,BOL13-04,47,48,BOL13-04_48,1.102,0.035571688,NA,NA,NA,NA,NA,NA,NA,NA,NA,NA,NA,NA,NA,NA,NA,NA,NA,NA
Brown_et_al_2026,Bolinas Lagoon,BOL13-04,48,49,BOL13-04_49,1.2275,0.030305499,NA,NA,NA,NA,NA,NA,NA,NA,NA,NA,NA,NA,NA,NA,NA,NA,NA,NA
Brown_et_al_2026,Bolinas Lagoon,BOL13-04,49,50,BOL13-04_50,1.7349,0.03008819,NA,NA,NA,NA,NA,NA,NA,NA,NA,NA,NA,NA,NA,NA,NA,NA,NA,NA
Brown_et_al_2026,Bolinas Lagoon,BOL13-04,54,55,BOL13-04_55,1.2034,0.024763171,NA,NA,NA,NA,NA,NA,NA,NA,NA,NA,NA,NA,NA,NA,NA,NA,NA,NA
Brown_et_al_2026,Bolinas Lagoon,BOL13-04,55,56,BOL13-04_56,1.0449,0.02507417,NA,NA,NA,NA,NA,NA,NA,NA,NA,NA,NA,NA,NA,NA,NA,NA,NA,NA
Brown_et_al_2026,Bolinas Lagoon,BOL13-04,56,57,BOL13-04_57,1.2082,0.027809965,NA,NA,NA,NA,NA,NA,NA,NA,NA,NA,NA,NA,NA,NA,NA,NA,NA,NA
Brown_et_al_2026,Bolinas Lagoon,BOL13-04,57,58,BOL13-04_58,1.111,0.032673267,NA,NA,NA,NA,NA,NA,NA,NA,NA,NA,NA,NA,NA,NA,NA,NA,NA,NA
Brown_et_al_2026,Bolinas Lagoon,BOL13-04,58,59,BOL13-04_59,1.3007,0.028061813,NA,NA,NA,NA,NA,NA,NA,NA,NA,NA,NA,NA,NA,NA,NA,NA,NA,NA
Brown_et_al_2026,Bolinas Lagoon,BOL13-04,59,60,BOL13-04_60,1.2841,0.02873608,NA,NA,NA,NA,NA,NA,NA,NA,NA,NA,NA,NA,NA,NA,NA,NA,NA,NA
Brown_et_al_2026,Bolinas Lagoon,BOL13-04,60,61,BOL13-04_61,1.2233,0.028774626,NA,NA,NA,NA,NA,NA,NA,NA,NA,NA,NA,NA,NA,NA,NA,NA,NA,NA
Brown_et_al_2026,Bolinas Lagoon,BOL13-04,61,62,BOL13-04_62,1.113,0.032075472,NA,NA,NA,NA,NA,NA,NA,NA,NA,NA,NA,NA,NA,NA,NA,NA,NA,NA
Brown_et_al_2026,Bolinas Lagoon,BOL13-04,62,63,BOL13-04_63,1.1835,0.03878327,NA,NA,NA,NA,NA,NA,NA,NA,NA,NA,NA,NA,NA,NA,NA,NA,NA,NA
Brown_et_al_2026,Bolinas Lagoon,BOL13-04,63,64,BOL13-04_64,1.2181,0.026845087,NA,NA,NA,NA,NA,NA,NA,NA,NA,NA,NA,NA,NA,NA,NA,NA,NA,NA
Brown_et_al_2026,Bolinas Lagoon,BOL13-04,64,65,BOL13-04_65,0.8517,0.034519197,NA,NA,NA,NA,NA,NA,NA,NA,NA,NA,NA,NA,NA,NA,NA,NA,NA,NA
Brown_et_al_2026,Bolinas Lagoon,BOL13-04,65,66,BOL13-04_66,0.9812,0.033224623,NA,NA,NA,NA,NA,NA,NA,NA,NA,NA,NA,NA,NA,NA,NA,NA,NA,NA
Brown_et_al_2026,Bolinas Lagoon,BOL13-04,66,67,BOL13-04_67,1.1419,0.032402137,NA,NA,NA,NA,NA,NA,NA,NA,NA,NA,NA,NA,NA,NA,NA,NA,NA,NA
Brown_et_al_2026,Bolinas Lagoon,BOL13-04,67,68,BOL13-04_68,0.8557,0.038915508,NA,NA,NA,NA,NA,NA,NA,NA,NA,NA,NA,NA,NA,NA,NA,NA,NA,NA
Brown_et_al_2026,Bolinas Lagoon,BOL13-04,68,69,BOL13-04_69,1.1081,0.029329483,NA,NA,NA,NA,NA,NA,NA,NA,NA,NA,NA,NA,NA,NA,NA,NA,NA,NA
Brown_et_al_2026,Bolinas Lagoon,BOL13-04,69,70,BOL13-04_70,1.2758,0.029628468,NA,NA,NA,NA,NA,NA,NA,NA,NA,NA,NA,NA,NA,NA,NA,NA,NA,NA
Brown_et_al_2026,Bolinas Lagoon,BOL13-04,70,71,BOL13-04_71,1.164,0.032044674,NA,NA,NA,NA,NA,NA,NA,NA,NA,NA,NA,NA,NA,NA,NA,NA,NA,NA
Brown_et_al_2026,Bolinas Lagoon,BOL13-04,71,72,BOL13-04_72,1.0528,0.036759119,NA,NA,NA,NA,NA,NA,NA,NA,NA,NA,NA,NA,NA,NA,NA,NA,NA,NA
Brown_et_al_2026,Bolinas Lagoon,BOL13-04,72,73,BOL13-04_73,1.0333,0.037356044,NA,NA,NA,NA,NA,NA,NA,NA,NA,NA,NA,NA,NA,NA,NA,NA,NA,NA
Brown_et_al_2026,Bolinas Lagoon,BOL13-04,73,74,BOL13-04_74,1.2132,0.030992417,NA,NA,NA,NA,NA,NA,NA,NA,NA,NA,NA,NA,NA,NA,NA,NA,NA,NA
Brown_et_al_2026,Bolinas Lagoon,BOL13-04,74,75,BOL13-04_75,1.243,0.036041834,NA,NA,NA,NA,NA,NA,NA,NA,NA,NA,NA,NA,NA,NA,NA,NA,NA,NA
Brown_et_al_2026,Bolinas Lagoon,BOL13-04,75,76,BOL13-04_76,0.947,0.03843717,NA,NA,NA,NA,NA,NA,NA,NA,NA,NA,NA,NA,NA,NA,NA,NA,NA,NA
Brown_et_al_2026,Bolinas Lagoon,BOL13-04,76,77,BOL13-04_77,1.0357,0.036690161,NA,NA,NA,NA,NA,NA,NA,NA,NA,NA,NA,NA,NA,NA,NA,NA,NA,NA
Brown_et_al_2026,Bolinas Lagoon,BOL13-04,77,78,BOL13-04_78,1.275,0.034745098,NA,NA,NA,NA,NA,NA,NA,NA,NA,NA,NA,NA,NA,NA,NA,NA,NA,NA
Brown_et_al_2026,Bolinas Lagoon,BOL13-04,78,79,BOL13-04_79,1.1701,0.035467054,NA,NA,NA,NA,NA,NA,NA,NA,NA,NA,NA,NA,NA,NA,NA,NA,NA,NA
Brown_et_al_2026,Bolinas Lagoon,BOL13-04,79,80,BOL13-04_80,1.3007,0.033136004,NA,NA,NA,NA,NA,NA,NA,NA,NA,NA,NA,NA,NA,NA,NA,NA,NA,NA
Brown_et_al_2026,Bolinas Lagoon,BOL13-04,80,81,BOL13-04_81,1.3503,0.031178257,NA,NA,NA,NA,NA,NA,NA,NA,NA,NA,NA,NA,NA,NA,NA,NA,NA,NA
Brown_et_al_2026,Bolinas Lagoon,BOL13-04,81,82,BOL13-04_82,1.3381,0.03116359,NA,NA,NA,NA,NA,NA,NA,NA,NA,NA,NA,NA,NA,NA,NA,NA,NA,NA
Brown_et_al_2026,Bolinas Lagoon,BOL13-04,82,83,BOL13-04_83,1.236,0.029773463,NA,NA,NA,NA,NA,NA,NA,NA,NA,NA,NA,NA,NA,NA,NA,NA,NA,NA
Brown_et_al_2026,Bolinas Lagoon,BOL13-04,83,84,BOL13-04_84,1.2081,0.03145435,NA,NA,NA,NA,NA,NA,NA,NA,850,20,marine,BOL13-04 84 clam,0.8995,0.002,-100.5,2,NA,NA
Brown_et_al_2026,Bolinas Lagoon,BOL13-04,84,85,BOL13-04_85,1.291,0.033152595,NA,NA,NA,NA,NA,NA,NA,NA,NA,NA,NA,NA,NA,NA,NA,NA,NA,NA
Brown_et_al_2026,Bolinas Lagoon,BOL13-04,85,86,BOL13-04_86,1.2421,0.031076403,NA,NA,NA,NA,NA,NA,NA,NA,NA,NA,NA,NA,NA,NA,NA,NA,NA,NA
Brown_et_al_2026,Bolinas Lagoon,BOL13-04,86,87,BOL13-04_87,1.4024,0.24864518,NA,NA,NA,NA,NA,NA,NA,NA,NA,NA,NA,NA,NA,NA,NA,NA,NA,NA
Brown_et_al_2026,Bolinas Lagoon,BOL13-04,87,88,BOL13-04_88,1.1996,0.031343781,NA,NA,NA,NA,NA,NA,NA,NA,NA,NA,NA,NA,NA,NA,NA,NA,NA,NA
Brown_et_al_2026,Bolinas Lagoon,BOL13-04,88,89,BOL13-04_89,1.2532,0.032397064,NA,NA,NA,NA,NA,NA,NA,NA,NA,NA,NA,NA,NA,NA,NA,NA,NA,NA
Brown_et_al_2026,Bolinas Lagoon,BOL13-04,89,90,BOL13-04_90,1.3754,0.034389996,NA,NA,NA,NA,NA,NA,NA,NA,NA,NA,NA,NA,NA,NA,NA,NA,NA,NA
Brown_et_al_2026,Bolinas Lagoon,BOL13-04,90,91,BOL13-04_91,1.3879,0.033720009,NA,NA,NA,NA,NA,NA,NA,NA,NA,NA,NA,NA,NA,NA,NA,NA,NA,NA
Brown_et_al_2026,Bolinas Lagoon,BOL13-04,91,92,BOL13-04_92,1.437,0.031245651,NA,NA,NA,NA,NA,NA,NA,NA,NA,NA,NA,NA,NA,NA,NA,NA,NA,NA
Brown_et_al_2026,Bolinas Lagoon,BOL13-04,92,93,BOL13-04_93,1.2684,0.03508357,NA,NA,NA,NA,NA,NA,NA,NA,NA,NA,NA,NA,NA,NA,NA,NA,NA,NA
Brown_et_al_2026,Bolinas Lagoon,BOL13-04,93,94,BOL13-04_94,1.2128,0.036362137,NA,NA,NA,NA,NA,NA,NA,NA,NA,NA,NA,NA,NA,NA,NA,NA,NA,NA
Brown_et_al_2026,Bolinas Lagoon,BOL13-04,94,95,BOL13-04_95,1.3373,0.031930008,NA,NA,NA,NA,NA,NA,NA,NA,NA,NA,NA,NA,NA,NA,NA,NA,NA,NA
Brown_et_al_2026,Bolinas Lagoon,BOL13-04,96,97,BOL13-04_97,1.1085,0.036626071,NA,NA,NA,NA,NA,NA,NA,NA,NA,NA,NA,NA,NA,NA,NA,NA,NA,NA
Brown_et_al_2026,Bolinas Lagoon,BOL13-04,97,98,BOL13-04_98,1.2746,0.03616821,NA,NA,NA,NA,NA,NA,NA,NA,NA,NA,NA,NA,NA,NA,NA,NA,NA,NA
Brown_et_al_2026,Bolinas Lagoon,BOL13-04,98,99,BOL13-04_99,0.9869,0.035261931,NA,NA,NA,NA,NA,NA,NA,NA,NA,NA,NA,NA,NA,NA,NA,NA,NA,NA
Brown_et_al_2026,Bolinas Lagoon,BOL13-04,99,100,BOL13-04_100,1.1792,0.036804613,NA,NA,NA,NA,NA,NA,NA,NA,NA,NA,NA,NA,NA,NA,NA,NA,NA,NA
Brown_et_al_2026,Eureka,ERK13-01,72,73,ERK13-01_73,NA,NA,NA,NA,NA,NA,NA,NA,NA,NA,125,20,terrestrial,ERK13-01 73cm,0.9846,0.0023,-15.4,2.3,NA,NA
Brown_et_al_2026,Eureka,ERK13-01,106,107,ERK13-01_107,NA,NA,NA,NA,NA,NA,NA,NA,NA,NA,2790,60,terrestrial,ERK13-01_107 Plant .046mgC,0.7066,0.0048,-293.4,4.8,NA,NA
Brown_et_al_2026,Eureka,ERK13-01,129,130,ERK13-01_130,NA,NA,NA,NA,NA,NA,NA,NA,NA,NA,435,20,terrestrial,ERK13-01 130cm,0.9475,0.0021,-52.5,2.1,NA,NA
Brown_et_al_2026,Eureka,ERK13-01,162,163,ERK13-01_163,NA,NA,NA,NA,NA,NA,NA,NA,NA,NA,585,15,terrestrial,ERK13-01_163,0.929779327,0.001385882,-70.22067341,1.38588156,NA,NA
Brown_et_al_2026,Eureka,ERK13-01,264,265,ERK13-01_265,NA,NA,NA,NA,NA,NA,NA,NA,NA,NA,5760,260,terrestrial,ERK13-01_265 .013mgC,0.488000843,0.015365337,-511.9991574,15.36533742,NA,NA
Brown_et_al_2026,Eureka,ERK13-01,271,272,ERK13-01_272,NA,NA,NA,NA,NA,NA,NA,NA,NA,NA,1760,20,marine,ERK13-01 272cm,0.8031,0.0018,-196.9,1.8,NA,NA
Brown_et_al_2026,Eureka,ERK13-01,388,389,ERK13-01_389,NA,NA,NA,NA,NA,NA,NA,NA,NA,NA,1740,20,marine,ERK13-01 389cm,0.8054,0.0018,-194.6,1.8,NA,NA
Brown_et_al_2026,Hookton Slough,HKS16-01,0,1,HKS16-01_1,0.3624,0.252207506,NA,NA,NA,NA,NA,NA,NA,NA,NA,NA,NA,NA,NA,NA,NA,NA,NA,NA
Brown_et_al_2026,Hookton Slough,HKS16-01,1,2,HKS16-01_2,0.2919,0.274409044,7.850204833,1.559415636,58.96934975,14.75805559,73.61214931,14.0601538,15.80546724,3.407116514,NA,NA,NA,NA,NA,NA,NA,NA,NA,NA
Brown_et_al_2026,Hookton Slough,HKS16-01,2,3,HKS16-01_3,0.303,0.26369637,NA,NA,NA,NA,NA,NA,NA,NA,NA,NA,NA,NA,NA,NA,NA,NA,NA,NA
Brown_et_al_2026,Hookton Slough,HKS16-01,3,4,HKS16-01_4,0.3184,0.228957286,6.885192711,1.403116201,57.79581523,10.48675843,71.83512988,9.894308997,15.18366561,2.786214826,NA,NA,NA,NA,NA,NA,NA,NA,NA,NA
Brown_et_al_2026,Hookton Slough,HKS16-01,4,5,HKS16-01_5,0.3521,0.247372905,NA,NA,NA,NA,NA,NA,NA,NA,NA,NA,NA,NA,NA,NA,NA,NA,NA,NA
Brown_et_al_2026,Hookton Slough,HKS16-01,5,6,HKS16-01_6,0.3977,0.210711592,NA,NA,NA,NA,NA,NA,NA,NA,NA,NA,NA,NA,NA,NA,NA,NA,NA,NA
Brown_et_al_2026,Hookton Slough,HKS16-01,6,7,HKS16-01_7,0.3341,0.19844358,NA,NA,NA,NA,NA,NA,NA,NA,NA,NA,NA,NA,NA,NA,NA,NA,NA,NA
Brown_et_al_2026,Hookton Slough,HKS16-01,7,8,HKS16-01_8,0.4205,0.176456599,6.816601339,1.594339102,51.85074586,9.336504472,63.18641034,8.866208552,12.37095325,2.261505052,NA,NA,NA,NA,NA,NA,NA,NA,NA,NA
Brown_et_al_2026,Hookton Slough,HKS16-01,8,9,HKS16-01_9,0.4066,0.197737334,NA,NA,NA,NA,NA,NA,NA,NA,NA,NA,NA,NA,NA,NA,NA,NA,NA,NA
Brown_et_al_2026,Hookton Slough,HKS16-01,9,10,HKS16-01_10,0.4238,0.174846626,NA,NA,NA,NA,NA,NA,NA,NA,NA,NA,NA,NA,NA,NA,NA,NA,NA,NA
Brown_et_al_2026,Hookton Slough,HKS16-01,10,11,HKS16-01_11,0.4319,0.141004862,NA,NA,NA,NA,NA,NA,NA,NA,NA,NA,NA,NA,NA,NA,NA,NA,NA,NA
Brown_et_al_2026,Hookton Slough,HKS16-01,11,12,HKS16-01_12,0.4966,0.148610552,NA,NA,NA,NA,NA,NA,NA,NA,NA,NA,NA,NA,NA,NA,NA,NA,NA,NA
Brown_et_al_2026,Hookton Slough,HKS16-01,12,13,HKS16-01_13,0.3897,0.159609956,NA,NA,NA,NA,NA,NA,NA,NA,NA,NA,NA,NA,NA,NA,NA,NA,NA,NA
Brown_et_al_2026,Hookton Slough,HKS16-01,13,14,HKS16-01_14,0.4208,0.196292776,NA,NA,NA,NA,NA,NA,NA,NA,NA,NA,NA,NA,NA,NA,NA,NA,NA,NA
Brown_et_al_2026,Hookton Slough,HKS16-01,14,15,HKS16-01_15,0.385,0.188311688,NA,NA,NA,NA,NA,NA,NA,NA,NA,NA,NA,NA,NA,NA,NA,NA,NA,NA
Brown_et_al_2026,Hookton Slough,HKS16-01,15,16,HKS16-01_16,0.3852,0.193925234,3.696509507,1.047195813,17.61587454,6.907677277,35.5405422,6.208769386,18.27933682,2.695394224,NA,NA,NA,NA,NA,NA,NA,NA,NA,NA
Brown_et_al_2026,Hookton Slough,HKS16-01,16,17,HKS16-01_17,0.6108,0.109692207,NA,NA,NA,NA,NA,NA,NA,NA,NA,NA,NA,NA,NA,NA,NA,NA,NA,NA
Brown_et_al_2026,Hookton Slough,HKS16-01,17,18,HKS16-01_18,0.5055,0.11988130600000001,NA,NA,NA,NA,NA,NA,NA,NA,NA,NA,NA,NA,NA,NA,NA,NA,NA,NA
Brown_et_al_2026,Hookton Slough,HKS16-01,18,19,HKS16-01_19,0.4935,0.163931104,NA,NA,NA,NA,NA,NA,NA,NA,NA,NA,NA,NA,NA,NA,NA,NA,NA,NA
Brown_et_al_2026,Hookton Slough,HKS16-01,19,20,HKS16-01_20,0.4641,0.150398621,7.671615701,1.1664112,23.62518235,6.549218875,39.16247166,6.037368737,16.01688657,2.172251011,NA,NA,NA,NA,NA,NA,NA,NA,NA,NA
Brown_et_al_2026,Hookton Slough,HKS16-01,21,22,HKS16-01_22,0.509,0.113555992,NA,NA,NA,NA,NA,NA,NA,NA,NA,NA,NA,NA,NA,NA,NA,NA,NA,NA
Brown_et_al_2026,Hookton Slough,HKS16-01,22,23,HKS16-01_23,0.5084,0.115066877,NA,NA,NA,NA,NA,NA,NA,NA,NA,NA,NA,NA,NA,NA,NA,NA,NA,NA
Brown_et_al_2026,Hookton Slough,HKS16-01,23,24,HKS16-01_24,0.53,0.117924528,NA,NA,NA,NA,NA,NA,NA,NA,NA,NA,NA,NA,NA,NA,NA,NA,NA,NA
Brown_et_al_2026,Hookton Slough,HKS16-01,24,25,HKS16-01_25,0.5901,0.11489578,NA,NA,NA,NA,NA,NA,NA,NA,NA,NA,NA,NA,NA,NA,NA,NA,NA,NA
Brown_et_al_2026,Hookton Slough,HKS16-01,25,26,HKS16-01_26,0.4129,0.137079196,NA,NA,NA,NA,NA,NA,NA,NA,NA,NA,NA,NA,NA,NA,NA,NA,NA,NA
Brown_et_al_2026,Hookton Slough,HKS16-01,26,27,HKS16-01_27,0.4362,0.163686382,NA,NA,NA,NA,NA,NA,NA,NA,NA,NA,NA,NA,NA,NA,NA,NA,NA,NA
Brown_et_al_2026,Hookton Slough,HKS16-01,27,28,HKS16-01_28,0.3806,0.173147662,43.06035125,2.443768123,5.771625951,8.18615213,24.21680328,7.492856962,18.56378622,2.853804168,NA,NA,NA,NA,NA,NA,NA,NA,NA,NA
Brown_et_al_2026,Hookton Slough,HKS16-01,28,29,HKS16-01_29,0.4099,0.174432789,NA,NA,NA,NA,NA,NA,NA,NA,NA,NA,NA,NA,NA,NA,NA,NA,NA,NA
Brown_et_al_2026,Hookton Slough,HKS16-01,29,30,HKS16-01_30,0.4105,0.153958587,NA,NA,NA,NA,NA,NA,NA,NA,NA,NA,NA,NA,NA,NA,NA,NA,NA,NA
Brown_et_al_2026,Hookton Slough,HKS16-01,30,31,HKS16-01_31,0.3917,0.167219811,NA,NA,NA,NA,NA,NA,NA,NA,NA,NA,NA,NA,NA,NA,NA,NA,NA,NA
Brown_et_al_2026,Hookton Slough,HKS16-01,31,32,HKS16-01_32,0.3583,0.180574937,NA,NA,NA,NA,NA,NA,NA,NA,NA,NA,NA,NA,NA,NA,NA,NA,NA,NA
Brown_et_al_2026,Hookton Slough,HKS16-01,32,33,HKS16-01_33,0.4106,0.14125669800000001,NA,NA,NA,NA,NA,NA,NA,NA,NA,NA,NA,NA,NA,NA,NA,NA,NA,NA
Brown_et_al_2026,Hookton Slough,HKS16-01,33,34,HKS16-01_34,0.4301,0.125784701,2.668260372,0.834577842,23.3936772,8.99406788,39.89653269,8.419578011,16.98750302,2.585912985,NA,NA,NA,NA,NA,NA,NA,NA,NA,NA
Brown_et_al_2026,Hookton Slough,HKS16-01,34,35,HKS16-01_35,0.3878,0.162970603,NA,NA,NA,NA,NA,NA,NA,NA,NA,NA,NA,NA,NA,NA,NA,NA,NA,NA
Brown_et_al_2026,Hookton Slough,HKS16-01,35,36,HKS16-01_36,0.4094,0.161211529,NA,NA,NA,NA,NA,NA,NA,NA,NA,NA,NA,NA,NA,NA,NA,NA,NA,NA
Brown_et_al_2026,Hookton Slough,HKS16-01,36,37,HKS16-01_37,0.3562,0.165637282,NA,NA,NA,NA,NA,NA,NA,NA,NA,NA,NA,NA,NA,NA,NA,NA,NA,NA
Brown_et_al_2026,Hookton Slough,HKS16-01,37,38,HKS16-01_38,0.4532,0.139673433,-0.777415901,0.67969054,-6.776967667,7.204935598,14.05907812,6.445149419,20.69451769,2.868029854,NA,NA,NA,NA,NA,NA,NA,NA,NA,NA
Brown_et_al_2026,Hookton Slough,HKS16-01,38,39,HKS16-01_39,0.357,0.151540616,NA,NA,NA,NA,NA,NA,NA,NA,NA,NA,NA,NA,NA,NA,NA,NA,NA,NA
Brown_et_al_2026,Hookton Slough,HKS16-01,39,40,HKS16-01_40,0.341,0.172140763,1.606570994,0.943149388,9.095952991,8.882576896,27.34529182,8.229192463,18.44081158,2.809586711,NA,NA,NA,NA,NA,NA,NA,NA,NA,NA
Brown_et_al_2026,Hookton Slough,HKS16-01,40,41,HKS16-01_41,0.3483,0.181452771,NA,NA,NA,NA,NA,NA,NA,NA,NA,NA,NA,NA,NA,NA,NA,NA,NA,NA
Brown_et_al_2026,Hookton Slough,HKS16-01,41,42,HKS16-01_42,0.3549,0.211045365,NA,NA,NA,NA,NA,NA,NA,NA,NA,NA,NA,NA,NA,NA,NA,NA,NA,NA
Brown_et_al_2026,Hookton Slough,HKS16-01,42,43,HKS16-01_43,0.352,0.186363636,NA,NA,NA,NA,NA,NA,NA,NA,NA,NA,NA,NA,NA,NA,NA,NA,NA,NA
Brown_et_al_2026,Hookton Slough,HKS16-01,43,44,HKS16-01_44,0.317,0.170031546,NA,NA,NA,NA,NA,NA,NA,NA,NA,NA,NA,NA,NA,NA,NA,NA,NA,NA
Brown_et_al_2026,Hookton Slough,HKS16-01,44,45,HKS16-01_45,0.3059,0.217391304,NA,NA,NA,NA,NA,NA,NA,NA,NA,NA,NA,NA,NA,NA,NA,NA,NA,NA
Brown_et_al_2026,Hookton Slough,HKS16-01,45,46,HKS16-01_46,0.3883,0.204996137,NA,NA,NA,NA,NA,NA,NA,NA,NA,NA,NA,NA,NA,NA,NA,NA,NA,NA
Brown_et_al_2026,Hookton Slough,HKS16-01,46,47,HKS16-01_47,0.3901,0.149961548,NA,NA,NA,NA,NA,NA,NA,NA,NA,NA,NA,NA,NA,NA,NA,NA,NA,NA
Brown_et_al_2026,Hookton Slough,HKS16-01,47,48,HKS16-01_48,0.4245,0.140400471,0,0,0,0,0,0,0,0,NA,NA,NA,NA,NA,NA,NA,NA,NA,NA
Brown_et_al_2026,Hookton Slough,HKS16-01,48,49,HKS16-01_49,0.5219,0.11592259,NA,NA,NA,NA,NA,NA,NA,NA,NA,NA,NA,NA,NA,NA,NA,NA,NA,NA
Brown_et_al_2026,Hookton Slough,HKS16-01,50,51,HKS16-01_51,0.53,0.124716981,NA,NA,NA,NA,NA,NA,NA,NA,NA,NA,NA,NA,NA,NA,NA,NA,NA,NA
Brown_et_al_2026,Hookton Slough,HKS16-01,51,52,HKS16-01_52,0.5901,0.105066938,NA,NA,NA,NA,NA,NA,NA,NA,NA,NA,NA,NA,NA,NA,NA,NA,NA,NA
Brown_et_al_2026,Hookton Slough,HKS16-01,52,53,HKS16-01_53,0.5051,0.130667195,NA,NA,NA,NA,NA,NA,NA,NA,NA,NA,NA,NA,NA,NA,NA,NA,NA,NA
Brown_et_al_2026,Hookton Slough,HKS16-01,53,54,HKS16-01_54,0.6022,0.103952175,NA,NA,NA,NA,NA,NA,NA,NA,NA,NA,NA,NA,NA,NA,NA,NA,NA,NA
Brown_et_al_2026,Hookton Slough,HKS16-01,54,55,HKS16-01_55,0.6414,0.092609916,NA,NA,NA,NA,NA,NA,NA,NA,NA,NA,NA,NA,NA,NA,NA,NA,NA,NA
Brown_et_al_2026,Hookton Slough,HKS16-01,55,56,HKS16-01_56,0.5667,0.107640727,NA,NA,NA,NA,NA,NA,NA,NA,NA,NA,NA,NA,NA,NA,NA,NA,NA,NA
Brown_et_al_2026,Hookton Slough,HKS16-01,56,57,HKS16-01_57,0.5381,0.102211485,NA,NA,NA,NA,NA,NA,NA,NA,NA,NA,NA,NA,NA,NA,NA,NA,NA,NA
Brown_et_al_2026,Hookton Slough,HKS16-01,57,58,HKS16-01_58,0.4491,0.181251392,NA,NA,NA,NA,NA,NA,NA,NA,NA,NA,NA,NA,NA,NA,NA,NA,NA,NA
Brown_et_al_2026,Hookton Slough,HKS16-01,58,59,HKS16-01_59,0.4832,0.155629139,NA,NA,NA,NA,NA,NA,NA,NA,NA,NA,NA,NA,NA,NA,NA,NA,NA,NA
Brown_et_al_2026,Hookton Slough,HKS16-01,59,60,HKS16-01_60,0.5046,0.127229489,NA,NA,NA,NA,NA,NA,NA,NA,NA,NA,NA,NA,NA,NA,NA,NA,NA,NA
Brown_et_al_2026,Hookton Slough,HKS16-01,60,61,HKS16-01_61,0.5344,0.103106287,NA,NA,NA,NA,NA,NA,NA,NA,NA,NA,NA,NA,NA,NA,NA,NA,NA,NA
Brown_et_al_2026,Hookton Slough,HKS16-01,61,62,HKS16-01_62,0.5562,0.090075512,NA,NA,NA,NA,NA,NA,NA,NA,NA,NA,NA,NA,NA,NA,NA,NA,NA,NA
Brown_et_al_2026,Hookton Slough,HKS16-01,62,63,HKS16-01_63,0.7281,0.080620794,NA,NA,NA,NA,NA,NA,NA,NA,NA,NA,NA,NA,NA,NA,NA,NA,NA,NA
Brown_et_al_2026,Hookton Slough,HKS16-01,63,64,HKS16-01_64,0.567,0.105643739,NA,NA,NA,NA,NA,NA,NA,NA,NA,NA,NA,NA,NA,NA,NA,NA,NA,NA
Brown_et_al_2026,Hookton Slough,HKS16-01,64,65,HKS16-01_65,0.5565,0.107457323,NA,NA,NA,NA,NA,NA,NA,NA,NA,NA,NA,NA,NA,NA,NA,NA,NA,NA
Brown_et_al_2026,Hookton Slough,HKS16-01,65,66,HKS16-01_66,0.5489,0.110584806,NA,NA,NA,NA,NA,NA,NA,NA,NA,NA,NA,NA,NA,NA,NA,NA,NA,NA
Brown_et_al_2026,Hookton Slough,HKS16-01,66,67,HKS16-01_67,0.7106,0.083028427,NA,NA,NA,NA,NA,NA,NA,NA,NA,NA,NA,NA,NA,NA,NA,NA,NA,NA
Brown_et_al_2026,Hookton Slough,HKS16-01,67,68,HKS16-01_68,0.7286,0.070546253,NA,NA,NA,NA,NA,NA,NA,NA,NA,NA,NA,NA,NA,NA,NA,NA,NA,NA
Brown_et_al_2026,Hookton Slough,HKS16-01,68,69,HKS16-01_69,0.6324,0.095034788,NA,NA,NA,NA,NA,NA,NA,NA,NA,NA,NA,NA,NA,NA,NA,NA,NA,NA
Brown_et_al_2026,Hookton Slough,HKS16-01,69,70,HKS16-01_70,0.6224,0.10218509,NA,NA,NA,NA,NA,NA,NA,NA,NA,NA,NA,NA,NA,NA,NA,NA,NA,NA
Brown_et_al_2026,Hookton Slough,HKS16-01,70,71,HKS16-01_71,0.6542,0.079639254,NA,NA,NA,NA,NA,NA,NA,NA,NA,NA,NA,NA,NA,NA,NA,NA,NA,NA
Brown_et_al_2026,Hookton Slough,HKS16-01,71,72,HKS16-01_72,0.6446,0.082531803,NA,NA,NA,NA,NA,NA,NA,NA,NA,NA,NA,NA,NA,NA,NA,NA,NA,NA
Brown_et_al_2026,Hookton Slough,HKS16-01,72,73,HKS16-01_73,0.6728,0.076991677,NA,NA,NA,NA,NA,NA,NA,NA,NA,NA,NA,NA,NA,NA,NA,NA,NA,NA
Brown_et_al_2026,Hookton Slough,HKS16-01,73,74,HKS16-01_74,0.7272,0.082233223,NA,NA,NA,NA,NA,NA,NA,NA,NA,NA,NA,NA,NA,NA,NA,NA,NA,NA
Brown_et_al_2026,Hookton Slough,HKS16-01,74,75,HKS16-01_75,0.6383,0.076296412,NA,NA,NA,NA,NA,NA,NA,NA,NA,NA,NA,NA,NA,NA,NA,NA,NA,NA
Brown_et_al_2026,Hookton Slough,HKS16-01,75,76,HKS16-01_76,0.7664,0.076461378,NA,NA,NA,NA,NA,NA,NA,NA,NA,NA,NA,NA,NA,NA,NA,NA,NA,NA
Brown_et_al_2026,Hookton Slough,HKS16-01,76,77,HKS16-01_77,0.9232,0.06347487,NA,NA,NA,NA,NA,NA,NA,NA,NA,NA,NA,NA,NA,NA,NA,NA,NA,NA
Brown_et_al_2026,Hookton Slough,HKS16-01,77,78,HKS16-01_78,0.8279,0.070177558,NA,NA,NA,NA,NA,NA,NA,NA,NA,NA,NA,NA,NA,NA,NA,NA,NA,NA
Brown_et_al_2026,Hookton Slough,HKS16-01,78,79,HKS16-01_79,0.5966,0.091350989,NA,NA,NA,NA,NA,NA,NA,NA,NA,NA,NA,NA,NA,NA,NA,NA,NA,NA
Brown_et_al_2026,Hookton Slough,HKS16-01,79,80,HKS16-01_80,0.7269,0.077039483,NA,NA,NA,NA,NA,NA,NA,NA,NA,NA,NA,NA,NA,NA,NA,NA,NA,NA
Brown_et_al_2026,Hookton Slough,HKS16-01,80,81,HKS16-01_81,0.7955,0.070898806,NA,NA,NA,NA,NA,NA,NA,NA,NA,NA,NA,NA,NA,NA,NA,NA,NA,NA
Brown_et_al_2026,Hookton Slough,HKS16-01,81,82,HKS16-01_82,0.78,0.077179487,NA,NA,NA,NA,NA,NA,NA,NA,NA,NA,NA,NA,NA,NA,NA,NA,NA,NA
Brown_et_al_2026,Hookton Slough,HKS16-01,82,83,HKS16-01_83,0.6221,0.081819643,NA,NA,NA,NA,NA,NA,NA,NA,NA,NA,NA,NA,NA,NA,NA,NA,NA,NA
Brown_et_al_2026,Hookton Slough,HKS16-01,83,84,HKS16-01_84,0.7241,0.076094462,NA,NA,NA,NA,NA,NA,NA,NA,NA,NA,NA,NA,NA,NA,NA,NA,NA,NA
Brown_et_al_2026,Hookton Slough,HKS16-01,84,85,HKS16-01_85,0.7428,0.068659128,NA,NA,NA,NA,NA,NA,NA,NA,NA,NA,NA,NA,NA,NA,NA,NA,NA,NA
Brown_et_al_2026,Hookton Slough,HKS16-01,85,86,HKS16-01_86,0.7917,0.063407857,NA,NA,NA,NA,NA,NA,NA,NA,NA,NA,NA,NA,NA,NA,NA,NA,NA,NA
Brown_et_al_2026,Hookton Slough,HKS16-01,86,87,HKS16-01_87,0.8599,0.062100244,NA,NA,NA,NA,NA,NA,NA,NA,NA,NA,NA,NA,NA,NA,NA,NA,NA,NA
Brown_et_al_2026,Hookton Slough,HKS16-01,87,88,HKS16-01_88,0.9467,0.057885286,NA,NA,NA,NA,NA,NA,NA,NA,NA,NA,NA,NA,NA,NA,NA,NA,NA,NA
Brown_et_al_2026,Hookton Slough,HKS16-01,88,89,HKS16-01_89,0.9077,0.059821527,NA,NA,NA,NA,NA,NA,NA,NA,NA,NA,NA,NA,NA,NA,NA,NA,NA,NA
Brown_et_al_2026,Hookton Slough,HKS16-01,89,90,HKS16-01_90,0.8213,0.062340192,NA,NA,NA,NA,NA,NA,NA,NA,NA,NA,NA,NA,NA,NA,NA,NA,NA,NA
Brown_et_al_2026,Hookton Slough,HKS16-01,90,91,HKS16-01_91,0.8616,0.060817084,NA,NA,NA,NA,NA,NA,NA,NA,NA,NA,NA,NA,NA,NA,NA,NA,NA,NA
Brown_et_al_2026,Hookton Slough,HKS16-01,91,92,HKS16-01_92,0.9167,0.060215992,NA,NA,NA,NA,NA,NA,NA,NA,NA,NA,NA,NA,NA,NA,NA,NA,NA,NA
Brown_et_al_2026,Hookton Slough,HKS16-01,92,93,HKS16-01_93,0.9828,0.05952381,NA,NA,NA,NA,NA,NA,NA,NA,NA,NA,NA,NA,NA,NA,NA,NA,NA,NA
Brown_et_al_2026,Hookton Slough,HKS16-01,93,94,HKS16-01_94,0.9345,0.060032103,NA,NA,NA,NA,NA,NA,NA,NA,NA,NA,NA,NA,NA,NA,NA,NA,NA,NA
Brown_et_al_2026,Hookton Slough,HKS16-01,94,95,HKS16-01_95,1.0147,0.056371341,NA,NA,NA,NA,NA,NA,NA,NA,-20,20,terrestrial,HKS16-01 95 .094mgC,1.0034,0.002,3.4,2,NA,NA
Brown_et_al_2026,Hookton Slough,HKS16-01,95,96,HKS16-01_96,0.3819,0.15920398,NA,NA,NA,NA,NA,NA,NA,NA,NA,NA,NA,NA,NA,NA,NA,NA,NA,NA
Brown_et_al_2026,Hookton Slough,HKS16-01,96,97,HKS16-01_97,0.933,0.05562701,NA,NA,NA,NA,NA,NA,NA,NA,NA,NA,NA,NA,NA,NA,NA,NA,NA,NA
Brown_et_al_2026,Hookton Slough,HKS16-01,97,98,HKS16-01_98,0.7703,0.077502272,NA,NA,NA,NA,NA,NA,NA,NA,NA,NA,NA,NA,NA,NA,NA,NA,NA,NA
Brown_et_al_2026,Hookton Slough,HKS16-01,98,99,HKS16-01_99,1.4024,0.044423845000000003,NA,NA,NA,NA,NA,NA,NA,NA,NA,NA,NA,NA,NA,NA,NA,NA,NA,NA
Brown_et_al_2026,Hookton Slough,HKS16-01,99,100,HKS16-01_100,1.211,0.049628406,NA,NA,NA,NA,NA,NA,NA,NA,NA,NA,NA,NA,NA,NA,NA,NA,NA,NA
Brown_et_al_2026,Hookton Slough,HKS16-02,0,1,HKS16-02_1,0.3532,0.201019253,NA,NA,NA,NA,NA,NA,NA,NA,NA,NA,NA,NA,NA,NA,NA,NA,NA,NA
Brown_et_al_2026,Hookton Slough,HKS16-02,1,2,HKS16-02_2,0.3012,0.281540505,NA,NA,NA,NA,NA,NA,NA,NA,NA,NA,NA,NA,NA,NA,NA,NA,NA,NA
Brown_et_al_2026,Hookton Slough,HKS16-02,2,3,HKS16-02_3,0.3288,0.291970803,NA,NA,NA,NA,NA,NA,NA,NA,NA,NA,NA,NA,NA,NA,NA,NA,NA,NA
Brown_et_al_2026,Hookton Slough,HKS16-02,3,4,HKS16-02_4,0.2482,0.31345689,NA,NA,NA,NA,NA,NA,NA,NA,NA,NA,NA,NA,NA,NA,NA,NA,NA,NA
Brown_et_al_2026,Hookton Slough,HKS16-02,4,5,HKS16-02_5,0.4019,0.24533466,NA,NA,NA,NA,NA,NA,NA,NA,NA,NA,NA,NA,NA,NA,NA,NA,NA,NA
Brown_et_al_2026,Hookton Slough,HKS16-02,5,6,HKS16-02_6,0.3606,0.217138103,NA,NA,NA,NA,NA,NA,NA,NA,NA,NA,NA,NA,NA,NA,NA,NA,NA,NA
Brown_et_al_2026,Hookton Slough,HKS16-02,6,7,HKS16-02_7,0.4699,0.18067674,NA,NA,NA,NA,NA,NA,NA,NA,NA,NA,NA,NA,NA,NA,NA,NA,NA,NA
Brown_et_al_2026,Hookton Slough,HKS16-02,7,8,HKS16-02_8,0.4075,0.188711656,NA,NA,NA,NA,NA,NA,NA,NA,NA,NA,NA,NA,NA,NA,NA,NA,NA,NA
Brown_et_al_2026,Hookton Slough,HKS16-02,8,9,HKS16-02_9,0.5482,0.127508209,NA,NA,NA,NA,NA,NA,NA,NA,NA,NA,NA,NA,NA,NA,NA,NA,NA,NA
Brown_et_al_2026,Hookton Slough,HKS16-02,9,10,HKS16-02_10,0.4505,0.17536071,NA,NA,NA,NA,NA,NA,NA,NA,NA,NA,NA,NA,NA,NA,NA,NA,NA,NA
Brown_et_al_2026,Hookton Slough,HKS16-02,10,11,HKS16-02_11,0.4454,0.200269421,NA,NA,NA,NA,NA,NA,NA,NA,NA,NA,NA,NA,NA,NA,NA,NA,NA,NA
Brown_et_al_2026,Hookton Slough,HKS16-02,11,12,HKS16-02_12,0.3301,0.239927295,NA,NA,NA,NA,NA,NA,NA,NA,NA,NA,NA,NA,NA,NA,NA,NA,NA,NA
Brown_et_al_2026,Hookton Slough,HKS16-02,12,13,HKS16-02_13,0.3613,0.220869084,NA,NA,NA,NA,NA,NA,NA,NA,NA,NA,NA,NA,NA,NA,NA,NA,NA,NA
Brown_et_al_2026,Hookton Slough,HKS16-02,13,14,HKS16-02_14,0.4123,0.167353869,NA,NA,NA,NA,NA,NA,NA,NA,NA,NA,NA,NA,NA,NA,NA,NA,NA,NA
Brown_et_al_2026,Hookton Slough,HKS16-02,14,15,HKS16-02_15,0.4943,0.125227595,NA,NA,NA,NA,NA,NA,NA,NA,NA,NA,NA,NA,NA,NA,NA,NA,NA,NA
Brown_et_al_2026,Hookton Slough,HKS16-02,15,16,HKS16-02_16,0.4545,0.176457646,NA,NA,NA,NA,NA,NA,NA,NA,NA,NA,NA,NA,NA,NA,NA,NA,NA,NA
Brown_et_al_2026,Hookton Slough,HKS16-02,16,17,HKS16-02_17,0.4518,0.1770695,NA,NA,NA,NA,NA,NA,NA,NA,NA,NA,NA,NA,NA,NA,NA,NA,NA,NA
Brown_et_al_2026,Hookton Slough,HKS16-02,17,18,HKS16-02_18,0.4893,0.150010219,NA,NA,NA,NA,NA,NA,NA,NA,NA,NA,NA,NA,NA,NA,NA,NA,NA,NA
Brown_et_al_2026,Hookton Slough,HKS16-02,18,19,HKS16-02_19,0.4804,0.139050791,NA,NA,NA,NA,NA,NA,NA,NA,NA,NA,NA,NA,NA,NA,NA,NA,NA,NA
Brown_et_al_2026,Hookton Slough,HKS16-02,19,20,HKS16-02_20,0.4934,0.138224564,NA,NA,NA,NA,NA,NA,NA,NA,NA,NA,NA,NA,NA,NA,NA,NA,NA,NA
Brown_et_al_2026,Hookton Slough,HKS16-02,20,21,HKS16-02_21,0.3809,0.121291678,NA,NA,NA,NA,NA,NA,NA,NA,NA,NA,NA,NA,NA,NA,NA,NA,NA,NA
Brown_et_al_2026,Hookton Slough,HKS16-02,21,22,HKS16-02_22,0.4593,0.168952754,NA,NA,NA,NA,NA,NA,NA,NA,NA,NA,NA,NA,NA,NA,NA,NA,NA,NA
Brown_et_al_2026,Hookton Slough,HKS16-02,22,23,HKS16-02_23,0.4793,0.147506781,NA,NA,NA,NA,NA,NA,NA,NA,NA,NA,NA,NA,NA,NA,NA,NA,NA,NA
Brown_et_al_2026,Hookton Slough,HKS16-02,23,24,HKS16-02_24,0.4541,0.13631358700000001,NA,NA,NA,NA,NA,NA,NA,NA,NA,NA,NA,NA,NA,NA,NA,NA,NA,NA
Brown_et_al_2026,Hookton Slough,HKS16-02,24,25,HKS16-02_25,0.449,0.162360802,NA,NA,NA,NA,NA,NA,NA,NA,NA,NA,NA,NA,NA,NA,NA,NA,NA,NA
Brown_et_al_2026,Hookton Slough,HKS16-02,25,26,HKS16-02_26,0.4864,0.163445724,NA,NA,NA,NA,NA,NA,NA,NA,NA,NA,NA,NA,NA,NA,NA,NA,NA,NA
Brown_et_al_2026,Hookton Slough,HKS16-02,26,27,HKS16-02_27,0.3437,0.16904277,NA,NA,NA,NA,NA,NA,NA,NA,NA,NA,NA,NA,NA,NA,NA,NA,NA,NA
Brown_et_al_2026,Hookton Slough,HKS16-02,27,28,HKS16-02_28,0.4366,0.185295465,NA,NA,NA,NA,NA,NA,NA,NA,NA,NA,NA,NA,NA,NA,NA,NA,NA,NA
Brown_et_al_2026,Hookton Slough,HKS16-02,28,29,HKS16-02_29,0.4307,0.182957975,NA,NA,NA,NA,NA,NA,NA,NA,NA,NA,NA,NA,NA,NA,NA,NA,NA,NA
Brown_et_al_2026,Hookton Slough,HKS16-02,29,30,HKS16-02_30,0.508,0.173818898,NA,NA,NA,NA,NA,NA,NA,NA,NA,NA,NA,NA,NA,NA,NA,NA,NA,NA
Brown_et_al_2026,Hookton Slough,HKS16-02,30,31,HKS16-02_31,0.4926,0.19772635,NA,NA,NA,NA,NA,NA,NA,NA,NA,NA,NA,NA,NA,NA,NA,NA,NA,NA
Brown_et_al_2026,Hookton Slough,HKS16-02,31,32,HKS16-02_32,0.4507,0.205458176,NA,NA,NA,NA,NA,NA,NA,NA,NA,NA,NA,NA,NA,NA,NA,NA,NA,NA
Brown_et_al_2026,Hookton Slough,HKS16-02,32,33,HKS16-02_33,0.4185,0.188530466,NA,NA,NA,NA,NA,NA,NA,NA,NA,NA,NA,NA,NA,NA,NA,NA,NA,NA
Brown_et_al_2026,Hookton Slough,HKS16-02,33,34,HKS16-02_34,0.3216,0.211131841,NA,NA,NA,NA,NA,NA,NA,NA,NA,NA,NA,NA,NA,NA,NA,NA,NA,NA
Brown_et_al_2026,Hookton Slough,HKS16-02,34,35,HKS16-02_35,0.3205,0.24399376,NA,NA,NA,NA,NA,NA,NA,NA,NA,NA,NA,NA,NA,NA,NA,NA,NA,NA
Brown_et_al_2026,Hookton Slough,HKS16-02,35,36,HKS16-02_36,0.3863,0.252135646,NA,NA,NA,NA,NA,NA,NA,NA,NA,NA,NA,NA,NA,NA,NA,NA,NA,NA
Brown_et_al_2026,Hookton Slough,HKS16-02,36,37,HKS16-02_37,0.3252,0.279827798,NA,NA,NA,NA,NA,NA,NA,NA,NA,NA,NA,NA,NA,NA,NA,NA,NA,NA
Brown_et_al_2026,Hookton Slough,HKS16-02,37,38,HKS16-02_38,0.3352,0.29653938,NA,NA,NA,NA,NA,NA,NA,NA,NA,NA,NA,NA,NA,NA,NA,NA,NA,NA
Brown_et_al_2026,Hookton Slough,HKS16-02,38,39,HKS16-02_39,0.3975,0.274465409,NA,NA,NA,NA,NA,NA,NA,NA,NA,NA,NA,NA,NA,NA,NA,NA,NA,NA
Brown_et_al_2026,Hookton Slough,HKS16-02,39,40,HKS16-02_40,0.4077,0.221976944,NA,NA,NA,NA,NA,NA,NA,NA,NA,NA,NA,NA,NA,NA,NA,NA,NA,NA
Brown_et_al_2026,Hookton Slough,HKS16-02,40,41,HKS16-02_41,0.4481,0.207542959,NA,NA,NA,NA,NA,NA,NA,NA,NA,NA,NA,NA,NA,NA,NA,NA,NA,NA
Brown_et_al_2026,Hookton Slough,HKS16-02,41,42,HKS16-02_42,0.5953,0.135393919,NA,NA,NA,NA,NA,NA,NA,NA,NA,NA,NA,NA,NA,NA,NA,NA,NA,NA
Brown_et_al_2026,Hookton Slough,HKS16-02,42,43,HKS16-02_43,0.4822,0.123600166,NA,NA,NA,NA,NA,NA,NA,NA,NA,NA,NA,NA,NA,NA,NA,NA,NA,NA
Brown_et_al_2026,Hookton Slough,HKS16-02,43,44,HKS16-02_44,0.5527,0.152704903,NA,NA,NA,NA,NA,NA,NA,NA,NA,NA,NA,NA,NA,NA,NA,NA,NA,NA
Brown_et_al_2026,Hookton Slough,HKS16-02,44,45,HKS16-02_45,0.4173,0.139707644,NA,NA,NA,NA,NA,NA,NA,NA,NA,NA,NA,NA,NA,NA,NA,NA,NA,NA
Brown_et_al_2026,Hookton Slough,HKS16-02,45,46,HKS16-02_46,0.3833,0.160709627,NA,NA,NA,NA,NA,NA,NA,NA,NA,NA,NA,NA,NA,NA,NA,NA,NA,NA
Brown_et_al_2026,Hookton Slough,HKS16-02,46,47,HKS16-02_47,0.5164,0.124322231,NA,NA,NA,NA,NA,NA,NA,NA,NA,NA,NA,NA,NA,NA,NA,NA,NA,NA
Brown_et_al_2026,Hookton Slough,HKS16-02,47,48,HKS16-02_48,0.5268,0.146924829,NA,NA,NA,NA,NA,NA,NA,NA,NA,NA,NA,NA,NA,NA,NA,NA,NA,NA
Brown_et_al_2026,Hookton Slough,HKS16-02,48,49,HKS16-02_49,0.6006,0.106060606,NA,NA,NA,NA,NA,NA,NA,NA,NA,NA,NA,NA,NA,NA,NA,NA,NA,NA
Brown_et_al_2026,Hookton Slough,HKS16-02,49,50,HKS16-02_50,0.627,0.091068581,NA,NA,NA,NA,NA,NA,NA,NA,NA,NA,NA,NA,NA,NA,NA,NA,NA,NA
Brown_et_al_2026,Hookton Slough,HKS16-02,50,51,HKS16-02_51,0.516,0.141666667,NA,NA,NA,NA,NA,NA,NA,NA,NA,NA,NA,NA,NA,NA,NA,NA,NA,NA
Brown_et_al_2026,Hookton Slough,HKS16-02,51,52,HKS16-02_52,0.4677,0.128073551,NA,NA,NA,NA,NA,NA,NA,NA,NA,NA,NA,NA,NA,NA,NA,NA,NA,NA
Brown_et_al_2026,Hookton Slough,HKS16-02,52,53,HKS16-02_53,0.5394,0.112903226,NA,NA,NA,NA,NA,NA,NA,NA,NA,NA,NA,NA,NA,NA,NA,NA,NA,NA
Brown_et_al_2026,Hookton Slough,HKS16-02,53,54,HKS16-02_54,0.7634,0.0944459,NA,NA,NA,NA,NA,NA,NA,NA,NA,NA,NA,NA,NA,NA,NA,NA,NA,NA
Brown_et_al_2026,Hookton Slough,HKS16-02,54,55,HKS16-02_55,0.8373,0.081213424,NA,NA,NA,NA,NA,NA,NA,NA,NA,NA,NA,NA,NA,NA,NA,NA,NA,NA
Brown_et_al_2026,Hookton Slough,HKS16-02,55,56,HKS16-02_56,0.3428,0.175612602,NA,NA,NA,NA,NA,NA,NA,NA,NA,NA,NA,NA,NA,NA,NA,NA,NA,NA
Brown_et_al_2026,Hookton Slough,HKS16-02,56,57,HKS16-02_57,0.785,0.081528662,NA,NA,NA,NA,NA,NA,NA,NA,NA,NA,NA,NA,NA,NA,NA,NA,NA,NA
Brown_et_al_2026,Hookton Slough,HKS16-02,57,58,HKS16-02_58,0.7164,0.085008375,NA,NA,NA,NA,NA,NA,NA,NA,NA,NA,NA,NA,NA,NA,NA,NA,NA,NA
Brown_et_al_2026,Hookton Slough,HKS16-02,58,59,HKS16-02_59,0.6551,0.087009617,NA,NA,NA,NA,NA,NA,NA,NA,NA,NA,NA,NA,NA,NA,NA,NA,NA,NA
Brown_et_al_2026,Hookton Slough,HKS16-02,59,60,HKS16-02_60,0.6101,0.088018358,NA,NA,NA,NA,NA,NA,NA,NA,NA,NA,NA,NA,NA,NA,NA,NA,NA,NA
Brown_et_al_2026,Hookton Slough,HKS16-02,60,61,HKS16-02_61,0.8133,0.069715972,NA,NA,NA,NA,NA,NA,NA,NA,NA,NA,NA,NA,NA,NA,NA,NA,NA,NA
Brown_et_al_2026,Hookton Slough,HKS16-02,61,62,HKS16-02_62,0.6387,0.092218569,NA,NA,NA,NA,NA,NA,NA,NA,NA,NA,NA,NA,NA,NA,NA,NA,NA,NA
Brown_et_al_2026,Hookton Slough,HKS16-02,62,63,HKS16-02_63,0.7078,0.092116417,NA,NA,NA,NA,NA,NA,NA,NA,NA,NA,NA,NA,NA,NA,NA,NA,NA,NA
Brown_et_al_2026,Hookton Slough,HKS16-02,63,64,HKS16-02_64,0.7091,0.091665491,NA,NA,NA,NA,NA,NA,NA,NA,NA,NA,NA,NA,NA,NA,NA,NA,NA,NA
Brown_et_al_2026,Hookton Slough,HKS16-02,64,65,HKS16-02_65,0.8065,0.089646621,NA,NA,NA,NA,NA,NA,NA,NA,NA,NA,NA,NA,NA,NA,NA,NA,NA,NA
Brown_et_al_2026,Hookton Slough,HKS16-02,65,66,HKS16-02_66,0.6806,0.083014987,NA,NA,NA,NA,NA,NA,NA,NA,NA,NA,NA,NA,NA,NA,NA,NA,NA,NA
Brown_et_al_2026,Hookton Slough,HKS16-02,66,67,HKS16-02_67,0.7177,0.080535043,NA,NA,NA,NA,NA,NA,NA,NA,NA,NA,NA,NA,NA,NA,NA,NA,NA,NA
Brown_et_al_2026,Hookton Slough,HKS16-02,67,68,HKS16-02_68,0.7888,0.075557809,NA,NA,NA,NA,NA,NA,NA,NA,NA,NA,NA,NA,NA,NA,NA,NA,NA,NA
Brown_et_al_2026,Hookton Slough,HKS16-02,68,69,HKS16-02_69,0.6712,0.090137068,NA,NA,NA,NA,NA,NA,NA,NA,NA,NA,NA,NA,NA,NA,NA,NA,NA,NA
Brown_et_al_2026,Hookton Slough,HKS16-02,69,70,HKS16-02_70,0.7727,0.094473923,NA,NA,NA,NA,NA,NA,NA,NA,NA,NA,NA,NA,NA,NA,NA,NA,NA,NA
Brown_et_al_2026,Hookton Slough,HKS16-02,70,71,HKS16-02_71,0.6774,0.081635666,NA,NA,NA,NA,NA,NA,NA,NA,NA,NA,NA,NA,NA,NA,NA,NA,NA,NA
Brown_et_al_2026,Hookton Slough,HKS16-02,71,72,HKS16-02_72,0.6713,0.090272605,NA,NA,NA,NA,NA,NA,NA,NA,NA,NA,NA,NA,NA,NA,NA,NA,NA,NA
Brown_et_al_2026,Hookton Slough,HKS16-02,72,73,HKS16-02_73,0.6765,0.075683666,NA,NA,NA,NA,NA,NA,NA,NA,NA,NA,NA,NA,NA,NA,NA,NA,NA,NA
Brown_et_al_2026,Hookton Slough,HKS16-02,73,74,HKS16-02_74,0.5334,0.098612673,NA,NA,NA,NA,NA,NA,NA,NA,NA,NA,NA,NA,NA,NA,NA,NA,NA,NA
Brown_et_al_2026,Hookton Slough,HKS16-02,74,75,HKS16-02_75,0.6922,0.077578734,NA,NA,NA,NA,NA,NA,NA,NA,NA,NA,NA,NA,NA,NA,NA,NA,NA,NA
Brown_et_al_2026,Hookton Slough,HKS16-02,75,76,HKS16-02_76,0.7979,0.075197393,NA,NA,NA,NA,NA,NA,NA,NA,NA,NA,NA,NA,NA,NA,NA,NA,NA,NA
Brown_et_al_2026,Hookton Slough,HKS16-02,76,77,HKS16-02_77,0.8523,0.068168485,NA,NA,NA,NA,NA,NA,NA,NA,NA,NA,NA,NA,NA,NA,NA,NA,NA,NA
Brown_et_al_2026,Hookton Slough,HKS16-02,77,78,HKS16-02_78,0.6684,0.085577499,NA,NA,NA,NA,NA,NA,NA,NA,NA,NA,NA,NA,NA,NA,NA,NA,NA,NA
Brown_et_al_2026,Hookton Slough,HKS16-02,78,79,HKS16-02_79,0.6314,0.072378841,NA,NA,NA,NA,NA,NA,NA,NA,NA,NA,NA,NA,NA,NA,NA,NA,NA,NA
Brown_et_al_2026,Hookton Slough,HKS16-02,79,80,HKS16-02_80,0.7223,0.08500623,NA,NA,NA,NA,NA,NA,NA,NA,NA,NA,NA,NA,NA,NA,NA,NA,NA,NA
Brown_et_al_2026,Hookton Slough,HKS16-02,80,81,HKS16-02_81,0.5478,0.10003651,NA,NA,NA,NA,NA,NA,NA,NA,NA,NA,NA,NA,NA,NA,NA,NA,NA,NA
Brown_et_al_2026,Hookton Slough,HKS16-02,81,82,HKS16-02_82,0.5648,0.105878187,NA,NA,NA,NA,NA,NA,NA,NA,NA,NA,NA,NA,NA,NA,NA,NA,NA,NA
Brown_et_al_2026,Hookton Slough,HKS16-02,82,83,HKS16-02_83,0.6282,0.08834766,NA,NA,NA,NA,NA,NA,NA,NA,NA,NA,NA,NA,NA,NA,NA,NA,NA,NA
Brown_et_al_2026,Hookton Slough,HKS16-02,83,84,HKS16-02_84,0.5078,0.099448602,NA,NA,NA,NA,NA,NA,NA,NA,NA,NA,NA,NA,NA,NA,NA,NA,NA,NA
Brown_et_al_2026,Hookton Slough,HKS16-02,84,85,HKS16-02_85,0.5667,0.107817187,NA,NA,NA,NA,NA,NA,NA,NA,NA,NA,NA,NA,NA,NA,NA,NA,NA,NA
Brown_et_al_2026,Hookton Slough,HKS16-02,85,86,HKS16-02_86,0.4944,0.088996764,NA,NA,NA,NA,NA,NA,NA,NA,NA,NA,NA,NA,NA,NA,NA,NA,NA,NA
Brown_et_al_2026,Hookton Slough,HKS16-02,86,87,HKS16-02_87,0.6599,0.096378239,NA,NA,NA,NA,NA,NA,NA,NA,NA,NA,NA,NA,NA,NA,NA,NA,NA,NA
Brown_et_al_2026,Hookton Slough,HKS16-02,87,88,HKS16-02_88,0.6639,0.105437566,NA,NA,NA,NA,NA,NA,NA,NA,NA,NA,NA,NA,NA,NA,NA,NA,NA,NA
Brown_et_al_2026,Hookton Slough,HKS16-02,88,89,HKS16-02_89,0.7044,0.083333333,NA,NA,NA,NA,NA,NA,NA,NA,NA,NA,NA,NA,NA,NA,NA,NA,NA,NA
Brown_et_al_2026,Hookton Slough,HKS16-02,89,90,HKS16-02_90,0.9488,0.065134907,NA,NA,NA,NA,NA,NA,NA,NA,NA,NA,NA,NA,NA,NA,NA,NA,NA,NA
Brown_et_al_2026,Hookton Slough,HKS16-02,90,91,HKS16-02_91,0.8871,0.057716154,NA,NA,NA,NA,NA,NA,NA,NA,NA,NA,NA,NA,NA,NA,NA,NA,NA,NA
Brown_et_al_2026,Hookton Slough,HKS16-02,91,92,HKS16-02_92,0.6929,0.067397893,NA,NA,NA,NA,NA,NA,NA,NA,NA,NA,NA,NA,NA,NA,NA,NA,NA,NA
Brown_et_al_2026,Hookton Slough,HKS16-02,92,93,HKS16-02_93,0.7772,0.056227483,NA,NA,NA,NA,NA,NA,NA,NA,NA,NA,NA,NA,NA,NA,NA,NA,NA,NA
Brown_et_al_2026,Hookton Slough,HKS16-02,93,94,HKS16-02_94,1.0046,0.057435795,NA,NA,NA,NA,NA,NA,NA,NA,NA,NA,NA,NA,NA,NA,NA,NA,NA,NA
Brown_et_al_2026,Hookton Slough,HKS16-02,94,95,HKS16-02_95,0.9502,0.057145864,NA,NA,NA,NA,NA,NA,NA,NA,NA,NA,NA,NA,NA,NA,NA,NA,NA,NA
Brown_et_al_2026,Hookton Slough,HKS16-02,95,96,HKS16-02_96,0.9781,0.061547899,NA,NA,NA,NA,NA,NA,NA,NA,NA,NA,NA,NA,NA,NA,NA,NA,NA,NA
Brown_et_al_2026,Hookton Slough,HKS16-02,96,97,HKS16-02_97,0.9873,0.05834093,NA,NA,NA,NA,NA,NA,NA,NA,NA,NA,NA,NA,NA,NA,NA,NA,NA,NA
Brown_et_al_2026,Hookton Slough,HKS16-02,97,98,HKS16-02_98,0.9358,0.058666382,NA,NA,NA,NA,NA,NA,NA,NA,NA,NA,NA,NA,NA,NA,NA,NA,NA,NA
Brown_et_al_2026,Hookton Slough,HKS16-02,98,99,HKS16-02_99,1.0974,0.055859304,NA,NA,NA,NA,NA,NA,NA,NA,NA,NA,NA,NA,NA,NA,NA,NA,NA,NA
Brown_et_al_2026,Hookton Slough,HKS16-02,99,100,HKS16-02_100,1.1237,0.058378571,NA,NA,NA,NA,NA,NA,NA,NA,NA,NA,NA,NA,NA,NA,NA,NA,NA,NA
Brown_et_al_2026,Hookton Slough,HKS17-03,0,1,HKS17-03_1,0.4217,0.267488736,NA,NA,NA,NA,NA,NA,NA,NA,NA,NA,NA,NA,NA,NA,NA,NA,NA,NA
Brown_et_al_2026,Hookton Slough,HKS17-03,1,2,HKS17-03_2,0.4428,0.216802168,NA,NA,NA,NA,NA,NA,NA,NA,NA,NA,NA,NA,NA,NA,NA,NA,NA,NA
Brown_et_al_2026,Hookton Slough,HKS17-03,2,3,HKS17-03_3,0.3958,0.267306721,NA,NA,NA,NA,NA,NA,NA,NA,NA,NA,NA,NA,NA,NA,NA,NA,NA,NA
Brown_et_al_2026,Hookton Slough,HKS17-03,3,4,HKS17-03_4,0.2787,0.318622174,10.93037857,1.292246746,54.29373454,8.887463481,69.46077713,8.084457731,17.81259284,2.473569865,NA,NA,NA,NA,NA,NA,NA,NA,NA,NA
Brown_et_al_2026,Hookton Slough,HKS17-03,4,5,HKS17-03_5,0.3033,0.310583581,NA,NA,NA,NA,NA,NA,NA,NA,NA,NA,NA,NA,NA,NA,NA,NA,NA,NA
Brown_et_al_2026,Hookton Slough,HKS17-03,5,6,HKS17-03_6,0.3008,0.316156915,NA,NA,NA,NA,NA,NA,NA,NA,NA,NA,NA,NA,NA,NA,NA,NA,NA,NA
Brown_et_al_2026,Hookton Slough,HKS17-03,6,7,HKS17-03_7,0.3599,0.274242845,NA,NA,NA,NA,NA,NA,NA,NA,NA,NA,NA,NA,NA,NA,NA,NA,NA,NA
Brown_et_al_2026,Hookton Slough,HKS17-03,7,8,HKS17-03_8,0.2625,0.306666667,6.528704957,1.222882031,51.13246252,7.246782866,62.33564213,6.577248472,13.70296976,2.060664197,NA,NA,NA,NA,NA,NA,NA,NA,NA,NA
Brown_et_al_2026,Hookton Slough,HKS17-03,8,9,HKS17-03_9,0.4321,0.19717658,NA,NA,NA,NA,NA,NA,NA,NA,NA,NA,NA,NA,NA,NA,NA,NA,NA,NA
Brown_et_al_2026,Hookton Slough,HKS17-03,9,10,HKS17-03_10,0.493,0.155172414,NA,NA,NA,NA,NA,NA,NA,NA,NA,NA,NA,NA,NA,NA,NA,NA,NA,NA
Brown_et_al_2026,Hookton Slough,HKS17-03,10,11,HKS17-03_11,0.3966,0.217599597,NA,NA,NA,NA,NA,NA,NA,NA,NA,NA,NA,NA,NA,NA,NA,NA,NA,NA
Brown_et_al_2026,Hookton Slough,HKS17-03,11,12,HKS17-03_12,0.3577,0.230640201,NA,NA,NA,NA,NA,NA,NA,NA,NA,NA,NA,NA,NA,NA,NA,NA,NA,NA
Brown_et_al_2026,Hookton Slough,HKS17-03,12,13,HKS17-03_13,0.2999,0.279426476,NA,NA,NA,NA,NA,NA,NA,NA,NA,NA,NA,NA,NA,NA,NA,NA,NA,NA
Brown_et_al_2026,Hookton Slough,HKS17-03,13,14,HKS17-03_14,0.3102,0.245325596,NA,NA,NA,NA,NA,NA,NA,NA,NA,NA,NA,NA,NA,NA,NA,NA,NA,NA
Brown_et_al_2026,Hookton Slough,HKS17-03,14,15,HKS17-03_15,0.3827,0.18970473,NA,NA,NA,NA,NA,NA,NA,NA,NA,NA,NA,NA,NA,NA,NA,NA,NA,NA
Brown_et_al_2026,Hookton Slough,HKS17-03,15,16,HKS17-03_16,0.3538,0.182306388,8.539621948,1.631500883,-3.158283023,7.06412751,15.65886929,6.06325094,18.66198175,2.890649143,NA,NA,NA,NA,NA,NA,NA,NA,NA,NA
Brown_et_al_2026,Hookton Slough,HKS17-03,16,17,HKS17-03_17,0.4146,0.196816208,NA,NA,NA,NA,NA,NA,NA,NA,NA,NA,NA,NA,NA,NA,NA,NA,NA,NA
Brown_et_al_2026,Hookton Slough,HKS17-03,17,18,HKS17-03_18,0.4004,0.207792208,NA,NA,NA,NA,NA,NA,NA,NA,NA,NA,NA,NA,NA,NA,NA,NA,NA,NA
Brown_et_al_2026,Hookton Slough,HKS17-03,18,19,HKS17-03_19,0.4682,0.163818881,NA,NA,NA,NA,NA,NA,NA,NA,NA,NA,NA,NA,NA,NA,NA,NA,NA,NA
Brown_et_al_2026,Hookton Slough,HKS17-03,19,20,HKS17-03_20,0.4279,0.16943211,10.27237575,1.741325109,-10.59051823,7.127814583,8.785811388,6.063114744,18.85428985,3.02639737,NA,NA,NA,NA,NA,NA,NA,NA,NA,NA
Brown_et_al_2026,Hookton Slough,HKS17-03,20,21,HKS17-03_21,0.4869,0.172109263,NA,NA,NA,NA,NA,NA,NA,NA,NA,NA,NA,NA,NA,NA,NA,NA,NA,NA
Brown_et_al_2026,Hookton Slough,HKS17-03,21,22,HKS17-03_22,0.4177,0.250897774,NA,NA,NA,NA,NA,NA,NA,NA,NA,NA,NA,NA,NA,NA,NA,NA,NA,NA
Brown_et_al_2026,Hookton Slough,HKS17-03,22,23,HKS17-03_23,0.485,0.166597938,NA,NA,NA,NA,NA,NA,NA,NA,NA,NA,NA,NA,NA,NA,NA,NA,NA,NA
Brown_et_al_2026,Hookton Slough,HKS17-03,23,24,HKS17-03_24,0.4179,0.174682939,NA,NA,NA,NA,NA,NA,NA,NA,NA,NA,NA,NA,NA,NA,NA,NA,NA,NA
Brown_et_al_2026,Hookton Slough,HKS17-03,24,25,HKS17-03_25,0.5407,0.117810246,NA,NA,NA,NA,NA,NA,NA,NA,NA,NA,NA,NA,NA,NA,NA,NA,NA,NA
Brown_et_al_2026,Hookton Slough,HKS17-03,25,26,HKS17-03_26,0.3953,0.167467746,NA,NA,NA,NA,NA,NA,NA,NA,NA,NA,NA,NA,NA,NA,NA,NA,NA,NA
Brown_et_al_2026,Hookton Slough,HKS17-03,26,27,HKS17-03_27,0.3782,0.164198837,NA,NA,NA,NA,NA,NA,NA,NA,NA,NA,NA,NA,NA,NA,NA,NA,NA,NA
Brown_et_al_2026,Hookton Slough,HKS17-03,27,28,HKS17-03_28,0.3746,0.172717565,20.33852624,1.92188191,11.54502635,7.868660299,25.52928206,7.073858724,14.55521411,2.429750364,NA,NA,NA,NA,NA,NA,NA,NA,NA,NA
Brown_et_al_2026,Hookton Slough,HKS17-03,28,29,HKS17-03_29,0.383,0.163446475,NA,NA,NA,NA,NA,NA,NA,NA,NA,NA,NA,NA,NA,NA,NA,NA,NA,NA
Brown_et_al_2026,Hookton Slough,HKS17-03,29,30,HKS17-03_30,0.3607,0.176878292,NA,NA,NA,NA,NA,NA,NA,NA,NA,NA,NA,NA,NA,NA,NA,NA,NA,NA
Brown_et_al_2026,Hookton Slough,HKS17-03,30,31,HKS17-03_31,0.3089,0.20297831,NA,NA,NA,NA,NA,NA,NA,NA,NA,NA,NA,NA,NA,NA,NA,NA,NA,NA
Brown_et_al_2026,Hookton Slough,HKS17-03,31,32,HKS17-03_32,0.3408,0.193075117,NA,NA,NA,NA,NA,NA,NA,NA,NA,NA,NA,NA,NA,NA,NA,NA,NA,NA
Brown_et_al_2026,Hookton Slough,HKS17-03,32,33,HKS17-03_33,0.3406,0.189958896,NA,NA,NA,NA,NA,NA,NA,NA,NA,NA,NA,NA,NA,NA,NA,NA,NA,NA
Brown_et_al_2026,Hookton Slough,HKS17-03,33,34,HKS17-03_34,0.3591,0.202729045,1.676004268,2.017109117,19.01331349,10.3027583,30.45966304,9.355699022,12.3897273,2.88889754,NA,NA,NA,NA,NA,NA,NA,NA,NA,NA
Brown_et_al_2026,Hookton Slough,HKS17-03,34,35,HKS17-03_35,0.3282,0.206581353,NA,NA,NA,NA,NA,NA,NA,NA,NA,NA,NA,NA,NA,NA,NA,NA,NA,NA
Brown_et_al_2026,Hookton Slough,HKS17-03,35,36,HKS17-03_36,0.3115,0.191011236,NA,NA,NA,NA,NA,NA,NA,NA,NA,NA,NA,NA,NA,NA,NA,NA,NA,NA
Brown_et_al_2026,Hookton Slough,HKS17-03,36,37,HKS17-03_37,0.281,0.237010676,NA,NA,NA,NA,NA,NA,NA,NA,NA,NA,NA,NA,NA,NA,NA,NA,NA,NA
Brown_et_al_2026,Hookton Slough,HKS17-03,37,38,HKS17-03_38,0.2874,0.243562978,0.186722806,2.239623518,3.847669995,10.63317078,20.31156657,9.649267345,16.65542757,2.996630062,NA,NA,NA,NA,NA,NA,NA,NA,NA,NA
Brown_et_al_2026,Hookton Slough,HKS17-03,38,39,HKS17-03_39,0.3115,0.225361156,NA,NA,NA,NA,NA,NA,NA,NA,NA,NA,NA,NA,NA,NA,NA,NA,NA,NA
Brown_et_al_2026,Hookton Slough,HKS17-03,39,40,HKS17-03_40,0.3533,0.190206623,0.958826186,1.622837929,9.644543627,8.411563194,21.48198675,7.66475328,12.31909308,2.26173498,NA,NA,NA,NA,NA,NA,NA,NA,NA,NA
Brown_et_al_2026,Hookton Slough,HKS17-03,40,41,HKS17-03_41,0.2727,0.266960029,NA,NA,NA,NA,NA,NA,NA,NA,NA,NA,NA,NA,NA,NA,NA,NA,NA,NA
Brown_et_al_2026,Hookton Slough,HKS17-03,41,42,HKS17-03_42,0.3057,0.205757278,NA,NA,NA,NA,NA,NA,NA,NA,NA,NA,NA,NA,NA,NA,NA,NA,NA,NA
Brown_et_al_2026,Hookton Slough,HKS17-03,42,43,HKS17-03_43,0.3721,0.189465198,NA,NA,NA,NA,NA,NA,NA,NA,NA,NA,NA,NA,NA,NA,NA,NA,NA,NA
Brown_et_al_2026,Hookton Slough,HKS17-03,43,44,HKS17-03_44,0.4812,0.117414796,NA,NA,NA,NA,NA,NA,NA,NA,NA,NA,NA,NA,NA,NA,NA,NA,NA,NA
Brown_et_al_2026,Hookton Slough,HKS17-03,44,45,HKS17-03_45,0.4305,0.140998839,NA,NA,NA,NA,NA,NA,NA,NA,NA,NA,NA,NA,NA,NA,NA,NA,NA,NA
Brown_et_al_2026,Hookton Slough,HKS17-03,45,46,HKS17-03_46,0.4453,0.176510218,NA,NA,NA,NA,NA,NA,NA,NA,NA,NA,NA,NA,NA,NA,NA,NA,NA,NA
Brown_et_al_2026,Hookton Slough,HKS17-03,46,47,HKS17-03_47,0.3855,0.184176394,NA,NA,NA,NA,NA,NA,NA,NA,NA,NA,NA,NA,NA,NA,NA,NA,NA,NA
Brown_et_al_2026,Hookton Slough,HKS17-03,47,48,HKS17-03_48,0.572,0.135489511,NA,NA,NA,NA,NA,NA,NA,NA,NA,NA,NA,NA,NA,NA,NA,NA,NA,NA
Brown_et_al_2026,Hookton Slough,HKS17-03,48,49,HKS17-03_49,0.4189,0.152781093,NA,NA,NA,NA,NA,NA,NA,NA,NA,NA,NA,NA,NA,NA,NA,NA,NA,NA
Brown_et_al_2026,Hookton Slough,HKS17-03,49,50,HKS17-03_50,0.4689,0.136702922,NA,NA,NA,NA,NA,NA,NA,NA,NA,NA,NA,NA,NA,NA,NA,NA,NA,NA
Brown_et_al_2026,Hookton Slough,HKS17-03,50,51,HKS17-03_51,0.5987,0.101887423,NA,NA,NA,NA,NA,NA,NA,NA,NA,NA,NA,NA,NA,NA,NA,NA,NA,NA
Brown_et_al_2026,Hookton Slough,HKS17-03,51,52,HKS17-03_52,0.5111,0.124241831,-0.996645478,1.485370202,-9.355948205,8.335318427,10.33462869,7.467366333,19.22182671,2.63219897,NA,NA,NA,NA,NA,NA,NA,NA,NA,NA
Brown_et_al_2026,Hookton Slough,HKS17-03,52,53,HKS17-03_53,0.4088,0.157534247,NA,NA,NA,NA,NA,NA,NA,NA,NA,NA,NA,NA,NA,NA,NA,NA,NA,NA
Brown_et_al_2026,Hookton Slough,HKS17-03,53,54,HKS17-03_54,0.3659,0.172178191,NA,NA,NA,NA,NA,NA,NA,NA,NA,NA,NA,NA,NA,NA,NA,NA,NA,NA
Brown_et_al_2026,Hookton Slough,HKS17-03,54,55,HKS17-03_55,0.4556,0.109745391,NA,NA,NA,NA,NA,NA,NA,NA,NA,NA,NA,NA,NA,NA,NA,NA,NA,NA
Brown_et_al_2026,Hookton Slough,HKS17-03,55,56,HKS17-03_56,0.4573,0.117647059,NA,NA,NA,NA,NA,NA,NA,NA,NA,NA,NA,NA,NA,NA,NA,NA,NA,NA
Brown_et_al_2026,Hookton Slough,HKS17-03,56,57,HKS17-03_57,0.4722,0.121135112,NA,NA,NA,NA,NA,NA,NA,NA,NA,NA,NA,NA,NA,NA,NA,NA,NA,NA
Brown_et_al_2026,Hookton Slough,HKS17-03,57,58,HKS17-03_58,0.5857,0.099026806,NA,NA,NA,NA,NA,NA,NA,NA,NA,NA,NA,NA,NA,NA,NA,NA,NA,NA
Brown_et_al_2026,Hookton Slough,HKS17-03,58,59,HKS17-03_59,0.6027,0.096565455,NA,NA,NA,NA,NA,NA,NA,NA,NA,NA,NA,NA,NA,NA,NA,NA,NA,NA
Brown_et_al_2026,Hookton Slough,HKS17-03,59,60,HKS17-03_60,0.5917,0.101909752,NA,NA,NA,NA,NA,NA,NA,NA,NA,NA,NA,NA,NA,NA,NA,NA,NA,NA
Brown_et_al_2026,Hookton Slough,HKS17-03,60,61,HKS17-03_61,0.8609,0.068532931,NA,NA,NA,NA,NA,NA,NA,NA,NA,NA,NA,NA,NA,NA,NA,NA,NA,NA
Brown_et_al_2026,Hookton Slough,HKS17-03,61,62,HKS17-03_62,0.6532,0.087415799,NA,NA,NA,NA,NA,NA,NA,NA,NA,NA,NA,NA,NA,NA,NA,NA,NA,NA
Brown_et_al_2026,Hookton Slough,HKS17-03,62,63,HKS17-03_63,0.6442,0.090499845,NA,NA,NA,NA,NA,NA,NA,NA,NA,NA,NA,NA,NA,NA,NA,NA,NA,NA
Brown_et_al_2026,Hookton Slough,HKS17-03,63,64,HKS17-03_64,0.6696,0.083781362,NA,NA,NA,NA,NA,NA,NA,NA,NA,NA,NA,NA,NA,NA,NA,NA,NA,NA
Brown_et_al_2026,Hookton Slough,HKS17-03,64,65,HKS17-03_65,0.7698,0.082488958,NA,NA,NA,NA,NA,NA,NA,NA,NA,NA,NA,NA,NA,NA,NA,NA,NA,NA
Brown_et_al_2026,Hookton Slough,HKS17-03,65,66,HKS17-03_66,0.7278,0.081615829,NA,NA,NA,NA,NA,NA,NA,NA,NA,NA,NA,NA,NA,NA,NA,NA,NA,NA
Brown_et_al_2026,Hookton Slough,HKS17-03,66,67,HKS17-03_67,0.654,0.089296636,NA,NA,NA,NA,NA,NA,NA,NA,NA,NA,NA,NA,NA,NA,NA,NA,NA,NA
Brown_et_al_2026,Hookton Slough,HKS17-03,67,68,HKS17-03_68,0.6851,0.086848635,NA,NA,NA,NA,NA,NA,NA,NA,NA,NA,NA,NA,NA,NA,NA,NA,NA,NA
Brown_et_al_2026,Hookton Slough,HKS17-03,68,69,HKS17-03_69,0.7358,0.084126121,NA,NA,NA,NA,NA,NA,NA,NA,NA,NA,NA,NA,NA,NA,NA,NA,NA,NA
Brown_et_al_2026,Hookton Slough,HKS17-03,69,70,HKS17-03_70,0.7431,0.081415691,NA,NA,NA,NA,NA,NA,NA,NA,NA,NA,NA,NA,NA,NA,NA,NA,NA,NA
Brown_et_al_2026,Hookton Slough,HKS17-03,70,71,HKS17-03_71,0.7627,0.072898912,NA,NA,NA,NA,NA,NA,NA,NA,NA,NA,NA,NA,NA,NA,NA,NA,NA,NA
Brown_et_al_2026,Hookton Slough,HKS17-03,71,72,HKS17-03_72,0.7121,0.078359781,NA,NA,NA,NA,NA,NA,NA,NA,NA,NA,NA,NA,NA,NA,NA,NA,NA,NA
Brown_et_al_2026,Hookton Slough,HKS17-03,72,73,HKS17-03_73,0.666,0.086186186,NA,NA,NA,NA,NA,NA,NA,NA,NA,NA,NA,NA,NA,NA,NA,NA,NA,NA
Brown_et_al_2026,Hookton Slough,HKS17-03,73,74,HKS17-03_74,0.748,0.080481283,NA,NA,NA,NA,NA,NA,NA,NA,NA,NA,NA,NA,NA,NA,NA,NA,NA,NA
Brown_et_al_2026,Hookton Slough,HKS17-03,74,75,HKS17-03_75,0.7684,0.086933889,NA,NA,NA,NA,NA,NA,NA,NA,NA,NA,NA,NA,NA,NA,NA,NA,NA,NA
Brown_et_al_2026,Hookton Slough,HKS17-03,75,76,HKS17-03_76,0.6872,0.087165309,NA,NA,NA,NA,NA,NA,NA,NA,NA,NA,NA,NA,NA,NA,NA,NA,NA,NA
Brown_et_al_2026,Hookton Slough,HKS17-03,76,77,HKS17-03_77,0.6961,0.090504238,NA,NA,NA,NA,NA,NA,NA,NA,NA,NA,NA,NA,NA,NA,NA,NA,NA,NA
Brown_et_al_2026,Hookton Slough,HKS17-03,77,78,HKS17-03_78,0.709,0.075176305,NA,NA,NA,NA,NA,NA,NA,NA,NA,NA,NA,NA,NA,NA,NA,NA,NA,NA
Brown_et_al_2026,Hookton Slough,HKS17-03,78,79,HKS17-03_79,0.7491,0.074489387,NA,NA,NA,NA,NA,NA,NA,NA,NA,NA,NA,NA,NA,NA,NA,NA,NA,NA
Brown_et_al_2026,Hookton Slough,HKS17-03,79,80,HKS17-03_80,0.689,0.086211901,NA,NA,NA,NA,NA,NA,NA,NA,NA,NA,NA,NA,NA,NA,NA,NA,NA,NA
Brown_et_al_2026,Hookton Slough,HKS17-03,80,81,HKS17-03_81,0.7206,0.085345545,NA,NA,NA,NA,NA,NA,NA,NA,NA,NA,NA,NA,NA,NA,NA,NA,NA,NA
Brown_et_al_2026,Hookton Slough,HKS17-03,81,82,HKS17-03_82,0.756,0.083333333,NA,NA,NA,NA,NA,NA,NA,NA,NA,NA,NA,NA,NA,NA,NA,NA,NA,NA
Brown_et_al_2026,Hookton Slough,HKS17-03,82,83,HKS17-03_83,0.6304,0.095177665,NA,NA,NA,NA,NA,NA,NA,NA,NA,NA,NA,NA,NA,NA,NA,NA,NA,NA
Brown_et_al_2026,Hookton Slough,HKS17-03,83,84,HKS17-03_84,0.6593,0.092825724,NA,NA,NA,NA,NA,NA,NA,NA,NA,NA,NA,NA,NA,NA,NA,NA,NA,NA
Brown_et_al_2026,Hookton Slough,HKS17-03,84,85,HKS17-03_85,0.7613,0.080388809,NA,NA,NA,NA,NA,NA,NA,NA,NA,NA,NA,NA,NA,NA,NA,NA,NA,NA
Brown_et_al_2026,Hookton Slough,HKS17-03,85,86,HKS17-03_86,0.6491,0.088276075,NA,NA,NA,NA,NA,NA,NA,NA,NA,NA,NA,NA,NA,NA,NA,NA,NA,NA
Brown_et_al_2026,Hookton Slough,HKS17-03,86,87,HKS17-03_87,0.7487,0.080806732,NA,NA,NA,NA,NA,NA,NA,NA,NA,NA,NA,NA,NA,NA,NA,NA,NA,NA
Brown_et_al_2026,Hookton Slough,HKS17-03,87,88,HKS17-03_88,0.7529,0.080887236,NA,NA,NA,NA,NA,NA,NA,NA,NA,NA,NA,NA,NA,NA,NA,NA,NA,NA
Brown_et_al_2026,Hookton Slough,HKS17-03,88,89,HKS17-03_89,0.8657,0.069077047,NA,NA,NA,NA,NA,NA,NA,NA,NA,NA,NA,NA,NA,NA,NA,NA,NA,NA
Brown_et_al_2026,Hookton Slough,HKS17-03,89,90,HKS17-03_90,0.8663,0.06752857,NA,NA,NA,NA,NA,NA,NA,NA,NA,NA,NA,NA,NA,NA,NA,NA,NA,NA
Brown_et_al_2026,Hookton Slough,HKS17-03,90,91,HKS17-03_91,1.0147,0.059426431,NA,NA,NA,NA,NA,NA,NA,NA,NA,NA,NA,NA,NA,NA,NA,NA,NA,NA
Brown_et_al_2026,Hookton Slough,HKS17-03,91,92,HKS17-03_92,1.0564,0.058973874,NA,NA,NA,NA,NA,NA,NA,NA,NA,NA,NA,NA,NA,NA,NA,NA,NA,NA
Brown_et_al_2026,Hookton Slough,HKS17-03,92,93,HKS17-03_93,1.0158,0.061626304,NA,NA,NA,NA,NA,NA,NA,NA,NA,NA,NA,NA,NA,NA,NA,NA,NA,NA
Brown_et_al_2026,Hookton Slough,HKS17-03,93,94,HKS17-03_94,1.0056,0.061953063,NA,NA,NA,NA,NA,NA,NA,NA,NA,NA,NA,NA,NA,NA,NA,NA,NA,NA
Brown_et_al_2026,Hookton Slough,HKS17-03,94,95,HKS17-03_95,0.9958,0.060253063,NA,NA,NA,NA,NA,NA,NA,NA,NA,NA,NA,NA,NA,NA,NA,NA,NA,NA
Brown_et_al_2026,Hookton Slough,HKS17-03,95,96,HKS17-03_96,0.9118,0.060429919,NA,NA,NA,NA,NA,NA,NA,NA,NA,NA,NA,NA,NA,NA,NA,NA,NA,NA
Brown_et_al_2026,Hookton Slough,HKS17-03,96,97,HKS17-03_97,0.9374,0.062406657,NA,NA,NA,NA,NA,NA,NA,NA,NA,NA,NA,NA,NA,NA,NA,NA,NA,NA
Brown_et_al_2026,Hookton Slough,HKS17-03,97,98,HKS17-03_98,1.0502,0.058274614,NA,NA,NA,NA,NA,NA,NA,NA,NA,NA,NA,NA,NA,NA,NA,NA,NA,NA
Brown_et_al_2026,Hookton Slough,HKS17-03,98,99,HKS17-03_99,1.0048,0.059315287,NA,NA,NA,NA,NA,NA,NA,NA,NA,NA,NA,NA,NA,NA,NA,NA,NA,NA
Brown_et_al_2026,Hookton Slough,HKS17-03,99,100,HKS17-03_100,0.901,0.064705882,NA,NA,NA,NA,NA,NA,NA,NA,NA,NA,NA,NA,NA,NA,NA,NA,NA,NA
Brown_et_al_2026,Hookton Slough,HKS17-03,148,149,HKS17-03_149,NA,NA,NA,NA,NA,NA,NA,NA,NA,NA,230,20,terrestrial,HKS17-03_149 .23mgC,0.9717,0.0019,-28.3,1.9,NA,NA
Brown_et_al_2026,Hookton Slough,HKS17-03,203,204,HKS17-03_204,NA,NA,NA,NA,NA,NA,NA,NA,NA,NA,1250,45,terrestrial,HKS17-03_204 Plant .054mgC,0.8561,0.0045,-143.9,4.5,NA,NA
Brown_et_al_2026,Hookton Slough,HKS17-03,243,244,HKS17-03_244,NA,NA,NA,NA,NA,NA,NA,NA,NA,NA,1065,20,terrestrial,HKS17-03_244 .25mgC,0.8757,0.0017,-124.3,1.7,NA,NA
Brown_et_al_2026,Hookton Slough,HKS17-03,295,296,HKS17-03_296,NA,NA,NA,NA,NA,NA,NA,NA,NA,NA,1505,20,terrestrial,HKS17-03_296 Plant .14mgC,0.829,0.002,-171,2,NA,NA
Brown_et_al_2026,Hookton Slough,HKS17-03,371,372,HKS17-03_372,NA,NA,NA,NA,NA,NA,NA,NA,NA,NA,1395,25,terrestrial,HKS17-03_372 .069mgV,0.8406,0.0024,-159.4,2.4,NA,NA
Brown_et_al_2026,Jacoby,JCB13-01,114,115,JCB13-01_115,NA,NA,NA,NA,NA,NA,NA,NA,NA,NA,NA,NA,terrestrial,JCB13-01_115 .18mgC Modern,1.0492,0.0014,49.2,1.4,NA,NA
Brown_et_al_2026,Jacoby,JCB13-01,139,140,JCB13-01_140,NA,NA,NA,NA,NA,NA,NA,NA,NA,NA,735,20,marine,JCB13-01 140cm,0.9127,0.002,-87.3,2,NA,NA
Brown_et_al_2026,Jacoby,JCB13-01,158,159,JCB13-01_159,NA,NA,NA,NA,NA,NA,NA,NA,NA,NA,160,45,terrestrial,JCB13-01_159 Plant .054mgC,0.9805,0.005,-19.5,5,NA,NA
Brown_et_al_2026,Jacoby,JCB13-01,179,180,JCB13-01_180,NA,NA,NA,NA,NA,NA,NA,NA,NA,NA,230,15,terrestrial,JCB13-01_180 .19mgC,0.97154928,0.001327128,-28.45071988,1.327128433,NA,NA
Brown_et_al_2026,Jacoby,JCB13-01,227,228,JCB13-01_228,NA,NA,NA,NA,NA,NA,NA,NA,NA,NA,675,20,terrestrial,JCB13-01 228cm  .20mgC,0.9194,0.0022,-80.6,2.2,NA,NA
Brown_et_al_2026,Jacoby,JCB13-01,379,380,JCB13-01_380,NA,NA,NA,NA,NA,NA,NA,NA,NA,NA,NA,NA,terrestrial,JCB13-01_380 Modern,1.02889871,0.001402575,28.89870972,1.402574552,NA,NA
Brown_et_al_2026,Mission Bay,MB16-01,0,1,MB16-01_1,0.3049,0.335191866,NA,NA,NA,NA,NA,NA,NA,NA,NA,NA,NA,NA,NA,NA,NA,NA,NA,NA
Brown_et_al_2026,Mission Bay,MB16-01,1,2,MB16-01_2,0.2522,0.288263283,6.42,2.54,NA,NA,56.91,20.8,NA,NA,NA,NA,NA,NA,NA,NA,NA,NA,NA,2.26
Brown_et_al_2026,Mission Bay,MB16-01,2,3,MB16-01_3,0.3577,0.199888174,NA,NA,NA,NA,NA,NA,NA,NA,NA,NA,NA,NA,NA,NA,NA,NA,NA,NA
Brown_et_al_2026,Mission Bay,MB16-01,3,4,MB16-01_4,0.4892,0.17048242,NA,NA,NA,NA,NA,NA,NA,NA,NA,NA,NA,NA,NA,NA,NA,NA,NA,NA
Brown_et_al_2026,Mission Bay,MB16-01,4,5,MB16-01_5,0.4834,0.129706247,NA,NA,NA,NA,NA,NA,NA,NA,NA,NA,NA,NA,NA,NA,NA,NA,NA,NA
Brown_et_al_2026,Mission Bay,MB16-01,5,6,MB16-01_6,0.6114,0.101570167,NA,NA,NA,NA,NA,NA,NA,NA,NA,NA,NA,NA,NA,NA,NA,NA,NA,NA
Brown_et_al_2026,Mission Bay,MB16-01,6,7,MB16-01_7,0.5528,0.11776411,NA,NA,NA,NA,NA,NA,NA,NA,NA,NA,NA,NA,NA,NA,NA,NA,NA,NA
Brown_et_al_2026,Mission Bay,MB16-01,7,8,MB16-01_8,0.6644,0.100692354,3.43,1.02,NA,NA,27.22,8.63,NA,NA,NA,NA,NA,NA,NA,NA,NA,NA,NA,0.9
Brown_et_al_2026,Mission Bay,MB16-01,8,9,MB16-01_9,0.646,0.072600619,NA,NA,NA,NA,NA,NA,NA,NA,NA,NA,NA,NA,NA,NA,NA,NA,NA,NA
Brown_et_al_2026,Mission Bay,MB16-01,9,10,MB16-01_10,0.9245,0.053434289,0.43,0.7,NA,NA,17.46,6.42,NA,NA,NA,NA,NA,NA,NA,NA,NA,NA,NA,0.69
Brown_et_al_2026,Mission Bay,MB16-01,10,11,MB16-01_11,0.7854,0.064043799,NA,NA,NA,NA,NA,NA,NA,NA,NA,NA,NA,NA,NA,NA,NA,NA,NA,NA
Brown_et_al_2026,Mission Bay,MB16-01,11,12,MB16-01_12,0.9423,0.072376101,NA,NA,NA,NA,NA,NA,NA,NA,NA,NA,NA,NA,NA,NA,NA,NA,NA,NA
Brown_et_al_2026,Mission Bay,MB16-01,12,13,MB16-01_13,0.5401,0.070912794,NA,NA,NA,NA,NA,NA,NA,NA,NA,NA,NA,NA,NA,NA,NA,NA,NA,NA
Brown_et_al_2026,Mission Bay,MB16-01,13,14,MB16-01_14,0.7353,0.086631307,0.8,0.74,NA,NA,16.13,6.55,NA,NA,NA,NA,NA,NA,NA,NA,NA,NA,0.28,0.74
Brown_et_al_2026,Mission Bay,MB16-01,14,15,MB16-01_15,0.7797,0.071565987,NA,NA,NA,NA,NA,NA,NA,NA,NA,NA,NA,NA,NA,NA,NA,NA,NA,NA
Brown_et_al_2026,Mission Bay,MB16-01,15,16,MB16-01_16,1.0622,0.049049143,NA,NA,NA,NA,NA,NA,NA,NA,NA,NA,NA,NA,NA,NA,NA,NA,NA,NA
Brown_et_al_2026,Mission Bay,MB16-01,16,17,MB16-01_17,1.1468,0.0520579,NA,NA,NA,NA,NA,NA,NA,NA,NA,NA,NA,NA,NA,NA,NA,NA,NA,NA
Brown_et_al_2026,Mission Bay,MB16-01,17,18,MB16-01_18,1.0504,0.052551409,0,0.68,NA,NA,25.89,6.4,NA,NA,NA,NA,NA,NA,NA,NA,NA,NA,NA,0.69
Brown_et_al_2026,Mission Bay,MB16-01,18,19,MB16-01_19,0.8695,0.060839563,NA,NA,NA,NA,NA,NA,NA,NA,NA,NA,NA,NA,NA,NA,NA,NA,NA,NA
Brown_et_al_2026,Mission Bay,MB16-01,19,20,MB16-01_20,0.9374,0.060273096,0,0.69,NA,NA,44.01,6.54,NA,NA,NA,NA,NA,NA,NA,NA,NA,NA,1.43,0.69
Brown_et_al_2026,Mission Bay,MB16-01,20,21,MB16-01_21,0.9269,0.053727479,NA,NA,NA,NA,NA,NA,NA,NA,NA,NA,NA,NA,NA,NA,NA,NA,NA,NA
Brown_et_al_2026,Mission Bay,MB16-01,21,22,MB16-01_22,0.8312,0.06520693,0.11,0.71,NA,NA,49.96,7.03,NA,NA,NA,NA,NA,NA,NA,NA,NA,NA,0.54,0.71
Brown_et_al_2026,Mission Bay,MB16-01,22,23,MB16-01_23,0.9233,0.060110473,NA,NA,NA,NA,NA,NA,NA,NA,NA,NA,NA,NA,NA,NA,NA,NA,NA,NA
Brown_et_al_2026,Mission Bay,MB16-01,23,24,MB16-01_24,0.9879,0.058204272,NA,NA,NA,NA,NA,NA,NA,NA,NA,NA,NA,NA,NA,NA,NA,NA,NA,NA
Brown_et_al_2026,Mission Bay,MB16-01,24,25,MB16-01_25,0.9784,0.05212592,NA,NA,NA,NA,NA,NA,NA,NA,NA,NA,NA,NA,NA,NA,NA,NA,NA,NA
Brown_et_al_2026,Mission Bay,MB16-01,25,26,MB16-01_26,1.1699,0.044020856,NA,NA,NA,NA,NA,NA,NA,NA,NA,NA,NA,NA,NA,NA,NA,NA,NA,NA
Brown_et_al_2026,Mission Bay,MB16-01,26,27,MB16-01_27,1.2763,0.046854188,NA,NA,NA,NA,NA,NA,NA,NA,NA,NA,NA,NA,NA,NA,NA,NA,NA,NA
Brown_et_al_2026,Mission Bay,MB16-01,27,28,MB16-01_28,1.1451,0.050737927,0.56,0.73,NA,NA,39.02,6.77,NA,NA,NA,NA,NA,NA,NA,NA,NA,NA,0.45,0.71
Brown_et_al_2026,Mission Bay,MB16-01,28,29,MB16-01_29,1.2099,0.04645012,NA,NA,NA,NA,NA,NA,NA,NA,NA,NA,NA,NA,NA,NA,NA,NA,NA,NA
Brown_et_al_2026,Mission Bay,MB16-01,29,30,MB16-01_30,1.3357,0.036984353,NA,NA,NA,NA,NA,NA,NA,NA,NA,NA,NA,NA,NA,NA,NA,NA,NA,NA
Brown_et_al_2026,Mission Bay,MB16-01,30,31,MB16-01_31,1.2862,0.038874203,NA,NA,NA,NA,NA,NA,NA,NA,NA,NA,NA,NA,NA,NA,NA,NA,NA,NA
Brown_et_al_2026,Mission Bay,MB16-01,31,32,MB16-01_32,1.2765,0.041754798,NA,NA,NA,NA,NA,NA,NA,NA,NA,NA,NA,NA,NA,NA,NA,NA,NA,NA
Brown_et_al_2026,Mission Bay,MB16-01,32,33,MB16-01_33,1.4961,0.035224918,NA,NA,NA,NA,NA,NA,NA,NA,NA,NA,NA,NA,NA,NA,NA,NA,NA,NA
Brown_et_al_2026,Mission Bay,MB16-01,33,34,MB16-01_34,1.1475,0.035642702,NA,NA,NA,NA,NA,NA,NA,NA,NA,NA,NA,NA,NA,NA,NA,NA,NA,NA
Brown_et_al_2026,Mission Bay,MB16-01,34,35,MB16-01_35,1.2749,0.030512197,NA,NA,NA,NA,NA,NA,NA,NA,NA,NA,NA,NA,NA,NA,NA,NA,NA,NA
Brown_et_al_2026,Mission Bay,MB16-01,35,36,MB16-01_36,1.3794,0.033492823,NA,NA,NA,NA,NA,NA,NA,NA,NA,NA,NA,NA,NA,NA,NA,NA,NA,NA
Brown_et_al_2026,Mission Bay,MB16-01,36,37,MB16-01_37,1.4666,0.03272876,NA,NA,NA,NA,NA,NA,NA,NA,NA,NA,NA,NA,NA,NA,NA,NA,NA,NA
Brown_et_al_2026,Mission Bay,MB16-01,37,38,MB16-01_38,1.0615,0.037682525,NA,NA,NA,NA,NA,NA,NA,NA,NA,NA,NA,NA,NA,NA,NA,NA,NA,NA
Brown_et_al_2026,Mission Bay,MB16-01,38,39,MB16-01_39,1.1781,0.035905271,NA,NA,NA,NA,NA,NA,NA,NA,NA,NA,NA,NA,NA,NA,NA,NA,NA,NA
Brown_et_al_2026,Mission Bay,MB16-01,39,40,MB16-01_40,1.2764,0.037135694,NA,NA,NA,NA,NA,NA,NA,NA,NA,NA,NA,NA,NA,NA,NA,NA,NA,NA
Brown_et_al_2026,Mission Bay,MB16-01,40,41,MB16-01_41,1.1691,0.033102386,NA,NA,NA,NA,NA,NA,NA,NA,NA,NA,NA,NA,NA,NA,NA,NA,NA,NA
Brown_et_al_2026,Mission Bay,MB16-01,41,42,MB16-01_42,1.2922,0.037068565,NA,NA,NA,NA,NA,NA,NA,NA,NA,NA,NA,NA,NA,NA,NA,NA,NA,NA
Brown_et_al_2026,Mission Bay,MB16-01,42,43,MB16-01_43,1.2659,0.044395292,NA,NA,NA,NA,NA,NA,NA,NA,NA,NA,NA,NA,NA,NA,NA,NA,NA,NA
Brown_et_al_2026,Mission Bay,MB16-01,43,44,MB16-01_44,1.1798,0.051873199,NA,NA,NA,NA,NA,NA,NA,NA,NA,NA,NA,NA,NA,NA,NA,NA,NA,NA
Brown_et_al_2026,Mission Bay,MB16-01,44,45,MB16-01_45,1.1896,0.046990585,NA,NA,NA,NA,NA,NA,NA,NA,NA,NA,NA,NA,NA,NA,NA,NA,NA,NA
Brown_et_al_2026,Mission Bay,MB16-01,45,46,MB16-01_46,1.5146,0.040076588,NA,NA,NA,NA,NA,NA,NA,NA,NA,NA,NA,NA,NA,NA,NA,NA,NA,NA
Brown_et_al_2026,Mission Bay,MB16-01,46,47,MB16-01_47,1.0774,0.044366066,NA,NA,NA,NA,NA,NA,NA,NA,NA,NA,NA,NA,NA,NA,NA,NA,NA,NA
Brown_et_al_2026,Mission Bay,MB16-01,47,48,MB16-01_48,0.9676,0.049503927,NA,NA,NA,NA,NA,NA,NA,NA,NA,NA,NA,NA,NA,NA,NA,NA,NA,NA
Brown_et_al_2026,Mission Bay,MB16-01,48,49,MB16-01_49,1.0168,0.057631786,NA,NA,NA,NA,NA,NA,NA,NA,NA,NA,NA,NA,NA,NA,NA,NA,NA,NA
Brown_et_al_2026,Mission Bay,MB16-01,49,50,MB16-01_50,1.0927,0.048778256,NA,NA,NA,NA,NA,NA,NA,NA,NA,NA,NA,NA,NA,NA,NA,NA,NA,NA
Brown_et_al_2026,Mission Bay,MB16-01,50,51,MB16-01_51,1.2602,0.044754801,NA,NA,NA,NA,NA,NA,NA,NA,NA,NA,NA,NA,NA,NA,NA,NA,NA,NA
Brown_et_al_2026,Mission Bay,MB16-01,51,52,MB16-01_52,1.0743,0.040491483,NA,NA,NA,NA,NA,NA,NA,NA,NA,NA,NA,NA,NA,NA,NA,NA,NA,NA
Brown_et_al_2026,Mission Bay,MB16-01,52,53,MB16-01_53,1.3206,0.046418295,NA,NA,NA,NA,NA,NA,NA,NA,NA,NA,NA,NA,NA,NA,NA,NA,NA,NA
Brown_et_al_2026,Mission Bay,MB16-01,53,54,MB16-01_54,0.775,0.058967742,NA,NA,NA,NA,NA,NA,NA,NA,NA,NA,NA,NA,NA,NA,NA,NA,NA,NA
Brown_et_al_2026,Mission Bay,MB16-01,54,55,MB16-01_55,1.0872,0.060338484,NA,NA,NA,NA,NA,NA,NA,NA,NA,NA,NA,NA,NA,NA,NA,NA,NA,NA
Brown_et_al_2026,Mission Bay,MB16-01,55,56,MB16-01_56,0.7836,0.064190914,NA,NA,NA,NA,NA,NA,NA,NA,NA,NA,NA,NA,NA,NA,NA,NA,NA,NA
Brown_et_al_2026,Mission Bay,MB16-01,56,57,MB16-01_57,0.9444,0.063532402,NA,NA,NA,NA,NA,NA,NA,NA,NA,NA,NA,NA,NA,NA,NA,NA,NA,NA
Brown_et_al_2026,Mission Bay,MB16-01,57,58,MB16-01_58,1.2092,0.054333444,NA,NA,NA,NA,NA,NA,NA,NA,NA,NA,NA,NA,NA,NA,NA,NA,NA,NA
Brown_et_al_2026,Mission Bay,MB16-01,58,59,MB16-01_59,0.9816,0.055827221,NA,NA,NA,NA,NA,NA,NA,NA,NA,NA,NA,NA,NA,NA,NA,NA,NA,NA
Brown_et_al_2026,Mission Bay,MB16-01,59,60,MB16-01_60,1.0141,0.056996351,NA,NA,NA,NA,NA,NA,NA,NA,NA,NA,NA,NA,NA,NA,NA,NA,NA,NA
Brown_et_al_2026,Mission Bay,MB16-01,60,61,MB16-01_61,1.1637,0.057660909,NA,NA,NA,NA,NA,NA,NA,NA,NA,NA,NA,NA,NA,NA,NA,NA,NA,NA
Brown_et_al_2026,Mission Bay,MB16-01,61,62,MB16-01_62,1.2815,0.061568474,NA,NA,NA,NA,NA,NA,NA,NA,NA,NA,NA,NA,NA,NA,NA,NA,NA,NA
Brown_et_al_2026,Mission Bay,MB16-01,62,63,MB16-01_63,1.3467,0.048934432,NA,NA,NA,NA,NA,NA,NA,NA,NA,NA,NA,NA,NA,NA,NA,NA,NA,NA
Brown_et_al_2026,Mission Bay,MB16-01,63,64,MB16-01_64,1.5155,0.045463543,NA,NA,NA,NA,NA,NA,NA,NA,NA,NA,NA,NA,NA,NA,NA,NA,NA,NA
Brown_et_al_2026,Mission Bay,MB16-01,64,65,MB16-01_65,1.3913,0.042190757,NA,NA,NA,NA,NA,NA,NA,NA,NA,NA,NA,NA,NA,NA,NA,NA,NA,NA
Brown_et_al_2026,Mission Bay,MB16-01,65,66,MB16-01_66,1.2087,0.046744436,NA,NA,NA,NA,NA,NA,NA,NA,NA,NA,NA,NA,NA,NA,NA,NA,NA,NA
Brown_et_al_2026,Mission Bay,MB16-01,66,67,MB16-01_67,1.1952,0.056141232,NA,NA,NA,NA,NA,NA,NA,NA,NA,NA,NA,NA,NA,NA,NA,NA,NA,NA
Brown_et_al_2026,Mission Bay,MB16-01,67,68,MB16-01_68,1.0322,0.063844216,NA,NA,NA,NA,NA,NA,NA,NA,NA,NA,NA,NA,NA,NA,NA,NA,NA,NA
Brown_et_al_2026,Mission Bay,MB16-01,68,69,MB16-01_69,0.9001,0.071436507,NA,NA,NA,NA,NA,NA,NA,NA,NA,NA,NA,NA,NA,NA,NA,NA,NA,NA
Brown_et_al_2026,Mission Bay,MB16-01,69,70,MB16-01_70,1.0022,0.061464777,NA,NA,NA,NA,NA,NA,NA,NA,NA,NA,NA,NA,NA,NA,NA,NA,NA,NA
Brown_et_al_2026,Mission Bay,MB16-01,70,71,MB16-01_71,0.9358,0.059307544,NA,NA,NA,NA,NA,NA,NA,NA,NA,NA,NA,NA,NA,NA,NA,NA,NA,NA
Brown_et_al_2026,Mission Bay,MB16-01,71,72,MB16-01_72,0.912,0.062719298,NA,NA,NA,NA,NA,NA,NA,NA,NA,NA,NA,NA,NA,NA,NA,NA,NA,NA
Brown_et_al_2026,Mission Bay,MB16-01,72,73,MB16-01_73,0.8398,0.058942605,NA,NA,NA,NA,NA,NA,NA,NA,NA,NA,NA,NA,NA,NA,NA,NA,NA,NA
Brown_et_al_2026,Mission Bay,MB16-01,73,74,MB16-01_74,0.9502,0.05777731,NA,NA,NA,NA,NA,NA,NA,NA,NA,NA,NA,NA,NA,NA,NA,NA,NA,NA
Brown_et_al_2026,Mission Bay,MB16-01,74,75,MB16-01_75,1.0034,0.06836755,NA,NA,NA,NA,NA,NA,NA,NA,NA,NA,NA,NA,NA,NA,NA,NA,NA,NA
Brown_et_al_2026,Mission Bay,MB16-01,75,76,MB16-01_76,0.9444,0.063532402,NA,NA,NA,NA,NA,NA,NA,NA,NA,NA,NA,NA,NA,NA,NA,NA,NA,NA
Brown_et_al_2026,Mission Bay,MB16-01,76,77,MB16-01_77,1.0038,0.070233114,NA,NA,NA,NA,NA,NA,NA,NA,NA,NA,NA,NA,NA,NA,NA,NA,NA,NA
Brown_et_al_2026,Mission Bay,MB16-01,77,78,MB16-01_78,0.968,0.065392562,NA,NA,NA,NA,NA,NA,NA,NA,NA,NA,NA,NA,NA,NA,NA,NA,NA,NA
Brown_et_al_2026,Mission Bay,MB16-01,78,79,MB16-01_79,0.9525,0.061417323,NA,NA,NA,NA,NA,NA,NA,NA,NA,NA,NA,NA,NA,NA,NA,NA,NA,NA
Brown_et_al_2026,Mission Bay,MB16-01,79,80,MB16-01_80,1.0171,0.056434962,NA,NA,NA,NA,NA,NA,NA,NA,NA,NA,NA,NA,NA,NA,NA,NA,NA,NA
Brown_et_al_2026,Mission Bay,MB16-01,80,81,MB16-01_81,0.9722,0.06099568,NA,NA,NA,NA,NA,NA,NA,NA,NA,NA,NA,NA,NA,NA,NA,NA,NA,NA
Brown_et_al_2026,Mission Bay,MB16-01,81,82,MB16-01_82,0.8397,0.076574967,NA,NA,NA,NA,NA,NA,NA,NA,NA,NA,NA,NA,NA,NA,NA,NA,NA,NA
Brown_et_al_2026,Mission Bay,MB16-01,82,83,MB16-01_83,0.8074,0.060564776,NA,NA,NA,NA,NA,NA,NA,NA,NA,NA,NA,NA,NA,NA,NA,NA,NA,NA
Brown_et_al_2026,Mission Bay,MB16-01,83,84,MB16-01_84,1.0867,0.058893899,NA,NA,NA,NA,NA,NA,NA,NA,NA,NA,NA,NA,NA,NA,NA,NA,NA,NA
Brown_et_al_2026,Mission Bay,MB16-01,84,85,MB16-01_85,0.9319,0.054190364,NA,NA,NA,NA,NA,NA,NA,NA,NA,NA,NA,NA,NA,NA,NA,NA,NA,NA
Brown_et_al_2026,Mission Bay,MB16-01,85,86,MB16-01_86,0.8289,0.059235131,NA,NA,NA,NA,NA,NA,NA,NA,NA,NA,NA,NA,NA,NA,NA,NA,NA,NA
Brown_et_al_2026,Mission Bay,MB16-01,86,87,MB16-01_87,0.9733,0.058769136,NA,NA,NA,NA,NA,NA,NA,NA,NA,NA,NA,NA,NA,NA,NA,NA,NA,NA
Brown_et_al_2026,Mission Bay,MB16-01,87,88,MB16-01_88,0.9765,0.056221198,NA,NA,NA,NA,NA,NA,NA,NA,NA,NA,NA,NA,NA,NA,NA,NA,NA,NA
Brown_et_al_2026,Mission Bay,MB16-01,88,89,MB16-01_89,0.9472,0.056271115,NA,NA,NA,NA,NA,NA,NA,NA,NA,NA,NA,NA,NA,NA,NA,NA,NA,NA
Brown_et_al_2026,Mission Bay,MB16-01,89,90,MB16-01_90,1.1709,0.050901016,NA,NA,NA,NA,NA,NA,NA,NA,NA,NA,NA,NA,NA,NA,NA,NA,NA,NA
Brown_et_al_2026,Mission Bay,MB16-01,90,91,MB16-01_91,1.1883,0.057981991,NA,NA,NA,NA,NA,NA,NA,NA,NA,NA,NA,NA,NA,NA,NA,NA,NA,NA
Brown_et_al_2026,Mission Bay,MB16-01,91,92,MB16-01_92,0.9269,0.049735678,NA,NA,NA,NA,NA,NA,NA,NA,NA,NA,NA,NA,NA,NA,NA,NA,NA,NA
Brown_et_al_2026,Mission Bay,MB16-01,92,93,MB16-01_93,0.9902,0.049484953,NA,NA,NA,NA,NA,NA,NA,NA,NA,NA,NA,NA,NA,NA,NA,NA,NA,NA
Brown_et_al_2026,Mission Bay,MB16-01,93,94,MB16-01_94,1.3189,0.042762908,NA,NA,NA,NA,NA,NA,NA,NA,NA,NA,NA,NA,NA,NA,NA,NA,NA,NA
Brown_et_al_2026,Mission Bay,MB16-01,94,95,MB16-01_95,1.2891,0.042820572,NA,NA,NA,NA,NA,NA,NA,NA,NA,NA,NA,NA,NA,NA,NA,NA,NA,NA
Brown_et_al_2026,Mission Bay,MB16-01,95,96,MB16-01_96,1.3799,0.041089934,NA,NA,NA,NA,NA,NA,NA,NA,NA,NA,NA,NA,NA,NA,NA,NA,NA,NA
Brown_et_al_2026,Mission Bay,MB16-01,96,97,MB16-01_97,1.3723,0.0400787,NA,NA,NA,NA,NA,NA,NA,NA,NA,NA,NA,NA,NA,NA,NA,NA,NA,NA
Brown_et_al_2026,Mission Bay,MB16-01,97,98,MB16-01_98,1.4254,0.038164726,NA,NA,NA,NA,NA,NA,NA,NA,NA,NA,NA,NA,NA,NA,NA,NA,NA,NA
Brown_et_al_2026,Mission Bay,MB16-01,98,99,MB16-01_99,1.3973,0.036141129,NA,NA,NA,NA,NA,NA,NA,NA,NA,NA,NA,NA,NA,NA,NA,NA,NA,NA
Brown_et_al_2026,Mission Bay,MB16-01,99,100,MB16-01_100,1.3518,0.03617399,NA,NA,NA,NA,NA,NA,NA,NA,NA,NA,NA,NA,NA,NA,NA,NA,NA,NA
Brown_et_al_2026,Mission Bay,MB16-02,0,1,MB16-02_1,0.2813,0.305012442,NA,NA,NA,NA,NA,NA,NA,NA,NA,NA,NA,NA,NA,NA,NA,NA,NA,NA
Brown_et_al_2026,Mission Bay,MB16-02,1,2,MB16-02_2,0.3137,0.329933057,NA,NA,NA,NA,NA,NA,NA,NA,NA,NA,NA,NA,NA,NA,NA,NA,NA,NA
Brown_et_al_2026,Mission Bay,MB16-02,2,3,MB16-02_3,0.2843,0.268730215,NA,NA,NA,NA,NA,NA,NA,NA,NA,NA,NA,NA,NA,NA,NA,NA,NA,NA
Brown_et_al_2026,Mission Bay,MB16-02,3,4,MB16-02_4,0.3154,0.271718453,NA,NA,NA,NA,NA,NA,NA,NA,NA,NA,NA,NA,NA,NA,NA,NA,NA,NA
Brown_et_al_2026,Mission Bay,MB16-02,4,5,MB16-02_5,0.2605,0.363915547,NA,NA,NA,NA,NA,NA,NA,NA,NA,NA,NA,NA,NA,NA,NA,NA,NA,NA
Brown_et_al_2026,Mission Bay,MB16-02,5,6,MB16-02_6,0.2191,0.341396623,NA,NA,NA,NA,NA,NA,NA,NA,NA,NA,NA,NA,NA,NA,NA,NA,NA,NA
Brown_et_al_2026,Mission Bay,MB16-02,6,7,MB16-02_7,0.255,0.356470588,NA,NA,NA,NA,NA,NA,NA,NA,NA,NA,NA,NA,NA,NA,NA,NA,NA,NA
Brown_et_al_2026,Mission Bay,MB16-02,7,8,MB16-02_8,0.2851,0.35741845,NA,NA,NA,NA,NA,NA,NA,NA,NA,NA,NA,NA,NA,NA,NA,NA,NA,NA
Brown_et_al_2026,Mission Bay,MB16-02,8,9,MB16-02_9,0.2663,0.335711604,NA,NA,NA,NA,NA,NA,NA,NA,NA,NA,NA,NA,NA,NA,NA,NA,NA,NA
Brown_et_al_2026,Mission Bay,MB16-02,9,10,MB16-02_10,0.3434,0.263249854,NA,NA,NA,NA,NA,NA,NA,NA,NA,NA,NA,NA,NA,NA,NA,NA,NA,NA
Brown_et_al_2026,Mission Bay,MB16-02,10,11,MB16-02_11,0.3392,0.217865566,NA,NA,NA,NA,NA,NA,NA,NA,NA,NA,NA,NA,NA,NA,NA,NA,NA,NA
Brown_et_al_2026,Mission Bay,MB16-02,11,12,MB16-02_12,0.4003,0.191606295,NA,NA,NA,NA,NA,NA,NA,NA,NA,NA,NA,NA,NA,NA,NA,NA,NA,NA
Brown_et_al_2026,Mission Bay,MB16-02,12,13,MB16-02_13,0.3608,0.178492239,NA,NA,NA,NA,NA,NA,NA,NA,NA,NA,NA,NA,NA,NA,NA,NA,NA,NA
Brown_et_al_2026,Mission Bay,MB16-02,13,14,MB16-02_14,0.3404,0.234430082,NA,NA,NA,NA,NA,NA,NA,NA,NA,NA,NA,NA,NA,NA,NA,NA,NA,NA
Brown_et_al_2026,Mission Bay,MB16-02,14,15,MB16-02_15,0.4005,0.185518102,NA,NA,NA,NA,NA,NA,NA,NA,NA,NA,NA,NA,NA,NA,NA,NA,NA,NA
Brown_et_al_2026,Mission Bay,MB16-02,15,16,MB16-02_16,0.3723,0.176470588,NA,NA,NA,NA,NA,NA,NA,NA,NA,NA,NA,NA,NA,NA,NA,NA,NA,NA
Brown_et_al_2026,Mission Bay,MB16-02,16,17,MB16-02_17,0.4171,0.172620475,NA,NA,NA,NA,NA,NA,NA,NA,NA,NA,NA,NA,NA,NA,NA,NA,NA,NA
Brown_et_al_2026,Mission Bay,MB16-02,17,18,MB16-02_18,0.45,0.184,NA,NA,NA,NA,NA,NA,NA,NA,NA,NA,NA,NA,NA,NA,NA,NA,NA,NA
Brown_et_al_2026,Mission Bay,MB16-02,18,19,MB16-02_19,0.45,0.163555556,NA,NA,NA,NA,NA,NA,NA,NA,NA,NA,NA,NA,NA,NA,NA,NA,NA,NA
Brown_et_al_2026,Mission Bay,MB16-02,19,20,MB16-02_20,0.4988,0.152566159,NA,NA,NA,NA,NA,NA,NA,NA,NA,NA,NA,NA,NA,NA,NA,NA,NA,NA
Brown_et_al_2026,Mission Bay,MB16-02,20,21,MB16-02_21,0.3635,0.190096286,NA,NA,NA,NA,NA,NA,NA,NA,NA,NA,NA,NA,NA,NA,NA,NA,NA,NA
Brown_et_al_2026,Mission Bay,MB16-02,21,22,MB16-02_22,0.4946,0.150020218,NA,NA,NA,NA,NA,NA,NA,NA,NA,NA,NA,NA,NA,NA,NA,NA,NA,NA
Brown_et_al_2026,Mission Bay,MB16-02,22,23,MB16-02_23,0.4382,0.161798266,NA,NA,NA,NA,NA,NA,NA,NA,NA,NA,NA,NA,NA,NA,NA,NA,NA,NA
Brown_et_al_2026,Mission Bay,MB16-02,23,24,MB16-02_24,0.477,0.175052411,NA,NA,NA,NA,NA,NA,NA,NA,NA,NA,NA,NA,NA,NA,NA,NA,NA,NA
Brown_et_al_2026,Mission Bay,MB16-02,24,25,MB16-02_25,0.4639,0.140547532,NA,NA,NA,NA,NA,NA,NA,NA,NA,NA,NA,NA,NA,NA,NA,NA,NA,NA
Brown_et_al_2026,Mission Bay,MB16-02,25,26,MB16-02_26,0.5357,0.137203659,NA,NA,NA,NA,NA,NA,NA,NA,NA,NA,NA,NA,NA,NA,NA,NA,NA,NA
Brown_et_al_2026,Mission Bay,MB16-02,26,27,MB16-02_27,0.5668,0.128263938,NA,NA,NA,NA,NA,NA,NA,NA,NA,NA,NA,NA,NA,NA,NA,NA,NA,NA
Brown_et_al_2026,Mission Bay,MB16-02,27,28,MB16-02_28,0.56,0.117321429,NA,NA,NA,NA,NA,NA,NA,NA,NA,NA,NA,NA,NA,NA,NA,NA,NA,NA
Brown_et_al_2026,Mission Bay,MB16-02,28,29,MB16-02_29,0.5945,0.127502103,NA,NA,NA,NA,NA,NA,NA,NA,NA,NA,NA,NA,NA,NA,NA,NA,NA,NA
Brown_et_al_2026,Mission Bay,MB16-02,29,30,MB16-02_30,0.5063,0.122654553,NA,NA,NA,NA,NA,NA,NA,NA,NA,NA,NA,NA,NA,NA,NA,NA,NA,NA
Brown_et_al_2026,Mission Bay,MB16-02,30,31,MB16-02_31,0.5586,0.119942714,NA,NA,NA,NA,NA,NA,NA,NA,NA,NA,NA,NA,NA,NA,NA,NA,NA,NA
Brown_et_al_2026,Mission Bay,MB16-02,31,32,MB16-02_32,0.5062,0.124654287,NA,NA,NA,NA,NA,NA,NA,NA,NA,NA,NA,NA,NA,NA,NA,NA,NA,NA
Brown_et_al_2026,Mission Bay,MB16-02,32,33,MB16-02_33,0.5364,0.127889635,NA,NA,NA,NA,NA,NA,NA,NA,NA,NA,NA,NA,NA,NA,NA,NA,NA,NA
Brown_et_al_2026,Mission Bay,MB16-02,33,34,MB16-02_34,0.493,0.143002028,NA,NA,NA,NA,NA,NA,NA,NA,NA,NA,NA,NA,NA,NA,NA,NA,NA,NA
Brown_et_al_2026,Mission Bay,MB16-02,34,35,MB16-02_35,0.4243,0.14753712,NA,NA,NA,NA,NA,NA,NA,NA,NA,NA,NA,NA,NA,NA,NA,NA,NA,NA
Brown_et_al_2026,Mission Bay,MB16-02,35,36,MB16-02_36,0.3608,0.240576497,NA,NA,NA,NA,NA,NA,NA,NA,NA,NA,NA,NA,NA,NA,NA,NA,NA,NA
Brown_et_al_2026,Mission Bay,MB16-02,36,37,MB16-02_37,0.5165,0.127783156,NA,NA,NA,NA,NA,NA,NA,NA,NA,NA,NA,NA,NA,NA,NA,NA,NA,NA
Brown_et_al_2026,Mission Bay,MB16-02,37,38,MB16-02_38,0.5117,0.139534884,NA,NA,NA,NA,NA,NA,NA,NA,NA,NA,NA,NA,NA,NA,NA,NA,NA,NA
Brown_et_al_2026,Mission Bay,MB16-02,38,39,MB16-02_39,0.5152,0.123641304,NA,NA,NA,NA,NA,NA,NA,NA,NA,NA,NA,NA,NA,NA,NA,NA,NA,NA
Brown_et_al_2026,Mission Bay,MB16-02,39,40,MB16-02_40,0.5718,0.118572928,NA,NA,NA,NA,NA,NA,NA,NA,NA,NA,NA,NA,NA,NA,NA,NA,NA,NA
Brown_et_al_2026,Mission Bay,MB16-02,40,41,MB16-02_41,0.6128,0.124673629,NA,NA,NA,NA,NA,NA,NA,NA,NA,NA,NA,NA,NA,NA,NA,NA,NA,NA
Brown_et_al_2026,Mission Bay,MB16-02,41,42,MB16-02_42,0.5288,0.131429652,NA,NA,NA,NA,NA,NA,NA,NA,NA,NA,NA,NA,NA,NA,NA,NA,NA,NA
Brown_et_al_2026,Mission Bay,MB16-02,42,43,MB16-02_43,0.4965,0.141792548,NA,NA,NA,NA,NA,NA,NA,NA,NA,NA,NA,NA,NA,NA,NA,NA,NA,NA
Brown_et_al_2026,Mission Bay,MB16-02,43,44,MB16-02_44,0.5561,0.127495055,NA,NA,NA,NA,NA,NA,NA,NA,NA,NA,NA,NA,NA,NA,NA,NA,NA,NA
Brown_et_al_2026,Mission Bay,MB16-02,44,45,MB16-02_45,0.6146,0.101204035,NA,NA,NA,NA,NA,NA,NA,NA,NA,NA,NA,NA,NA,NA,NA,NA,NA,NA
Brown_et_al_2026,Mission Bay,MB16-02,45,46,MB16-02_46,0.5968,0.123827078,NA,NA,NA,NA,NA,NA,NA,NA,NA,NA,NA,NA,NA,NA,NA,NA,NA,NA
Brown_et_al_2026,Mission Bay,MB16-02,46,47,MB16-02_47,0.4995,0.107507508,NA,NA,NA,NA,NA,NA,NA,NA,NA,NA,NA,NA,NA,NA,NA,NA,NA,NA
Brown_et_al_2026,Mission Bay,MB16-02,47,48,MB16-02_48,0.5956,0.126427132,NA,NA,NA,NA,NA,NA,NA,NA,NA,NA,NA,NA,NA,NA,NA,NA,NA,NA
Brown_et_al_2026,Mission Bay,MB16-02,48,49,MB16-02_49,0.5622,0.144254714,NA,NA,NA,NA,NA,NA,NA,NA,NA,NA,NA,NA,NA,NA,NA,NA,NA,NA
Brown_et_al_2026,Mission Bay,MB16-02,49,50,MB16-02_50,0.531,0.131638418,NA,NA,NA,NA,NA,NA,NA,NA,NA,NA,NA,NA,NA,NA,NA,NA,NA,NA
Brown_et_al_2026,Mission Bay,MB16-02,50,51,MB16-02_51,0.7664,0.114692067,NA,NA,NA,NA,NA,NA,NA,NA,NA,NA,NA,NA,NA,NA,NA,NA,NA,NA
Brown_et_al_2026,Mission Bay,MB16-02,51,52,MB16-02_52,0.6992,0.104548055,NA,NA,NA,NA,NA,NA,NA,NA,NA,NA,NA,NA,NA,NA,NA,NA,NA,NA
Brown_et_al_2026,Mission Bay,MB16-02,52,53,MB16-02_53,0.5885,0.111469839,NA,NA,NA,NA,NA,NA,NA,NA,NA,NA,NA,NA,NA,NA,NA,NA,NA,NA
Brown_et_al_2026,Mission Bay,MB16-02,53,54,MB16-02_54,0.6091,0.109177475,NA,NA,NA,NA,NA,NA,NA,NA,NA,NA,NA,NA,NA,NA,NA,NA,NA,NA
Brown_et_al_2026,Mission Bay,MB16-02,54,55,MB16-02_55,0.5963,0.112694952,NA,NA,NA,NA,NA,NA,NA,NA,NA,NA,NA,NA,NA,NA,NA,NA,NA,NA
Brown_et_al_2026,Mission Bay,MB16-02,55,56,MB16-02_56,0.5696,0.109023876,NA,NA,NA,NA,NA,NA,NA,NA,NA,NA,NA,NA,NA,NA,NA,NA,NA,NA
Brown_et_al_2026,Mission Bay,MB16-02,56,57,MB16-02_57,0.6438,0.10313762,NA,NA,NA,NA,NA,NA,NA,NA,NA,NA,NA,NA,NA,NA,NA,NA,NA,NA
Brown_et_al_2026,Mission Bay,MB16-02,57,58,MB16-02_58,0.6713,0.093847758,NA,NA,NA,NA,NA,NA,NA,NA,NA,NA,NA,NA,NA,NA,NA,NA,NA,NA
Brown_et_al_2026,Mission Bay,MB16-02,58,59,MB16-02_59,0.6264,0.103128991,NA,NA,NA,NA,NA,NA,NA,NA,NA,NA,NA,NA,NA,NA,NA,NA,NA,NA
Brown_et_al_2026,Mission Bay,MB16-02,59,60,MB16-02_60,0.5093,0.11564893,NA,NA,NA,NA,NA,NA,NA,NA,NA,NA,NA,NA,NA,NA,NA,NA,NA,NA
Brown_et_al_2026,Mission Bay,MB16-02,60,61,MB16-02_61,0.5082,0.103699331,NA,NA,NA,NA,NA,NA,NA,NA,NA,NA,NA,NA,NA,NA,NA,NA,NA,NA
Brown_et_al_2026,Mission Bay,MB16-02,61,62,MB16-02_62,0.4812,0.129883624,NA,NA,NA,NA,NA,NA,NA,NA,NA,NA,NA,NA,NA,NA,NA,NA,NA,NA
Brown_et_al_2026,Mission Bay,MB16-02,62,63,MB16-02_63,0.5512,0.120645864,NA,NA,NA,NA,NA,NA,NA,NA,NA,NA,NA,NA,NA,NA,NA,NA,NA,NA
Brown_et_al_2026,Mission Bay,MB16-02,63,64,MB16-02_64,0.5274,0.116230565,NA,NA,NA,NA,NA,NA,NA,NA,NA,NA,NA,NA,NA,NA,NA,NA,NA,NA
Brown_et_al_2026,Mission Bay,MB16-02,64,65,MB16-02_65,0.5755,0.113987837,NA,NA,NA,NA,NA,NA,NA,NA,NA,NA,NA,NA,NA,NA,NA,NA,NA,NA
Brown_et_al_2026,Mission Bay,MB16-02,65,66,MB16-02_66,0.5914,0.107034156,NA,NA,NA,NA,NA,NA,NA,NA,NA,NA,NA,NA,NA,NA,NA,NA,NA,NA
Brown_et_al_2026,Mission Bay,MB16-02,66,67,MB16-02_67,0.4701,0.121463518,NA,NA,NA,NA,NA,NA,NA,NA,NA,NA,NA,NA,NA,NA,NA,NA,NA,NA
Brown_et_al_2026,Mission Bay,MB16-02,67,68,MB16-02_68,0.5884,0.110808974,NA,NA,NA,NA,NA,NA,NA,NA,NA,NA,NA,NA,NA,NA,NA,NA,NA,NA
Brown_et_al_2026,Mission Bay,MB16-02,68,69,MB16-02_69,0.5408,0.121116864,NA,NA,NA,NA,NA,NA,NA,NA,NA,NA,NA,NA,NA,NA,NA,NA,NA,NA
Brown_et_al_2026,Mission Bay,MB16-02,69,70,MB16-02_70,0.5868,0.152351738,NA,NA,NA,NA,NA,NA,NA,NA,NA,NA,NA,NA,NA,NA,NA,NA,NA,NA
Brown_et_al_2026,Mission Bay,MB16-02,70,71,MB16-02_71,0.4811,0.16670131,NA,NA,NA,NA,NA,NA,NA,NA,NA,NA,NA,NA,NA,NA,NA,NA,NA,NA
Brown_et_al_2026,Mission Bay,MB16-02,71,72,MB16-02_72,0.6989,0.104879096,NA,NA,NA,NA,NA,NA,NA,NA,NA,NA,NA,NA,NA,NA,NA,NA,NA,NA
Brown_et_al_2026,Mission Bay,MB16-02,72,73,MB16-02_73,0.5199,0.105212541,NA,NA,NA,NA,NA,NA,NA,NA,NA,NA,NA,NA,NA,NA,NA,NA,NA,NA
Brown_et_al_2026,Mission Bay,MB16-02,73,74,MB16-02_74,0.7106,0.078806642,NA,NA,NA,NA,NA,NA,NA,NA,NA,NA,NA,NA,NA,NA,NA,NA,NA,NA
Brown_et_al_2026,Mission Bay,MB16-02,74,75,MB16-02_75,0.841,0.071700357,NA,NA,NA,NA,NA,NA,NA,NA,NA,NA,NA,NA,NA,NA,NA,NA,NA,NA
Brown_et_al_2026,Mission Bay,MB16-02,75,76,MB16-02_76,0.9197,0.056866369,NA,NA,NA,NA,NA,NA,NA,NA,NA,NA,NA,NA,NA,NA,NA,NA,NA,NA
Brown_et_al_2026,Mission Bay,MB16-02,76,77,MB16-02_77,0.8595,0.066317627,NA,NA,NA,NA,NA,NA,NA,NA,NA,NA,NA,NA,NA,NA,NA,NA,NA,NA
Brown_et_al_2026,Mission Bay,MB16-02,77,78,MB16-02_78,0.8965,0.066034579,NA,NA,NA,NA,NA,NA,NA,NA,NA,NA,NA,NA,NA,NA,NA,NA,NA,NA
Brown_et_al_2026,Mission Bay,MB16-02,78,79,MB16-02_79,0.9683,0.053599091,NA,NA,NA,NA,NA,NA,NA,NA,NA,NA,NA,NA,NA,NA,NA,NA,NA,NA
Brown_et_al_2026,Mission Bay,MB16-02,79,80,MB16-02_80,0.838,0.05823389,NA,NA,NA,NA,NA,NA,NA,NA,NA,NA,NA,NA,NA,NA,NA,NA,NA,NA
Brown_et_al_2026,Mission Bay,MB16-02,80,81,MB16-02_81,1.1681,0.047855492,NA,NA,NA,NA,NA,NA,NA,NA,NA,NA,NA,NA,NA,NA,NA,NA,NA,NA
Brown_et_al_2026,Mission Bay,MB16-02,81,82,MB16-02_82,1.2167,0.04364264,NA,NA,NA,NA,NA,NA,NA,NA,NA,NA,NA,NA,NA,NA,NA,NA,NA,NA
Brown_et_al_2026,Mission Bay,MB16-02,82,83,MB16-02_83,1.2746,0.038208065,NA,NA,NA,NA,NA,NA,NA,NA,NA,NA,NA,NA,NA,NA,NA,NA,NA,NA
Brown_et_al_2026,Mission Bay,MB16-02,83,84,MB16-02_84,1.2533,0.042687306,NA,NA,NA,NA,NA,NA,NA,NA,NA,NA,NA,NA,NA,NA,NA,NA,NA,NA
Brown_et_al_2026,Mission Bay,MB16-02,84,85,MB16-02_85,1.0991,0.041852425,NA,NA,NA,NA,NA,NA,NA,NA,NA,NA,NA,NA,NA,NA,NA,NA,NA,NA
Brown_et_al_2026,Mission Bay,MB16-02,85,86,MB16-02_86,1.1569,0.044515516,NA,NA,NA,NA,NA,NA,NA,NA,NA,NA,NA,NA,NA,NA,NA,NA,NA,NA
Brown_et_al_2026,Mission Bay,MB16-02,86,87,MB16-02_87,1.1486,0.046230193,NA,NA,NA,NA,NA,NA,NA,NA,NA,NA,NA,NA,NA,NA,NA,NA,NA,NA
Brown_et_al_2026,Mission Bay,MB16-02,87,88,MB16-02_88,0.9597,0.054287798,NA,NA,NA,NA,NA,NA,NA,NA,NA,NA,NA,NA,NA,NA,NA,NA,NA,NA
Brown_et_al_2026,Mission Bay,MB16-02,88,89,MB16-02_89,1.0464,0.054759174,NA,NA,NA,NA,NA,NA,NA,NA,NA,NA,NA,NA,NA,NA,NA,NA,NA,NA
Brown_et_al_2026,Mission Bay,MB16-02,89,90,MB16-02_90,1.1456,0.048446229,NA,NA,NA,NA,NA,NA,NA,NA,NA,NA,NA,NA,NA,NA,NA,NA,NA,NA
Brown_et_al_2026,Mission Bay,MB16-02,90,91,MB16-02_91,1.1199,0.049557996,NA,NA,NA,NA,NA,NA,NA,NA,NA,NA,NA,NA,NA,NA,NA,NA,NA,NA
Brown_et_al_2026,Mission Bay,MB16-02,91,92,MB16-02_92,1.2557,0.050330493,NA,NA,NA,NA,NA,NA,NA,NA,NA,NA,NA,NA,NA,NA,NA,NA,NA,NA
Brown_et_al_2026,Mission Bay,MB16-02,92,93,MB16-02_93,0.9286,0.055782899,NA,NA,NA,NA,NA,NA,NA,NA,NA,NA,NA,NA,NA,NA,NA,NA,NA,NA
Brown_et_al_2026,Mission Bay,MB16-02,93,94,MB16-02_94,1.2347,0.045679112,NA,NA,NA,NA,NA,NA,NA,NA,NA,NA,NA,NA,NA,NA,NA,NA,NA,NA
Brown_et_al_2026,Mission Bay,MB16-02,94,95,MB16-02_95,1.3964,0.044686336,NA,NA,NA,NA,NA,NA,NA,NA,NA,NA,NA,NA,NA,NA,NA,NA,NA,NA
Brown_et_al_2026,Mission Bay,MB16-02,95,96,MB16-02_96,1.2491,0.046593547,NA,NA,NA,NA,NA,NA,NA,NA,NA,NA,NA,NA,NA,NA,NA,NA,NA,NA
Brown_et_al_2026,Mission Bay,MB16-02,96,97,MB16-02_97,1.127,0.049068323,NA,NA,NA,NA,NA,NA,NA,NA,NA,NA,NA,NA,NA,NA,NA,NA,NA,NA
Brown_et_al_2026,Mission Bay,MB16-02,97,98,MB16-02_98,1.2472,0.045221296,NA,NA,NA,NA,NA,NA,NA,NA,NA,NA,NA,NA,NA,NA,NA,NA,NA,NA
Brown_et_al_2026,Mission Bay,MB16-02,144,145,MB16-02_145,NA,NA,NA,NA,NA,NA,NA,NA,NA,NA,1350,15,terrestrial,MB16-02 145,0.8453,0.0015,-154.7,1.5,NA,NA
Brown_et_al_2026,Mission Bay,MB16-03,0,1,MB16-03_1,0.236,0.488983051,NA,NA,NA,NA,NA,NA,NA,NA,NA,NA,NA,NA,NA,NA,NA,NA,NA,NA
Brown_et_al_2026,Mission Bay,MB16-03,1,2,MB16-03_2,0.2634,0.480637813,NA,NA,NA,NA,NA,NA,NA,NA,NA,NA,NA,NA,NA,NA,NA,NA,NA,NA
Brown_et_al_2026,Mission Bay,MB16-03,2,3,MB16-03_3,0.2232,0.48297491,NA,NA,NA,NA,NA,NA,NA,NA,NA,NA,NA,NA,NA,NA,NA,NA,NA,NA
Brown_et_al_2026,Mission Bay,MB16-03,3,4,MB16-03_4,0.2435,0.310472279,1.4,0.33,NA,NA,6.1,2.4,NA,NA,NA,NA,NA,NA,NA,NA,NA,NA,NA,0.26
Brown_et_al_2026,Mission Bay,MB16-03,4,5,MB16-03_5,0.5156,0.144297905,NA,NA,NA,NA,NA,NA,NA,NA,NA,NA,NA,NA,NA,NA,NA,NA,NA,NA
Brown_et_al_2026,Mission Bay,MB16-03,5,6,MB16-03_6,0.4541,0.167143801,NA,NA,NA,NA,NA,NA,NA,NA,NA,NA,NA,NA,NA,NA,NA,NA,NA,NA
Brown_et_al_2026,Mission Bay,MB16-03,6,7,MB16-03_7,0.6902,0.103448276,NA,NA,NA,NA,NA,NA,NA,NA,NA,NA,NA,NA,NA,NA,NA,NA,NA,NA
Brown_et_al_2026,Mission Bay,MB16-03,7,8,MB16-03_8,0.7047,0.090534979,NA,NA,NA,NA,NA,NA,NA,NA,NA,NA,NA,NA,NA,NA,NA,NA,NA,NA
Brown_et_al_2026,Mission Bay,MB16-03,8,9,MB16-03_9,0.5393,0.132579269,NA,NA,NA,NA,NA,NA,NA,NA,NA,NA,NA,NA,NA,NA,NA,NA,NA,NA
Brown_et_al_2026,Mission Bay,MB16-03,9,10,MB16-03_10,0.6213,0.115403187,NA,NA,NA,NA,NA,NA,NA,NA,NA,NA,NA,NA,NA,NA,NA,NA,NA,NA
Brown_et_al_2026,Mission Bay,MB16-03,10,11,MB16-03_11,0.7264,0.107241189,NA,NA,NA,NA,NA,NA,NA,NA,NA,NA,NA,NA,NA,NA,NA,NA,NA,NA
Brown_et_al_2026,Mission Bay,MB16-03,11,12,MB16-03_12,0.7633,0.115157867,0.43,0.36,NA,NA,13.12,3.17,NA,NA,NA,NA,NA,NA,NA,NA,NA,NA,0.09,0.36
Brown_et_al_2026,Mission Bay,MB16-03,12,13,MB16-03_13,0.6198,0.152629881,NA,NA,NA,NA,NA,NA,NA,NA,NA,NA,NA,NA,NA,NA,NA,NA,NA,NA
Brown_et_al_2026,Mission Bay,MB16-03,13,14,MB16-03_14,0.6133,0.13451818,NA,NA,NA,NA,NA,NA,NA,NA,NA,NA,NA,NA,NA,NA,NA,NA,NA,NA
Brown_et_al_2026,Mission Bay,MB16-03,14,15,MB16-03_15,0.4825,0.176994819,NA,NA,NA,NA,NA,NA,NA,NA,NA,NA,NA,NA,NA,NA,NA,NA,NA,NA
Brown_et_al_2026,Mission Bay,MB16-03,15,16,MB16-03_16,0.5998,0.121040347,0.34,0.28,NA,NA,9.09,2.47,NA,NA,NA,NA,NA,NA,NA,NA,NA,NA,NA,0.27
Brown_et_al_2026,Mission Bay,MB16-03,16,17,MB16-03_17,0.9322,0.072409354,NA,NA,NA,NA,NA,NA,NA,NA,NA,NA,NA,NA,NA,NA,NA,NA,NA,NA
Brown_et_al_2026,Mission Bay,MB16-03,17,18,MB16-03_18,0.8506,0.074300494,NA,NA,NA,NA,NA,NA,NA,NA,NA,NA,NA,NA,NA,NA,NA,NA,NA,NA
Brown_et_al_2026,Mission Bay,MB16-03,18,19,MB16-03_19,0.9304,0.078138435,NA,NA,NA,NA,NA,NA,NA,NA,NA,NA,NA,NA,NA,NA,NA,NA,NA,NA
Brown_et_al_2026,Mission Bay,MB16-03,19,20,MB16-03_20,0.8131,0.099618743,0.15,0.31,NA,NA,5.64,2.76,NA,NA,NA,NA,NA,NA,NA,NA,NA,NA,0.07,0.3
Brown_et_al_2026,Mission Bay,MB16-03,20,21,MB16-03_21,0.8821,0.09409364,NA,NA,NA,NA,NA,NA,NA,NA,NA,NA,NA,NA,NA,NA,NA,NA,NA,NA
Brown_et_al_2026,Mission Bay,MB16-03,21,22,MB16-03_22,0.7985,0.094301816,NA,NA,NA,NA,NA,NA,NA,NA,NA,NA,NA,NA,NA,NA,NA,NA,NA,NA
Brown_et_al_2026,Mission Bay,MB16-03,22,23,MB16-03_23,0.7817,0.078674683,NA,NA,NA,NA,NA,NA,NA,NA,NA,NA,NA,NA,NA,NA,NA,NA,NA,NA
Brown_et_al_2026,Mission Bay,MB16-03,23,24,MB16-03_24,1.1153,0.052183269,0,0.34,NA,NA,14.97,3.19,NA,NA,NA,NA,NA,NA,NA,NA,NA,NA,0.02,0.34
Brown_et_al_2026,Mission Bay,MB16-03,24,25,MB16-03_25,0.9753,0.059161284,NA,NA,NA,NA,NA,NA,NA,NA,NA,NA,NA,NA,NA,NA,NA,NA,NA,NA
Brown_et_al_2026,Mission Bay,MB16-03,25,26,MB16-03_26,0.9475,0.068390501,NA,NA,NA,NA,NA,NA,NA,NA,NA,NA,NA,NA,NA,NA,NA,NA,NA,NA
Brown_et_al_2026,Mission Bay,MB16-03,26,27,MB16-03_27,0.6481,0.118345934,NA,NA,NA,NA,NA,NA,NA,NA,NA,NA,NA,NA,NA,NA,NA,NA,NA,NA
Brown_et_al_2026,Mission Bay,MB16-03,27,28,MB16-03_28,0.889,0.069853768,0,0.32,NA,NA,9.04,2.93,NA,NA,NA,NA,NA,NA,NA,NA,NA,NA,0.02,0.31
Brown_et_al_2026,Mission Bay,MB16-03,28,29,MB16-03_29,1.0661,0.056748898,NA,NA,NA,NA,NA,NA,NA,NA,NA,NA,NA,NA,NA,NA,NA,NA,NA,NA
Brown_et_al_2026,Mission Bay,MB16-03,29,30,MB16-03_30,1.1537,0.045159053,0,0.33,NA,NA,17.03,3.22,NA,NA,NA,NA,NA,NA,NA,NA,NA,NA,0.14,0.34
Brown_et_al_2026,Mission Bay,MB16-03,30,31,MB16-03_31,1.1593,0.043215734,NA,NA,NA,NA,NA,NA,NA,NA,NA,NA,NA,NA,NA,NA,NA,NA,NA,NA
Brown_et_al_2026,Mission Bay,MB16-03,31,32,MB16-03_32,0.7414,0.110601565,0.15,0.27,NA,NA,11.75,2.58,NA,NA,NA,NA,NA,NA,NA,NA,NA,NA,NA,0.27
Brown_et_al_2026,Mission Bay,MB16-03,32,33,MB16-03_33,0.8402,0.086646037,NA,NA,NA,NA,NA,NA,NA,NA,NA,NA,NA,NA,NA,NA,NA,NA,NA,NA
Brown_et_al_2026,Mission Bay,MB16-03,33,34,MB16-03_34,0.9464,0.070266272,NA,NA,NA,NA,NA,NA,NA,NA,NA,NA,NA,NA,NA,NA,NA,NA,NA,NA
Brown_et_al_2026,Mission Bay,MB16-03,34,35,MB16-03_35,0.4716,0.200805768,NA,NA,NA,NA,NA,NA,NA,NA,NA,NA,NA,NA,NA,NA,NA,NA,NA,NA
Brown_et_al_2026,Mission Bay,MB16-03,35,36,MB16-03_36,0.4959,0.165557572,NA,NA,NA,NA,NA,NA,NA,NA,NA,NA,NA,NA,NA,NA,NA,NA,NA,NA
Brown_et_al_2026,Mission Bay,MB16-03,36,37,MB16-03_37,0.5682,0.132875748,NA,NA,NA,NA,NA,NA,NA,NA,NA,NA,NA,NA,NA,NA,NA,NA,NA,NA
Brown_et_al_2026,Mission Bay,MB16-03,37,38,MB16-03_38,0.7272,0.08979648,NA,NA,NA,NA,NA,NA,NA,NA,NA,NA,NA,NA,NA,NA,NA,NA,NA,NA
Brown_et_al_2026,Mission Bay,MB16-03,38,39,MB16-03_39,0.7906,0.065772831,NA,NA,NA,NA,NA,NA,NA,NA,NA,NA,NA,NA,NA,NA,NA,NA,NA,NA
Brown_et_al_2026,Mission Bay,MB16-03,39,40,MB16-03_40,0.7062,0.07165109,NA,NA,NA,NA,NA,NA,NA,NA,NA,NA,NA,NA,NA,NA,NA,NA,NA,NA
Brown_et_al_2026,Mission Bay,MB16-03,40,41,MB16-03_41,0.732,0.070218579,NA,NA,NA,NA,NA,NA,NA,NA,NA,NA,NA,NA,NA,NA,NA,NA,NA,NA
Brown_et_al_2026,Mission Bay,MB16-03,41,42,MB16-03_42,0.9175,0.049591281,NA,NA,NA,NA,NA,NA,NA,NA,NA,NA,NA,NA,NA,NA,NA,NA,NA,NA
Brown_et_al_2026,Mission Bay,MB16-03,42,43,MB16-03_43,1.4425,0.031057192,NA,NA,NA,NA,NA,NA,NA,NA,NA,NA,NA,NA,NA,NA,NA,NA,NA,NA
Brown_et_al_2026,Mission Bay,MB16-03,43,44,MB16-03_44,1.4149,0.025867552,NA,NA,NA,NA,NA,NA,NA,NA,NA,NA,NA,NA,NA,NA,NA,NA,NA,NA
Brown_et_al_2026,Mission Bay,MB16-03,44,45,MB16-03_45,1.534,0.029986962,NA,NA,NA,NA,NA,NA,NA,NA,NA,NA,NA,NA,NA,NA,NA,NA,NA,NA
Brown_et_al_2026,Mission Bay,MB16-03,45,46,MB16-03_46,1.5567,0.025374189,NA,NA,NA,NA,NA,NA,NA,NA,NA,NA,NA,NA,NA,NA,NA,NA,NA,NA
Brown_et_al_2026,Mission Bay,MB16-03,46,47,MB16-03_47,1.5646,0.027483063,NA,NA,NA,NA,NA,NA,NA,NA,NA,NA,NA,NA,NA,NA,NA,NA,NA,NA
Brown_et_al_2026,Mission Bay,MB16-03,47,48,MB16-03_48,1.5361,0.029425168,NA,NA,NA,NA,NA,NA,NA,NA,NA,NA,NA,NA,NA,NA,NA,NA,NA,NA
Brown_et_al_2026,Mission Bay,MB16-03,48,49,MB16-03_49,1.3396,0.029337116,NA,NA,NA,NA,NA,NA,NA,NA,NA,NA,NA,NA,NA,NA,NA,NA,NA,NA
Brown_et_al_2026,Mission Bay,MB16-03,49,50,MB16-03_50,1.3157,0.030174052,NA,NA,NA,NA,NA,NA,NA,NA,NA,NA,NA,NA,NA,NA,NA,NA,NA,NA
Brown_et_al_2026,Mission Bay,MB16-03,50,51,MB16-03_51,1.5441,0.031798459,NA,NA,NA,NA,NA,NA,NA,NA,NA,NA,NA,NA,NA,NA,NA,NA,NA,NA
Brown_et_al_2026,Mission Bay,MB16-03,51,52,MB16-03_52,1.5216,0.032005783,NA,NA,NA,NA,NA,NA,NA,NA,NA,NA,NA,NA,NA,NA,NA,NA,NA,NA
Brown_et_al_2026,Mission Bay,MB16-03,52,53,MB16-03_53,1.6086,0.029280119,NA,NA,NA,NA,NA,NA,NA,NA,NA,NA,NA,NA,NA,NA,NA,NA,NA,NA
Brown_et_al_2026,Mission Bay,MB16-03,53,54,MB16-03_54,1.607,0.027193528,NA,NA,NA,NA,NA,NA,NA,NA,NA,NA,NA,NA,NA,NA,NA,NA,NA,NA
Brown_et_al_2026,Mission Bay,MB16-03,54,55,MB16-03_55,1.5532,0.029873809,NA,NA,NA,NA,NA,NA,NA,NA,NA,NA,NA,NA,NA,NA,NA,NA,NA,NA
Brown_et_al_2026,Mission Bay,MB16-03,55,56,MB16-03_56,1.5973,0.032867965,NA,NA,NA,NA,NA,NA,NA,NA,NA,NA,NA,NA,NA,NA,NA,NA,NA,NA
Brown_et_al_2026,Mission Bay,MB16-03,56,57,MB16-03_57,1.6146,0.032391924,NA,NA,NA,NA,NA,NA,NA,NA,NA,NA,NA,NA,NA,NA,NA,NA,NA,NA
Brown_et_al_2026,Mission Bay,MB16-03,57,58,MB16-03_58,1.2821,0.041104438,NA,NA,NA,NA,NA,NA,NA,NA,NA,NA,NA,NA,NA,NA,NA,NA,NA,NA
Brown_et_al_2026,Mission Bay,MB16-03,58,59,MB16-03_59,1.3352,0.043139605,NA,NA,NA,NA,NA,NA,NA,NA,NA,NA,NA,NA,NA,NA,NA,NA,NA,NA
Brown_et_al_2026,Mission Bay,MB16-03,59,60,MB16-03_60,1.4792,0.040494862,NA,NA,NA,NA,NA,NA,NA,NA,NA,NA,NA,NA,NA,NA,NA,NA,NA,NA
Brown_et_al_2026,Mission Bay,MB16-03,60,61,MB16-03_61,1.429,0.039608118,NA,NA,NA,NA,NA,NA,NA,NA,NA,NA,NA,NA,NA,NA,NA,NA,NA,NA
Brown_et_al_2026,Mission Bay,MB16-03,61,62,MB16-03_62,1.5432,0.034085018,NA,NA,NA,NA,NA,NA,NA,NA,NA,NA,NA,NA,NA,NA,NA,NA,NA,NA
Brown_et_al_2026,Mission Bay,MB16-03,62,63,MB16-03_63,1.4097,0.032701993,NA,NA,NA,NA,NA,NA,NA,NA,NA,NA,NA,NA,NA,NA,NA,NA,NA,NA
Brown_et_al_2026,Mission Bay,MB16-03,63,64,MB16-03_64,1.4783,0.026652236,NA,NA,NA,NA,NA,NA,NA,NA,NA,NA,NA,NA,NA,NA,NA,NA,NA,NA
Brown_et_al_2026,Mission Bay,MB16-03,64,65,MB16-03_65,1.6259,0.020788486,NA,NA,NA,NA,NA,NA,NA,NA,NA,NA,NA,NA,NA,NA,NA,NA,NA,NA
Brown_et_al_2026,Mission Bay,MB16-03,65,66,MB16-03_66,1.596,0.022305764,NA,NA,NA,NA,NA,NA,NA,NA,NA,NA,NA,NA,NA,NA,NA,NA,NA,NA
Brown_et_al_2026,Mission Bay,MB16-03,66,67,MB16-03_67,1.3729,0.032485979,NA,NA,NA,NA,NA,NA,NA,NA,NA,NA,NA,NA,NA,NA,NA,NA,NA,NA
Brown_et_al_2026,Mission Bay,MB16-03,67,68,MB16-03_68,1.3747,0.050338256,NA,NA,NA,NA,NA,NA,NA,NA,NA,NA,NA,NA,NA,NA,NA,NA,NA,NA
Brown_et_al_2026,Mission Bay,MB16-03,68,69,MB16-03_69,1.4868,0.036655905,NA,NA,NA,NA,NA,NA,NA,NA,NA,NA,NA,NA,NA,NA,NA,NA,NA,NA
Brown_et_al_2026,Mission Bay,MB16-03,69,70,MB16-03_70,1.4255,0.037179937,NA,NA,NA,NA,NA,NA,NA,NA,NA,NA,NA,NA,NA,NA,NA,NA,NA,NA
Brown_et_al_2026,Mission Bay,MB16-03,70,71,MB16-03_71,1.2608,0.042592005,NA,NA,NA,NA,NA,NA,NA,NA,NA,NA,NA,NA,NA,NA,NA,NA,NA,NA
Brown_et_al_2026,Mission Bay,MB16-03,71,72,MB16-03_72,1.3712,0.041423571,NA,NA,NA,NA,NA,NA,NA,NA,NA,NA,NA,NA,NA,NA,NA,NA,NA,NA
Brown_et_al_2026,Mission Bay,MB16-03,72,73,MB16-03_73,1.2284,0.044855096,NA,NA,NA,NA,NA,NA,NA,NA,NA,NA,NA,NA,NA,NA,NA,NA,NA,NA
Brown_et_al_2026,Mission Bay,MB16-03,73,74,MB16-03_74,1.3215,0.040408627,NA,NA,NA,NA,NA,NA,NA,NA,NA,NA,NA,NA,NA,NA,NA,NA,NA,NA
Brown_et_al_2026,Mission Bay,MB16-03,74,75,MB16-03_75,1.2898,0.038145449,NA,NA,NA,NA,NA,NA,NA,NA,NA,NA,NA,NA,NA,NA,NA,NA,NA,NA
Brown_et_al_2026,Mission Bay,MB16-03,75,76,MB16-03_76,1.3782,0.038746191,NA,NA,NA,NA,NA,NA,NA,NA,NA,NA,NA,NA,NA,NA,NA,NA,NA,NA
Brown_et_al_2026,Mission Bay,MB16-03,76,77,MB16-03_77,1.3903,0.039775588,NA,NA,NA,NA,NA,NA,NA,NA,NA,NA,NA,NA,NA,NA,NA,NA,NA,NA
Brown_et_al_2026,Mission Bay,MB16-03,77,78,MB16-03_78,1.3122,0.038866027,NA,NA,NA,NA,NA,NA,NA,NA,NA,NA,NA,NA,NA,NA,NA,NA,NA,NA
Brown_et_al_2026,Mission Bay,MB16-03,78,79,MB16-03_79,1.4068,0.041654819,NA,NA,NA,NA,NA,NA,NA,NA,NA,NA,NA,NA,NA,NA,NA,NA,NA,NA
Brown_et_al_2026,Mission Bay,MB16-03,79,80,MB16-03_80,1.4856,0.030896607,NA,NA,NA,NA,NA,NA,NA,NA,NA,NA,NA,NA,NA,NA,NA,NA,NA,NA
Brown_et_al_2026,Mission Bay,MB16-03,80,81,MB16-03_81,1.3896,0.02669833,NA,NA,NA,NA,NA,NA,NA,NA,NA,NA,NA,NA,NA,NA,NA,NA,NA,NA
Brown_et_al_2026,Mission Bay,MB16-03,81,82,MB16-03_82,1.6036,0.025567473,NA,NA,NA,NA,NA,NA,NA,NA,NA,NA,NA,NA,NA,NA,NA,NA,NA,NA
Brown_et_al_2026,Mission Bay,MB16-03,82,83,MB16-03_83,1.6134,0.023986612,NA,NA,NA,NA,NA,NA,NA,NA,NA,NA,NA,NA,NA,NA,NA,NA,NA,NA
Brown_et_al_2026,Mission Bay,MB16-03,83,84,MB16-03_84,1.7477,0.024489329,NA,NA,NA,NA,NA,NA,NA,NA,NA,NA,NA,NA,NA,NA,NA,NA,NA,NA
Brown_et_al_2026,Mission Bay,MB16-03,84,85,MB16-03_85,1.7718,0.021616435,NA,NA,NA,NA,NA,NA,NA,NA,NA,NA,NA,NA,NA,NA,NA,NA,NA,NA
Brown_et_al_2026,Mission Bay,MB16-03,85,86,MB16-03_86,1.6019,0.026156439,NA,NA,NA,NA,NA,NA,NA,NA,NA,NA,NA,NA,NA,NA,NA,NA,NA,NA
Brown_et_al_2026,Mission Bay,MB16-03,86,87,MB16-03_87,1.4538,0.025519329,NA,NA,NA,NA,NA,NA,NA,NA,NA,NA,NA,NA,NA,NA,NA,NA,NA,NA
Brown_et_al_2026,Mission Bay,MB16-03,87,88,MB16-03_88,1.5707,0.031450945,NA,NA,NA,NA,NA,NA,NA,NA,NA,NA,NA,NA,NA,NA,NA,NA,NA,NA
Brown_et_al_2026,Mission Bay,MB16-03,88,89,MB16-03_89,1.683,0.029471182,NA,NA,NA,NA,NA,NA,NA,NA,NA,NA,NA,NA,NA,NA,NA,NA,NA,NA
Brown_et_al_2026,Mission Bay,MB16-03,89,90,MB16-03_90,1.5598,0.028849853,NA,NA,NA,NA,NA,NA,NA,NA,NA,NA,NA,NA,NA,NA,NA,NA,NA,NA
Brown_et_al_2026,Mission Bay,MB16-03,90,91,MB16-03_91,1.6419,0.030939765,NA,NA,NA,NA,NA,NA,NA,NA,NA,NA,NA,NA,NA,NA,NA,NA,NA,NA
Brown_et_al_2026,Mission Bay,MB16-03,91,92,MB16-03_92,1.6615,0.031898887,NA,NA,NA,NA,NA,NA,NA,NA,NA,NA,NA,NA,NA,NA,NA,NA,NA,NA
Brown_et_al_2026,Mission Bay,MB16-03,92,93,MB16-03_93,1.5822,0.031664771,NA,NA,NA,NA,NA,NA,NA,NA,NA,NA,NA,NA,NA,NA,NA,NA,NA,NA
Brown_et_al_2026,Mission Bay,MB16-03,93,94,MB16-03_94,1.6442,0.031808782,NA,NA,NA,NA,NA,NA,NA,NA,NA,NA,NA,NA,NA,NA,NA,NA,NA,NA
Brown_et_al_2026,Mission Bay,MB16-03,94,95,MB16-03_95,1.7552,0.033101641,NA,NA,NA,NA,NA,NA,NA,NA,NA,NA,NA,NA,NA,NA,NA,NA,NA,NA
Brown_et_al_2026,Mission Bay,MB16-03,95,96,MB16-03_96,1.614,0.032527881,NA,NA,NA,NA,NA,NA,NA,NA,NA,NA,NA,NA,NA,NA,NA,NA,NA,NA
Brown_et_al_2026,Mission Bay,MB16-03,96,97,MB16-03_97,1.5276,0.038033517,NA,NA,NA,NA,NA,NA,NA,NA,NA,NA,NA,NA,NA,NA,NA,NA,NA,NA
Brown_et_al_2026,Mission Bay,MB16-03,97,98,MB16-03_98,1.5279,0.042345703,NA,NA,NA,NA,NA,NA,NA,NA,NA,NA,NA,NA,NA,NA,NA,NA,NA,NA
Brown_et_al_2026,Mission Bay,MB16-03,98,99,MB16-03_99,1.5436,0.038157554,NA,NA,NA,NA,NA,NA,NA,NA,NA,NA,NA,NA,NA,NA,NA,NA,NA,NA
Brown_et_al_2026,Mission Bay,MB17-05,0,1,MB17-05_1,0.4893,0.224810954,NA,NA,NA,NA,NA,NA,NA,NA,NA,NA,NA,NA,NA,NA,NA,NA,NA,NA
Brown_et_al_2026,Mission Bay,MB17-05,1,2,MB17-05_2,0.4844,0.274153592,11.52,1.49,181.9738,15.2199,203.81,15.1,NA,NA,NA,NA,NA,NA,NA,NA,NA,NA,0.25,1.07
Brown_et_al_2026,Mission Bay,MB17-05,2,3,MB17-05_3,0.6341,0.175682069,NA,NA,NA,NA,NA,NA,NA,NA,NA,NA,NA,NA,NA,NA,NA,NA,NA,NA
Brown_et_al_2026,Mission Bay,MB17-05,3,4,MB17-05_4,0.6183,0.212194728,NA,NA,NA,NA,NA,NA,NA,NA,NA,NA,NA,NA,NA,NA,NA,NA,NA,NA
Brown_et_al_2026,Mission Bay,MB17-05,4,5,MB17-05_5,0.6034,0.178322837,NA,NA,NA,NA,NA,NA,NA,NA,NA,NA,NA,NA,NA,NA,NA,NA,NA,NA
Brown_et_al_2026,Mission Bay,MB17-05,5,6,MB17-05_6,0.5902,0.173839377,NA,NA,NA,NA,NA,NA,NA,NA,NA,NA,NA,NA,NA,NA,NA,NA,NA,NA
Brown_et_al_2026,Mission Bay,MB17-05,6,7,MB17-05_7,0.5028,0.206841687,NA,NA,NA,NA,NA,NA,NA,NA,NA,NA,NA,NA,NA,NA,NA,NA,NA,NA
Brown_et_al_2026,Mission Bay,MB17-05,7,8,MB17-05_8,0.5024,0.188296178,4.19,1.35,121.7664,13.5912,138.05,13.44,NA,NA,NA,NA,NA,NA,NA,NA,NA,NA,NA,1.12
Brown_et_al_2026,Mission Bay,MB17-05,8,9,MB17-05_9,0.6779,0.132172887,NA,NA,NA,NA,NA,NA,NA,NA,NA,NA,NA,NA,NA,NA,NA,NA,NA,NA
Brown_et_al_2026,Mission Bay,MB17-05,9,10,MB17-05_10,0.6404,0.1558401,3.26,0.95,71.0485,9.4261,92.62,9.31,NA,NA,NA,NA,NA,NA,NA,NA,NA,NA,NA,0.79
Brown_et_al_2026,Mission Bay,MB17-05,10,11,MB17-05_11,0.5448,0.098935389,NA,NA,NA,NA,NA,NA,NA,NA,NA,NA,NA,NA,NA,NA,NA,NA,NA,NA
Brown_et_al_2026,Mission Bay,MB17-05,11,12,MB17-05_12,0.6325,0.139920949,3.14,1.26,53.2084,12.5687,78.16,12.39,NA,NA,NA,NA,NA,NA,NA,NA,NA,NA,NA,1.18
Brown_et_al_2026,Mission Bay,MB17-05,12,13,MB17-05_13,0.4957,0.131531168,NA,NA,NA,NA,NA,NA,NA,NA,NA,NA,NA,NA,NA,NA,NA,NA,NA,NA
Brown_et_al_2026,Mission Bay,MB17-05,13,14,MB17-05_14,1.1348,0.04141699,4.62,0.91,7.3912,7.294,22.59,7.17,NA,NA,NA,NA,NA,NA,NA,NA,NA,NA,NA,0.76
Brown_et_al_2026,Mission Bay,MB17-05,14,15,MB17-05_15,0.3618,0.221116639,NA,NA,NA,NA,NA,NA,NA,NA,NA,NA,NA,NA,NA,NA,NA,NA,NA,NA
Brown_et_al_2026,Mission Bay,MB17-05,15,16,MB17-05_16,0.7615,0.119894944,NA,NA,NA,NA,NA,NA,NA,NA,NA,NA,NA,NA,NA,NA,NA,NA,NA,NA
Brown_et_al_2026,Mission Bay,MB17-05,16,17,MB17-05_17,0.9099,0.087592043,NA,NA,NA,NA,NA,NA,NA,NA,NA,NA,NA,NA,NA,NA,NA,NA,NA,NA
Brown_et_al_2026,Mission Bay,MB17-05,17,18,MB17-05_18,0.9899,0.064855036,5,0.79,0,5.8379,8.63,5.73,NA,NA,NA,NA,NA,NA,NA,NA,NA,NA,NA,0.63
Brown_et_al_2026,Mission Bay,MB17-05,18,19,MB17-05_19,1.1386,0.02994906,NA,NA,NA,NA,NA,NA,NA,NA,NA,NA,NA,NA,NA,NA,NA,NA,NA,NA
Brown_et_al_2026,Mission Bay,MB17-05,19,20,MB17-05_20,1.6551,0.320766117,NA,NA,NA,NA,NA,NA,NA,NA,NA,NA,NA,NA,NA,NA,NA,NA,NA,NA
Brown_et_al_2026,Mission Bay,MB17-05,20,21,MB17-05_21,1.2064,0.016412467,NA,NA,NA,NA,NA,NA,NA,NA,NA,NA,NA,NA,NA,NA,NA,NA,NA,NA
Brown_et_al_2026,Mission Bay,MB17-05,21,22,MB17-05_22,1.3528,0.01759314,1.07,0.56,0,4.5107,11.5,4.42,NA,NA,NA,NA,NA,NA,NA,NA,NA,NA,0.25,0.49
Brown_et_al_2026,Mission Bay,MB17-05,22,23,MB17-05_23,1.3706,0.01466511,NA,NA,NA,NA,NA,NA,NA,NA,NA,NA,NA,NA,NA,NA,NA,NA,NA,NA
Brown_et_al_2026,Mission Bay,MB17-05,23,24,MB17-05_24,1.4419,0.012691587,NA,NA,NA,NA,NA,NA,NA,NA,NA,NA,NA,NA,NA,NA,NA,NA,NA,NA
Brown_et_al_2026,Mission Bay,MB17-05,24,25,MB17-05_25,1.3991,0.014652276,NA,NA,NA,NA,NA,NA,NA,NA,NA,NA,NA,NA,NA,NA,NA,NA,NA,NA
Brown_et_al_2026,Mission Bay,MB17-05,25,26,MB17-05_26,1.2717,0.014390186,NA,NA,NA,NA,NA,NA,NA,NA,NA,NA,NA,NA,NA,NA,NA,NA,NA,NA
Brown_et_al_2026,Mission Bay,MB17-05,26,27,MB17-05_27,0.7305,0.109924709,NA,NA,NA,NA,NA,NA,NA,NA,NA,NA,NA,NA,NA,NA,NA,NA,NA,NA
Brown_et_al_2026,Mission Bay,MB17-05,27,28,MB17-05_28,0.4408,0.183303085,3.2,0.4,9.4031,11.4878,0.92,2.34,NA,NA,NA,NA,NA,NA,NA,NA,NA,NA,NA,0.25
Brown_et_al_2026,Mission Bay,MB17-05,28,29,MB17-05_29,0.3794,0.220084344,NA,NA,NA,NA,NA,NA,NA,NA,NA,NA,NA,NA,NA,NA,NA,NA,NA,NA
Brown_et_al_2026,Mission Bay,MB17-05,29,30,MB17-05_30,0.4321,0.187919463,6.64,0.54,NA,NA,8.47,2.6,NA,NA,NA,NA,NA,NA,NA,NA,NA,NA,0.16,0.28
Brown_et_al_2026,Mission Bay,MB17-05,30,31,MB17-05_31,0.7531,0.125614128,NA,NA,NA,NA,NA,NA,NA,NA,NA,NA,NA,NA,NA,NA,NA,NA,NA,NA
Brown_et_al_2026,Mission Bay,MB17-05,31,32,MB17-05_32,1.0559,0.104176532,8.43,0.63,NA,NA,6.02,2.64,NA,NA,NA,NA,NA,NA,NA,NA,NA,NA,0.14,0.3
Brown_et_al_2026,Mission Bay,MB17-05,32,33,MB17-05_33,1.0614,0.091765593,NA,NA,NA,NA,NA,NA,NA,NA,NA,NA,NA,NA,NA,NA,NA,NA,NA,NA
Brown_et_al_2026,Mission Bay,MB17-05,33,34,MB17-05_34,0.9484,0.11218895,NA,NA,NA,NA,NA,NA,NA,NA,NA,NA,NA,NA,NA,NA,NA,NA,NA,NA
Brown_et_al_2026,Mission Bay,MB17-05,34,35,MB17-05_35,1.0839,0.015222807,NA,NA,NA,NA,NA,NA,NA,NA,NA,NA,NA,NA,NA,NA,NA,NA,NA,NA
Brown_et_al_2026,Mission Bay,MB17-05,35,36,MB17-05_36,1.7178,0.033007335,NA,NA,NA,NA,NA,NA,NA,NA,NA,NA,NA,NA,NA,NA,NA,NA,NA,NA
Brown_et_al_2026,Mission Bay,MB17-05,36,37,MB17-05_37,1.6988,0.028549564,NA,NA,NA,NA,NA,NA,NA,NA,NA,NA,NA,NA,NA,NA,NA,NA,NA,NA
Brown_et_al_2026,Mission Bay,MB17-05,37,38,MB17-05_38,1.2584,0.042275906,NA,NA,NA,NA,NA,NA,NA,NA,NA,NA,NA,NA,NA,NA,NA,NA,NA,NA
Brown_et_al_2026,Mission Bay,MB17-05,38,39,MB17-05_39,1.4204,0.050689946,NA,NA,NA,NA,NA,NA,NA,NA,NA,NA,NA,NA,NA,NA,NA,NA,NA,NA
Brown_et_al_2026,Mission Bay,MB17-05,39,40,MB17-05_40,1.226,0.060522023,NA,NA,NA,NA,NA,NA,NA,NA,NA,NA,NA,NA,NA,NA,NA,NA,NA,NA
Brown_et_al_2026,Mission Bay,MB17-05,40,41,MB17-05_41,1.0281,0.074506371,NA,NA,NA,NA,NA,NA,NA,NA,NA,NA,NA,NA,NA,NA,NA,NA,NA,NA
Brown_et_al_2026,Mission Bay,MB17-05,41,42,MB17-05_42,0.8375,0.098268657,NA,NA,NA,NA,NA,NA,NA,NA,NA,NA,NA,NA,NA,NA,NA,NA,NA,NA
Brown_et_al_2026,Mission Bay,MB17-05,42,43,MB17-05_43,0.7959,0.127779872,NA,NA,NA,NA,NA,NA,NA,NA,NA,NA,NA,NA,NA,NA,NA,NA,NA,NA
Brown_et_al_2026,Mission Bay,MB17-05,43,44,MB17-05_44,0.8834,0.075164139,NA,NA,NA,NA,NA,NA,NA,NA,NA,NA,NA,NA,NA,NA,NA,NA,NA,NA
Brown_et_al_2026,Mission Bay,MB17-05,44,45,MB17-05_45,0.9364,0.07101666,NA,NA,NA,NA,NA,NA,NA,NA,NA,NA,NA,NA,NA,NA,NA,NA,NA,NA
Brown_et_al_2026,Mission Bay,MB17-05,45,46,MB17-05_46,0.9672,0.060070306,NA,NA,NA,NA,NA,NA,NA,NA,NA,NA,NA,NA,NA,NA,NA,NA,NA,NA
Brown_et_al_2026,Mission Bay,MB17-05,46,47,MB17-05_47,1.1115,0.059649123,NA,NA,NA,NA,NA,NA,NA,NA,NA,NA,NA,NA,NA,NA,NA,NA,NA,NA
Brown_et_al_2026,Mission Bay,MB17-05,47,48,MB17-05_48,0.8377,0.090008356,NA,NA,NA,NA,NA,NA,NA,NA,NA,NA,NA,NA,NA,NA,NA,NA,NA,NA
Brown_et_al_2026,Mission Bay,MB17-05,48,49,MB17-05_49,0.82,0.097804878,NA,NA,NA,NA,NA,NA,NA,NA,NA,NA,NA,NA,NA,NA,NA,NA,NA,NA
Brown_et_al_2026,Mission Bay,MB17-05,50,51,MB17-05_51,0.7948,0.075113236,NA,NA,NA,NA,NA,NA,NA,NA,NA,NA,NA,NA,NA,NA,NA,NA,NA,NA
Brown_et_al_2026,Mission Bay,MB17-05,51,52,MB17-05_52,0.9313,0.061526897999999997,NA,NA,NA,NA,NA,NA,NA,NA,NA,NA,NA,NA,NA,NA,NA,NA,NA,NA
Brown_et_al_2026,Mission Bay,MB17-05,52,53,MB17-05_53,0.8825,0.076260623,NA,NA,NA,NA,NA,NA,NA,NA,NA,NA,NA,NA,NA,NA,NA,NA,NA,NA
Brown_et_al_2026,Mission Bay,MB17-05,53,54,MB17-05_54,0.8012,0.072641038,NA,NA,NA,NA,NA,NA,NA,NA,NA,NA,NA,NA,NA,NA,NA,NA,NA,NA
Brown_et_al_2026,Mission Bay,MB17-05,54,55,MB17-05_55,0.6512,0.100429975,NA,NA,NA,NA,NA,NA,NA,NA,NA,NA,NA,NA,NA,NA,NA,NA,NA,NA
Brown_et_al_2026,Mission Bay,MB17-05,55,56,MB17-05_56,0.7947,0.072228514,NA,NA,NA,NA,NA,NA,NA,NA,NA,NA,NA,NA,NA,NA,NA,NA,NA,NA
Brown_et_al_2026,Mission Bay,MB17-05,56,57,MB17-05_57,0.7163,0.077481502,NA,NA,NA,NA,NA,NA,NA,NA,NA,NA,NA,NA,NA,NA,NA,NA,NA,NA
Brown_et_al_2026,Mission Bay,MB17-05,57,58,MB17-05_58,0.8425,0.09388724,NA,NA,NA,NA,NA,NA,NA,NA,NA,NA,NA,NA,NA,NA,NA,NA,NA,NA
Brown_et_al_2026,Mission Bay,MB17-05,58,59,MB17-05_59,0.7563,0.074044691,NA,NA,NA,NA,NA,NA,NA,NA,NA,NA,NA,NA,NA,NA,NA,NA,NA,NA
Brown_et_al_2026,Mission Bay,MB17-05,59,60,MB17-05_60,0.6587,0.083649613,NA,NA,NA,NA,NA,NA,NA,NA,NA,NA,NA,NA,NA,NA,NA,NA,NA,NA
Brown_et_al_2026,Mission Bay,MB17-05,60,61,MB17-05_61,0.7726,0.072870826,NA,NA,NA,NA,NA,NA,NA,NA,NA,NA,NA,NA,NA,NA,NA,NA,NA,NA
Brown_et_al_2026,Mission Bay,MB17-05,61,62,MB17-05_62,0.6789,0.07512152,NA,NA,NA,NA,NA,NA,NA,NA,NA,NA,NA,NA,NA,NA,NA,NA,NA,NA
Brown_et_al_2026,Mission Bay,MB17-05,62,63,MB17-05_63,0.8525,0.086099707,NA,NA,NA,NA,NA,NA,NA,NA,NA,NA,NA,NA,NA,NA,NA,NA,NA,NA
Brown_et_al_2026,Mission Bay,MB17-05,63,64,MB17-05_64,0.628,0.100796178,NA,NA,NA,NA,NA,NA,NA,NA,NA,NA,NA,NA,NA,NA,NA,NA,NA,NA
Brown_et_al_2026,Mission Bay,MB17-05,64,65,MB17-05_65,0.8253,0.086150491,NA,NA,NA,NA,NA,NA,NA,NA,NA,NA,NA,NA,NA,NA,NA,NA,NA,NA
Brown_et_al_2026,Mission Bay,MB17-05,65,66,MB17-05_66,0.6616,0.086003628,NA,NA,NA,NA,NA,NA,NA,NA,NA,NA,NA,NA,NA,NA,NA,NA,NA,NA
Brown_et_al_2026,Mission Bay,MB17-05,66,67,MB17-05_67,0.8925,0.06442577,NA,NA,NA,NA,NA,NA,NA,NA,NA,NA,NA,NA,NA,NA,NA,NA,NA,NA
Brown_et_al_2026,Mission Bay,MB17-05,67,68,MB17-05_68,0.8732,0.06951443,NA,NA,NA,NA,NA,NA,NA,NA,NA,NA,NA,NA,NA,NA,NA,NA,NA,NA
Brown_et_al_2026,Mission Bay,MB17-05,68,69,MB17-05_69,0.6514,0.065397605,NA,NA,NA,NA,NA,NA,NA,NA,NA,NA,NA,NA,NA,NA,NA,NA,NA,NA
Brown_et_al_2026,Mission Bay,MB17-05,69,70,MB17-05_70,0.7923,0.059573394,NA,NA,NA,NA,NA,NA,NA,NA,NA,NA,NA,NA,NA,NA,NA,NA,NA,NA
Brown_et_al_2026,Mission Bay,MB17-05,70,71,MB17-05_71,0.7956,0.059954751,NA,NA,NA,NA,NA,NA,NA,NA,NA,NA,NA,NA,NA,NA,NA,NA,NA,NA
Brown_et_al_2026,Mission Bay,MB17-05,71,72,MB17-05_72,1.0658,0.065959842,NA,NA,NA,NA,NA,NA,NA,NA,NA,NA,NA,NA,NA,NA,NA,NA,NA,NA
Brown_et_al_2026,Mission Bay,MB17-05,72,73,MB17-05_73,0.854,0.062412178,NA,NA,NA,NA,NA,NA,NA,NA,NA,NA,NA,NA,NA,NA,NA,NA,NA,NA
Brown_et_al_2026,Mission Bay,MB17-05,73,74,MB17-05_74,0.772,0.066968912,NA,NA,NA,NA,NA,NA,NA,NA,NA,NA,NA,NA,NA,NA,NA,NA,NA,NA
Brown_et_al_2026,Mission Bay,MB17-05,74,75,MB17-05_75,0.6926,0.079988449,NA,NA,NA,NA,NA,NA,NA,NA,NA,NA,NA,NA,NA,NA,NA,NA,NA,NA
Brown_et_al_2026,Mission Bay,MB17-05,75,76,MB17-05_76,0.7743,0.07335658,NA,NA,NA,NA,NA,NA,NA,NA,NA,NA,NA,NA,NA,NA,NA,NA,NA,NA
Brown_et_al_2026,Mission Bay,MB17-05,76,77,MB17-05_77,0.8219,0.080910086,NA,NA,NA,NA,NA,NA,NA,NA,NA,NA,NA,NA,NA,NA,NA,NA,NA,NA
Brown_et_al_2026,Mission Bay,MB17-05,78,79,MB17-05_79,0.8753,0.056894779,NA,NA,NA,NA,NA,NA,NA,NA,NA,NA,NA,NA,NA,NA,NA,NA,NA,NA
Brown_et_al_2026,Mission Bay,MB17-05,79,80,MB17-05_80,0.9705,0.051622875,NA,NA,NA,NA,NA,NA,NA,NA,NA,NA,NA,NA,NA,NA,NA,NA,NA,NA
Brown_et_al_2026,Mission Bay,MB17-05,80,81,MB17-05_81,1.0281,0.057679214,NA,NA,NA,NA,NA,NA,NA,NA,NA,NA,NA,NA,NA,NA,NA,NA,NA,NA
Brown_et_al_2026,Mission Bay,MB17-05,81,82,MB17-05_82,0.9549,0.059482668,NA,NA,NA,NA,NA,NA,NA,NA,NA,NA,NA,NA,NA,NA,NA,NA,NA,NA
Brown_et_al_2026,Mission Bay,MB17-05,82,83,MB17-05_83,1.0257,0.053524422,NA,NA,NA,NA,NA,NA,NA,NA,NA,NA,NA,NA,NA,NA,NA,NA,NA,NA
Brown_et_al_2026,Mission Bay,MB17-05,83,84,MB17-05_84,1.0606,0.054780313,NA,NA,NA,NA,NA,NA,NA,NA,NA,NA,NA,NA,NA,NA,NA,NA,NA,NA
Brown_et_al_2026,Mission Bay,MB17-05,84,85,MB17-05_85,1.5725,0.039236884,NA,NA,NA,NA,NA,NA,NA,NA,NA,NA,NA,NA,NA,NA,NA,NA,NA,NA
Brown_et_al_2026,Mission Bay,MB17-05,85,86,MB17-05_86,0.95966,0.062793073,NA,NA,NA,NA,NA,NA,NA,NA,NA,NA,NA,NA,NA,NA,NA,NA,NA,NA
Brown_et_al_2026,Mission Bay,MB17-05,86,87,MB17-05_87,1.1074,0.04605382,NA,NA,NA,NA,NA,NA,NA,NA,NA,NA,NA,NA,NA,NA,NA,NA,NA,NA
Brown_et_al_2026,Mission Bay,MB17-05,87,88,MB17-05_88,1.396,0.053151862,NA,NA,NA,NA,NA,NA,NA,NA,NA,NA,NA,NA,NA,NA,NA,NA,NA,NA
Brown_et_al_2026,Mission Bay,MB17-05,88,89,MB17-05_89,0.9893,0.058222986,NA,NA,NA,NA,NA,NA,NA,NA,NA,NA,NA,NA,NA,NA,NA,NA,NA,NA
Brown_et_al_2026,Mission Bay,MB17-05,89,90,MB17-05_90,1.0703,0.0609175,NA,NA,NA,NA,NA,NA,NA,NA,NA,NA,NA,NA,NA,NA,NA,NA,NA,NA
Brown_et_al_2026,Mission Bay,MB17-05,90,91,MB17-05_91,1.1035,0.055822383,NA,NA,NA,NA,NA,NA,NA,NA,NA,NA,NA,NA,NA,NA,NA,NA,NA,NA
Brown_et_al_2026,Mission Bay,MB17-05,91,92,MB17-05_92,1.0214,0.057568044,NA,NA,NA,NA,NA,NA,NA,NA,NA,NA,NA,NA,NA,NA,NA,NA,NA,NA
Brown_et_al_2026,Mission Bay,MB17-05,92,93,MB17-05_93,1.2325,0.057606491,NA,NA,NA,NA,NA,NA,NA,NA,NA,NA,NA,NA,NA,NA,NA,NA,NA,NA
Brown_et_al_2026,Mission Bay,MB17-05,93,94,MB17-05_94,0.9704,0.052658697,NA,NA,NA,NA,NA,NA,NA,NA,NA,NA,NA,NA,NA,NA,NA,NA,NA,NA
Brown_et_al_2026,Mission Bay,MB17-05,94,95,MB17-05_95,1.0463,0.054477683,NA,NA,NA,NA,NA,NA,NA,NA,NA,NA,NA,NA,NA,NA,NA,NA,NA,NA
Brown_et_al_2026,Mission Bay,MB17-05,95,96,MB17-05_96,0.9707,0.053775626,NA,NA,NA,NA,NA,NA,NA,NA,NA,NA,NA,NA,NA,NA,NA,NA,NA,NA
Brown_et_al_2026,Mission Bay,MB17-05,96,97,MB17-05_97,1.0308,0.049282111,NA,NA,NA,NA,NA,NA,NA,NA,NA,NA,NA,NA,NA,NA,NA,NA,NA,NA
Brown_et_al_2026,Mission Bay,MB17-05,97,98,MB17-05_98,0.8864,0.055843863,NA,NA,NA,NA,NA,NA,NA,NA,NA,NA,NA,NA,NA,NA,NA,NA,NA,NA
Brown_et_al_2026,Mission Bay,MB17-05,98,99,MB17-05_99,1.2387,0.048922257,NA,NA,NA,NA,NA,NA,NA,NA,NA,NA,NA,NA,NA,NA,NA,NA,NA,NA
Brown_et_al_2026,Mission Bay,MB17-05,99,100,MB17-05_100,1.1274,0.045769026,NA,NA,NA,NA,NA,NA,NA,NA,NA,NA,NA,NA,NA,NA,NA,NA,NA,NA
Brown_et_al_2026,Mission Bay,MB17-05,109,110,MB17-05_110,NA,NA,NA,NA,NA,NA,NA,NA,NA,NA,335,15,terrestrial,MB17-05-110,0.958928669,0.001312297,-41.0713306,1.312297134,NA,NA
Brown_et_al_2026,Mission Bay,MB17-05,143,144,MB17-05_144,NA,NA,NA,NA,NA,NA,NA,NA,NA,NA,915,15,terrestrial,MB17-05-144,0.892484239,0.001239357,-107.5157607,1.239357026,NA,NA
Brown_et_al_2026,Mission Bay,MB17-05,147,148,MB17-05_148,NA,NA,NA,NA,NA,NA,NA,NA,NA,NA,1070,15,terrestrial,MB17-05-148,0.875,0.0013,-125,1.3,NA,NA
Brown_et_al_2026,Mission Bay,MB17-08,70,71,MB17-08_71,NA,NA,NA,NA,NA,NA,NA,NA,NA,NA,335,15,terrestrial,MB17-08-71 .23mgC,0.9594,0.0015,-40.6,1.5,NA,NA
Brown_et_al_2026,Mission Bay,MB17-08,129,130,MB17-08_130,NA,NA,NA,NA,NA,NA,NA,NA,NA,NA,700,15,terrestrial,MB17-08-130,0.916304355,0.001445625,-83.69564537,1.44562546,NA,NA
Brown_et_al_2026,Mission Bay,MB17-08,166,167,MB17-08_167,NA,NA,NA,NA,NA,NA,NA,NA,NA,NA,760,15,terrestrial,MB17-08-167,0.909815837,0.00139665,-90.18416307,1.396649798,NA,NA
Brown_et_al_2026,Mugu,MGL13-01,0,1,MGL13-01_1,0.6307,0.0656,NA,NA,NA,NA,NA,NA,NA,NA,NA,NA,NA,NA,NA,NA,NA,NA,NA,NA
Brown_et_al_2026,Mugu,MGL13-01,1,2,MGL13-01_2,0.3897,0.1006,NA,NA,NA,NA,NA,NA,NA,NA,NA,NA,NA,NA,NA,NA,NA,NA,NA,NA
Brown_et_al_2026,Mugu,MGL13-01,2,3,MGL13-01_3,0.511,0.1777,NA,NA,NA,NA,NA,NA,NA,NA,NA,NA,NA,NA,NA,NA,NA,NA,NA,NA
Brown_et_al_2026,Mugu,MGL13-01,3,4,MGL13-01_4,0.6986,0.0522,NA,NA,NA,NA,NA,NA,NA,NA,NA,NA,NA,NA,NA,NA,NA,NA,NA,NA
Brown_et_al_2026,Mugu,MGL13-01,4,5,MGL13-01_5,0.6626,0.0641,NA,NA,NA,NA,NA,NA,NA,NA,NA,NA,NA,NA,NA,NA,NA,NA,NA,NA
Brown_et_al_2026,Mugu,MGL13-01,5,6,MGL13-01_6,0.7483,0.0675,NA,NA,NA,NA,NA,NA,NA,NA,NA,NA,NA,NA,NA,NA,NA,NA,NA,NA
Brown_et_al_2026,Mugu,MGL13-01,6,7,MGL13-01_7,0.9333,0.0351,NA,NA,NA,NA,NA,NA,NA,NA,NA,NA,NA,NA,NA,NA,NA,NA,NA,NA
Brown_et_al_2026,Mugu,MGL13-01,7,8,MGL13-01_8,0.8714,0.0503,NA,NA,NA,NA,NA,NA,NA,NA,NA,NA,NA,NA,NA,NA,NA,NA,NA,NA
Brown_et_al_2026,Mugu,MGL13-01,8,9,MGL13-01_9,0.9154,0.0622,NA,NA,NA,NA,NA,NA,NA,NA,NA,NA,NA,NA,NA,NA,NA,NA,NA,NA
Brown_et_al_2026,Mugu,MGL13-01,9,10,MGL13-01_10,0.577,0.06,NA,NA,NA,NA,NA,NA,NA,NA,NA,NA,NA,NA,NA,NA,NA,NA,NA,NA
Brown_et_al_2026,Mugu,MGL13-01,10,11,MGL13-01_11,0.8457,0.0404,NA,NA,NA,NA,NA,NA,NA,NA,NA,NA,NA,NA,NA,NA,NA,NA,NA,NA
Brown_et_al_2026,Mugu,MGL13-01,12,13,MGL13-01_13,1.1442,0.0087,NA,NA,NA,NA,NA,NA,NA,NA,NA,NA,NA,NA,NA,NA,NA,NA,NA,NA
Brown_et_al_2026,Mugu,MGL13-01,13,14,MGL13-01_14,1.0818,0.0047,NA,NA,NA,NA,NA,NA,NA,NA,NA,NA,NA,NA,NA,NA,NA,NA,NA,NA
Brown_et_al_2026,Mugu,MGL13-01,14,15,MGL13-01_15,1.5488,0.0059,NA,NA,NA,NA,NA,NA,NA,NA,NA,NA,NA,NA,NA,NA,NA,NA,NA,NA
Brown_et_al_2026,Mugu,MGL13-01,15,16,MGL13-01_16,1.1028,0.0068,NA,NA,NA,NA,NA,NA,NA,NA,NA,NA,NA,NA,NA,NA,NA,NA,NA,NA
Brown_et_al_2026,Mugu,MGL13-01,16,17,MGL13-01_17,1.5364,0.0097,NA,NA,NA,NA,NA,NA,NA,NA,NA,NA,NA,NA,NA,NA,NA,NA,NA,NA
Brown_et_al_2026,Mugu,MGL13-01,17,18,MGL13-01_18,0.9916,0.0094,NA,NA,NA,NA,NA,NA,NA,NA,NA,NA,NA,NA,NA,NA,NA,NA,NA,NA
Brown_et_al_2026,Mugu,MGL13-01,19,20,MGL13-01_20,1.0808,0.3712,1.821288107,0.757850786,10.95072303,7.849196958,46.26276335,6.598254741,35.59170728,3.868622567,NA,NA,NA,NA,NA,NA,NA,NA,NA,NA
Brown_et_al_2026,Mugu,MGL13-01,20,21,MGL13-01_21,1.8683,0.0081,NA,NA,NA,NA,NA,NA,NA,NA,NA,NA,NA,NA,NA,NA,NA,NA,NA,NA
Brown_et_al_2026,Mugu,MGL13-01,21,22,MGL13-01_22,1.1246,0.0083,NA,NA,NA,NA,NA,NA,NA,NA,NA,NA,NA,NA,NA,NA,NA,NA,NA,NA
Brown_et_al_2026,Mugu,MGL13-01,22,23,MGL13-01_23,1.2458,0.0055,NA,NA,NA,NA,NA,NA,NA,NA,NA,NA,NA,NA,NA,NA,NA,NA,NA,NA
Brown_et_al_2026,Mugu,MGL13-01,23,24,MGL13-01_24,1.1726,0.0209,NA,NA,NA,NA,NA,NA,NA,NA,NA,NA,NA,NA,NA,NA,NA,NA,NA,NA
Brown_et_al_2026,Mugu,MGL13-01,24,25,MGL13-01_25,1.365,0.0224,NA,NA,NA,NA,NA,NA,NA,NA,NA,NA,NA,NA,NA,NA,NA,NA,NA,NA
Brown_et_al_2026,Mugu,MGL13-01,25,26,MGL13-01_26,1.2111,0.018,NA,NA,NA,NA,NA,NA,NA,NA,NA,NA,NA,NA,NA,NA,NA,NA,NA,NA
Brown_et_al_2026,Mugu,MGL13-01,26,27,MGL13-01_27,1.2549,0.0209,NA,NA,NA,NA,NA,NA,NA,NA,NA,NA,NA,NA,NA,NA,NA,NA,NA,NA
Brown_et_al_2026,Mugu,MGL13-01,27,28,MGL13-01_28,1.2593,0.0241,NA,NA,NA,NA,NA,NA,NA,NA,NA,NA,NA,NA,NA,NA,NA,NA,NA,NA
Brown_et_al_2026,Mugu,MGL13-01,28,29,MGL13-01_29,1.3754,0.0228,NA,NA,NA,NA,NA,NA,NA,NA,NA,NA,NA,NA,NA,NA,NA,NA,NA,NA
Brown_et_al_2026,Mugu,MGL13-01,30,31,MGL13-01_31,1.3166,0.0112,NA,NA,NA,NA,NA,NA,NA,NA,NA,NA,NA,NA,NA,NA,NA,NA,NA,NA
Brown_et_al_2026,Mugu,MGL13-01,31,32,MGL13-01_32,1.5899,0.0115,NA,NA,NA,NA,NA,NA,NA,NA,NA,NA,NA,NA,NA,NA,NA,NA,NA,NA
Brown_et_al_2026,Mugu,MGL13-01,32,33,MGL13-01_33,1.0642,0.0107,NA,NA,NA,NA,NA,NA,NA,NA,NA,NA,NA,NA,NA,NA,NA,NA,NA,NA
Brown_et_al_2026,Mugu,MGL13-01,33,34,MGL13-01_34,1.1755,0.0121,NA,NA,NA,NA,NA,NA,NA,NA,NA,NA,NA,NA,NA,NA,NA,NA,NA,NA
Brown_et_al_2026,Mugu,MGL13-01,34,35,MGL13-01_35,1.2776,0.0117,NA,NA,NA,NA,NA,NA,NA,NA,NA,NA,NA,NA,NA,NA,NA,NA,NA,NA
Brown_et_al_2026,Mugu,MGL13-01,35,36,MGL13-01_36,1.5039,0.0252,-0.158951167,0.868821811,2.036963729,7.025449137,50.80447379,4.480394539,48.81919355,5.177849674,NA,NA,NA,NA,NA,NA,NA,NA,NA,NA
Brown_et_al_2026,Mugu,MGL13-01,36,37,MGL13-01_37,1.0402,0.0208,NA,NA,NA,NA,NA,NA,NA,NA,NA,NA,NA,NA,NA,NA,NA,NA,NA,NA
Brown_et_al_2026,Mugu,MGL13-01,37,38,MGL13-01_38,1.1877,0.0227,NA,NA,NA,NA,NA,NA,NA,NA,NA,NA,NA,NA,NA,NA,NA,NA,NA,NA
Brown_et_al_2026,Mugu,MGL13-01,38,39,MGL13-01_39,1.3957,0.0274,NA,NA,NA,NA,NA,NA,NA,NA,NA,NA,NA,NA,NA,NA,NA,NA,NA,NA
Brown_et_al_2026,Mugu,MGL13-01,39,40,MGL13-01_40,1.326,0.0219,NA,NA,NA,NA,NA,NA,NA,NA,NA,NA,NA,NA,NA,NA,NA,NA,NA,NA
Brown_et_al_2026,Mugu,MGL13-01,40,41,MGL13-01_41,1.2255,0.0323,NA,NA,NA,NA,NA,NA,NA,NA,NA,NA,NA,NA,NA,NA,NA,NA,NA,NA
Brown_et_al_2026,Mugu,MGL13-01,41,42,MGL13-01_42,1.1047,0.0243,NA,NA,NA,NA,NA,NA,NA,NA,NA,NA,NA,NA,NA,NA,NA,NA,NA,NA
Brown_et_al_2026,Mugu,MGL13-01,42,43,MGL13-01_43,1.7481,0.017,NA,NA,NA,NA,NA,NA,NA,NA,NA,NA,NA,NA,NA,NA,NA,NA,NA,NA
Brown_et_al_2026,Mugu,MGL13-01,43,44,MGL13-01_44,1.2467,0.0264,NA,NA,NA,NA,NA,NA,NA,NA,NA,NA,NA,NA,NA,NA,NA,NA,NA,NA
Brown_et_al_2026,Mugu,MGL13-01,44,45,MGL13-01_45,1.8852,0.0176,NA,NA,NA,NA,NA,NA,NA,NA,NA,NA,NA,NA,NA,NA,NA,NA,NA,NA
Brown_et_al_2026,Mugu,MGL13-01,45,46,MGL13-01_46,1.5451,0.0104,NA,NA,NA,NA,NA,NA,NA,NA,NA,NA,NA,NA,NA,NA,NA,NA,NA,NA
Brown_et_al_2026,Mugu,MGL13-01,46,47,MGL13-01_47,1.3528,0.0171,NA,NA,NA,NA,NA,NA,NA,NA,NA,NA,NA,NA,NA,NA,NA,NA,NA,NA
Brown_et_al_2026,Mugu,MGL13-01,47,48,MGL13-01_48,1.0152,0.0212,NA,NA,NA,NA,NA,NA,NA,NA,NA,NA,NA,NA,NA,NA,NA,NA,NA,NA
Brown_et_al_2026,Mugu,MGL13-01,48,49,MGL13-01_49,1.3624,0.0317,NA,NA,NA,NA,NA,NA,NA,NA,NA,NA,NA,NA,NA,NA,NA,NA,NA,NA
Brown_et_al_2026,Mugu,MGL13-01,49,50,MGL13-01_50,0.8544,0.0351,0.952737816,0.765910231,-4.624434226,7.166300682,45.64836129,4.609933302,50.15392667,5.243868527,NA,NA,NA,NA,NA,NA,NA,NA,NA,NA
Brown_et_al_2026,Mugu,MGL13-05,0,1,MGL13-05_1,1.3183,0.138543269,NA,NA,NA,NA,NA,NA,NA,NA,NA,NA,NA,NA,NA,NA,NA,NA,NA,NA
Brown_et_al_2026,Mugu,MGL13-05,1,2,MGL13-05_2,1.3525,0.131975668,4.499514891,0.597770336,34.14247682,8.05918941,90.26829912,4.918226755,57.69813119,5.909077426,NA,NA,NA,NA,NA,NA,NA,NA,NA,NA
Brown_et_al_2026,Mugu,MGL13-05,2,3,MGL13-05_3,1.8297,0.083817574,NA,NA,NA,NA,NA,NA,NA,NA,NA,NA,NA,NA,NA,NA,NA,NA,NA,NA
Brown_et_al_2026,Mugu,MGL13-05,3,4,MGL13-05_4,1.7268,0.233041104,1.817909989,0.372112169,0.320280986,8.585834965,71.78176508,3.826205054,71.47633747,7.238638902,NA,NA,NA,NA,NA,NA,NA,NA,NA,NA
Brown_et_al_2026,Mugu,MGL13-05,4,5,MGL13-05_5,1.8255,0.048741419,NA,NA,NA,NA,NA,NA,NA,NA,NA,NA,NA,NA,NA,NA,NA,NA,NA,NA
Brown_et_al_2026,Mugu,MGL13-05,5,6,MGL13-05_6,1.5345,0.096430947,NA,NA,NA,NA,NA,NA,NA,NA,NA,NA,NA,NA,NA,NA,NA,NA,NA,NA
Brown_et_al_2026,Mugu,MGL13-05,6,7,MGL13-05_7,1.9269,0.075092327,NA,NA,NA,NA,NA,NA,NA,NA,NA,NA,NA,NA,NA,NA,NA,NA,NA,NA
Brown_et_al_2026,Mugu,MGL13-05,7,8,MGL13-05_8,1.5667,0.442225192,6.571256002,0.617658977,19.68815165,7.134899715,74.34157843,3.726990967,55.56808359,5.691768333,NA,NA,NA,NA,NA,NA,NA,NA,NA,NA
Brown_et_al_2026,Mugu,MGL13-05,8,9,MGL13-05_9,1.4176,0.097722263,NA,NA,NA,NA,NA,NA,NA,NA,NA,NA,NA,NA,NA,NA,NA,NA,NA,NA
Brown_et_al_2026,Mugu,MGL13-05,9,10,MGL13-05_10,1.8319,0.094256821,NA,NA,NA,NA,NA,NA,NA,NA,NA,NA,NA,NA,NA,NA,NA,NA,NA,NA
Brown_et_al_2026,Mugu,MGL13-05,10,11,MGL13-05_11,1.3193,0.102481556,5.421933712,0.565757803,14.90784151,6.569973507,65.19116765,3.446813655,50.97832226,5.230030664,NA,NA,NA,NA,NA,NA,NA,NA,NA,NA
Brown_et_al_2026,Mugu,MGL13-05,11,12,MGL13-05_12,1.6218,0.093040847,NA,NA,NA,NA,NA,NA,NA,NA,NA,NA,NA,NA,NA,NA,NA,NA,NA,NA
Brown_et_al_2026,Mugu,MGL13-05,12,13,MGL13-05_13,1.5194,0.100921768,NA,NA,NA,NA,NA,NA,NA,NA,NA,NA,NA,NA,NA,NA,NA,NA,NA,NA
Brown_et_al_2026,Mugu,MGL13-05,13,14,MGL13-05_14,1.4627,0.104074074,NA,NA,NA,NA,NA,NA,NA,NA,NA,NA,NA,NA,NA,NA,NA,NA,NA,NA
Brown_et_al_2026,Mugu,MGL13-05,14,15,MGL13-05_15,1.6998,0.081661037,4.943332586,0.539008519,14.43255695,7.536757597,69.60102329,4.343016774,55.84481734,5.722044236,NA,NA,NA,NA,NA,NA,NA,NA,NA,NA
Brown_et_al_2026,Mugu,MGL13-05,15,16,MGL13-05_16,1.4016,0.102789053,NA,NA,NA,NA,NA,NA,NA,NA,NA,NA,NA,NA,NA,NA,NA,NA,NA,NA
Brown_et_al_2026,Mugu,MGL13-05,16,17,MGL13-05_17,1.4252,0.063079577,NA,NA,NA,NA,NA,NA,NA,NA,NA,NA,NA,NA,NA,NA,NA,NA,NA,NA
Brown_et_al_2026,Mugu,MGL13-05,17,18,MGL13-05_18,1.7682,0.087067983,NA,NA,NA,NA,NA,NA,NA,NA,NA,NA,NA,NA,NA,NA,NA,NA,NA,NA
Brown_et_al_2026,Mugu,MGL13-05,18,19,MGL13-05_19,1.7913,0.090007416,NA,NA,NA,NA,NA,NA,NA,NA,NA,NA,NA,NA,NA,NA,NA,NA,NA,NA
Brown_et_al_2026,Mugu,MGL13-05,19,20,MGL13-05_20,1.5588,0.073094397,3.652710028,0.519678686,-0.938659954,8.114763562,62.29121866,4.270161272,63.18573806,6.447292595,NA,NA,NA,NA,NA,NA,NA,NA,NA,NA
Brown_et_al_2026,Mugu,MGL13-05,20,21,MGL13-05_21,1.5393,0.161145492,NA,NA,NA,NA,NA,NA,NA,NA,NA,NA,NA,NA,NA,NA,NA,NA,NA,NA
Brown_et_al_2026,Mugu,MGL13-05,21,22,MGL13-05_22,1.5047,0.142630326,NA,NA,NA,NA,NA,NA,NA,NA,NA,NA,NA,NA,NA,NA,NA,NA,NA,NA
Brown_et_al_2026,Mugu,MGL13-05,22,23,MGL13-05_23,1.5796,0.10562276,NA,NA,NA,NA,NA,NA,NA,NA,NA,NA,NA,NA,NA,NA,NA,NA,NA,NA
Brown_et_al_2026,Mugu,MGL13-05,23,24,MGL13-05_24,1.4195,0.065426555,5.474365267,0.665461714,-0.046152522,9.187767233,71.14450615,4.868192744,71.18847712,7.274892024,NA,NA,NA,NA,NA,NA,NA,NA,NA,NA
Brown_et_al_2026,Mugu,MGL13-05,24,25,MGL13-05_25,1.44,0.102342342,NA,NA,NA,NA,NA,NA,NA,NA,NA,NA,NA,NA,NA,NA,NA,NA,NA,NA
Brown_et_al_2026,Mugu,MGL13-05,25,26,MGL13-05_26,1.5857,0.064794612,NA,NA,NA,NA,NA,NA,NA,NA,NA,NA,NA,NA,NA,NA,NA,NA,NA,NA
Brown_et_al_2026,Mugu,MGL13-05,26,27,MGL13-05_27,1.7805,0.088708152,NA,NA,NA,NA,NA,NA,NA,NA,NA,NA,NA,NA,NA,NA,NA,NA,NA,NA
Brown_et_al_2026,Mugu,MGL13-05,27,28,MGL13-05_28,1.2074,0.194190211,23.569979,0.983867879,12.27151868,6.637186695,53.34095614,4.581181869,41.65247626,4.356429798,NA,NA,NA,NA,NA,NA,NA,NA,NA,NA
Brown_et_al_2026,Mugu,MGL13-05,28,29,MGL13-05_29,1.4469,0.159136162,NA,NA,NA,NA,NA,NA,NA,NA,NA,NA,NA,NA,NA,NA,NA,NA,NA,NA
Brown_et_al_2026,Mugu,MGL13-05,29,30,MGL13-05_30,1.6358,0.109541853,NA,NA,NA,NA,NA,NA,NA,NA,NA,NA,NA,NA,NA,NA,NA,NA,NA,NA
Brown_et_al_2026,Mugu,MGL13-05,31,32,MGL13-05_32,0.8664,0.090143121,2.640042145,0.362415687,-15.62195057,7.807604591,49.93585364,3.501768226,64.81431501,6.559879486,NA,NA,NA,NA,NA,NA,NA,NA,NA,NA
Brown_et_al_2026,Mugu,MGL13-05,32,33,MGL13-05_33,1.8684,0.060901229,NA,NA,NA,NA,NA,NA,NA,NA,NA,NA,NA,NA,NA,NA,NA,NA,NA,NA
Brown_et_al_2026,Mugu,MGL13-05,33,34,MGL13-05_34,1.7444,0.073419128,NA,NA,NA,NA,NA,NA,NA,NA,NA,NA,NA,NA,NA,NA,NA,NA,NA,NA
Brown_et_al_2026,Mugu,MGL13-05,34,35,MGL13-05_35,1.4521,0.057710666,NA,NA,NA,NA,NA,NA,NA,NA,NA,NA,NA,NA,NA,NA,NA,NA,NA,NA
Brown_et_al_2026,Mugu,MGL13-05,35,36,MGL13-05_36,1.7915,0.074988652,2.640821154,0.480493487,-5.359819065,9.179984844,67.26632198,4.691577711,72.36975026,7.375067588,NA,NA,NA,NA,NA,NA,NA,NA,NA,NA
Brown_et_al_2026,Mugu,MGL13-05,36,37,MGL13-05_37,1.5086,0.082556905,NA,NA,NA,NA,NA,NA,NA,NA,NA,NA,NA,NA,NA,NA,NA,NA,NA,NA
Brown_et_al_2026,Mugu,MGL13-05,37,38,MGL13-05_38,1.6706,0.087210473,NA,NA,NA,NA,NA,NA,NA,NA,NA,NA,NA,NA,NA,NA,NA,NA,NA,NA
Brown_et_al_2026,Mugu,MGL13-05,38,39,MGL13-05_39,1.5423,0.079866146,NA,NA,NA,NA,NA,NA,NA,NA,NA,NA,NA,NA,NA,NA,NA,NA,NA,NA
Brown_et_al_2026,Mugu,MGL13-05,39,40,MGL13-05_40,1.8857,0.08125807,NA,NA,NA,NA,NA,NA,NA,NA,NA,NA,NA,NA,NA,NA,NA,NA,NA,NA
Brown_et_al_2026,Mugu,MGL13-05,40,41,MGL13-05_41,1.5633,0.089083479,NA,NA,NA,NA,NA,NA,NA,NA,NA,NA,NA,NA,NA,NA,NA,NA,NA,NA
Brown_et_al_2026,Mugu,MGL13-05,41,42,MGL13-05_42,1.6859,0.082975526,NA,NA,NA,NA,NA,NA,NA,NA,NA,NA,NA,NA,NA,NA,NA,NA,NA,NA
Brown_et_al_2026,Mugu,MGL13-05,42,43,MGL13-05_43,1.351,0.077728919,NA,NA,NA,NA,NA,NA,NA,NA,NA,NA,NA,NA,NA,NA,NA,NA,NA,NA
Brown_et_al_2026,Mugu,MGL13-05,43,44,MGL13-05_44,1.4564,0.088958595,NA,NA,NA,NA,NA,NA,NA,NA,NA,NA,NA,NA,NA,NA,NA,NA,NA,NA
Brown_et_al_2026,Mugu,MGL13-05,44,45,MGL13-05_45,1.5404,0.072813843,NA,NA,NA,NA,NA,NA,NA,NA,NA,NA,NA,NA,NA,NA,NA,NA,NA,NA
Brown_et_al_2026,Mugu,MGL13-05,45,46,MGL13-05_46,1.3165,0.081396986,NA,NA,NA,NA,NA,NA,NA,NA,NA,NA,NA,NA,NA,NA,NA,NA,NA,NA
Brown_et_al_2026,Mugu,MGL13-05,46,47,MGL13-05_47,1.5233,0.05878628,NA,NA,NA,NA,NA,NA,NA,NA,NA,NA,NA,NA,NA,NA,NA,NA,NA,NA
Brown_et_al_2026,Mugu,MGL13-05,47,48,MGL13-05_48,1.5148,0.057048458,NA,NA,NA,NA,NA,NA,NA,NA,NA,NA,NA,NA,NA,NA,NA,NA,NA,NA
Brown_et_al_2026,Mugu,MGL13-05,48,49,MGL13-05_49,1.5858,0.061331416,NA,NA,NA,NA,NA,NA,NA,NA,NA,NA,NA,NA,NA,NA,NA,NA,NA,NA
Brown_et_al_2026,Mugu,MGL13-05,49,50,MGL13-05_50,0.9869,0.050562367,NA,NA,NA,NA,NA,NA,NA,NA,NA,NA,NA,NA,NA,NA,NA,NA,NA,NA
Brown_et_al_2026,Mugu,MGL13-05,50,51,MGL13-05_51,1.3631,0.05794702,NA,NA,NA,NA,NA,NA,NA,NA,NA,NA,NA,NA,NA,NA,NA,NA,NA,NA
Brown_et_al_2026,Mugu,MGL13-05,51,52,MGL13-05_52,1.3631,0.076577802,NA,NA,NA,NA,NA,NA,NA,NA,NA,NA,NA,NA,NA,NA,NA,NA,NA,NA
Brown_et_al_2026,Mugu,MGL13-05,52,53,MGL13-05_53,1.4456,0.062085255,NA,NA,NA,NA,NA,NA,NA,NA,NA,NA,NA,NA,NA,NA,NA,NA,NA,NA
Brown_et_al_2026,Mugu,MGL13-05,53,54,MGL13-05_54,1.7929,0.041936257,NA,NA,NA,NA,NA,NA,NA,NA,NA,NA,NA,NA,NA,NA,NA,NA,NA,NA
Brown_et_al_2026,Mugu,MGL13-05,54,55,MGL13-05_55,1.825,0.046069144,NA,NA,NA,NA,NA,NA,NA,NA,NA,NA,NA,NA,NA,NA,NA,NA,NA,NA
Brown_et_al_2026,Mugu,MGL13-05,55,56,MGL13-05_56,1.7877,0.035869981,NA,NA,NA,NA,NA,NA,NA,NA,NA,NA,NA,NA,NA,NA,NA,NA,NA,NA
Brown_et_al_2026,Mugu,MGL13-05,56,57,MGL13-05_57,2.0279,0.028449047,NA,NA,NA,NA,NA,NA,NA,NA,NA,NA,NA,NA,NA,NA,NA,NA,NA,NA
Brown_et_al_2026,Mugu,MGL13-05,57,58,MGL13-05_58,1.9111,0.016901261,NA,NA,NA,NA,NA,NA,NA,NA,NA,NA,NA,NA,NA,NA,NA,NA,NA,NA
Brown_et_al_2026,Mugu,MGL13-05,58,59,MGL13-05_59,1.6052,0.03688014,NA,NA,NA,NA,NA,NA,NA,NA,NA,NA,NA,NA,NA,NA,NA,NA,NA,NA
Brown_et_al_2026,Mugu,MGL13-05,59,60,MGL13-05_60,1.8398,0.025307109,NA,NA,NA,NA,NA,NA,NA,NA,NA,NA,NA,NA,NA,NA,NA,NA,NA,NA
Brown_et_al_2026,Mugu,MGL13-05,60,61,MGL13-05_61,1.7876,0.012792029,NA,NA,NA,NA,NA,NA,NA,NA,NA,NA,NA,NA,NA,NA,NA,NA,NA,NA
Brown_et_al_2026,Mugu,MGL13-05,61,62,MGL13-05_62,1.7126,0.013005372,NA,NA,NA,NA,NA,NA,NA,NA,NA,NA,NA,NA,NA,NA,NA,NA,NA,NA
Brown_et_al_2026,Mugu,MGL13-05,62,63,MGL13-05_63,1.485,0.012188552,NA,NA,NA,NA,NA,NA,NA,NA,NA,NA,NA,NA,NA,NA,NA,NA,NA,NA
Brown_et_al_2026,Mugu,MGL13-05,63,64,MGL13-05_64,1.4889,0.011082007,NA,NA,NA,NA,NA,NA,NA,NA,NA,NA,NA,NA,NA,NA,NA,NA,NA,NA
Brown_et_al_2026,Mugu,MGL13-05,64,65,MGL13-05_65,1.5199,0.01072439,NA,NA,NA,NA,NA,NA,NA,NA,NA,NA,NA,NA,NA,NA,NA,NA,NA,NA
Brown_et_al_2026,Mugu,MGL13-05,65,66,MGL13-05_66,1.6088,0.011561412,NA,NA,NA,NA,NA,NA,NA,NA,NA,NA,NA,NA,NA,NA,NA,NA,NA,NA
Brown_et_al_2026,Mugu,MGL13-05,66,67,MGL13-05_67,1.6979,0.011602568,NA,NA,NA,NA,NA,NA,NA,NA,-190,15,terrestrial,MGL13-05-67,1.0244,0.0014,24.4,1.4,NA,NA
Brown_et_al_2026,Mugu,MGL13-05,67,68,MGL13-05_68,1.7474,0.011788944,NA,NA,NA,NA,NA,NA,NA,NA,NA,NA,NA,NA,NA,NA,NA,NA,NA,NA
Brown_et_al_2026,Mugu,MGL13-05,68,69,MGL13-05_69,2.0543,0.012801862,NA,NA,NA,NA,NA,NA,NA,NA,NA,NA,NA,NA,NA,NA,NA,NA,NA,NA
Brown_et_al_2026,Mugu,MGL13-05,69,70,MGL13-05_70,1.635,0.010214067,NA,NA,NA,NA,NA,NA,NA,NA,NA,NA,NA,NA,NA,NA,NA,NA,NA,NA
Brown_et_al_2026,Mugu,MGL13-05,70,71,MGL13-05_71,1.693,0.009332546,NA,NA,NA,NA,NA,NA,NA,NA,NA,NA,NA,NA,NA,NA,NA,NA,NA,NA
Brown_et_al_2026,Mugu,MGL13-05,71,72,MGL13-05_72,1.3633,0.009168928,NA,NA,NA,NA,NA,NA,NA,NA,NA,NA,NA,NA,NA,NA,NA,NA,NA,NA
Brown_et_al_2026,Mugu,MGL13-05,72,73,MGL13-05_73,1.8582,0.008341406,NA,NA,NA,NA,NA,NA,NA,NA,NA,NA,NA,NA,NA,NA,NA,NA,NA,NA
Brown_et_al_2026,Mugu,MGL13-05,73,74,MGL13-05_74,1.7372,0.009555607,NA,NA,NA,NA,NA,NA,NA,NA,NA,NA,NA,NA,NA,NA,NA,NA,NA,NA
Brown_et_al_2026,Mugu,MGL13-05,74,75,MGL13-05_75,1.3833,0.010120726,NA,NA,NA,NA,NA,NA,NA,NA,NA,NA,NA,NA,NA,NA,NA,NA,NA,NA
Brown_et_al_2026,Mugu,MGL13-05,75,76,MGL13-05_76,1.7263,0.011933036,NA,NA,NA,NA,NA,NA,NA,NA,NA,NA,NA,NA,NA,NA,NA,NA,NA,NA
Brown_et_al_2026,Mugu,MGL13-05,76,77,MGL13-05_77,1.3982,0.010585038,NA,NA,NA,NA,NA,NA,NA,NA,NA,NA,NA,NA,NA,NA,NA,NA,NA,NA
Brown_et_al_2026,Mugu,MGL13-05,77,78,MGL13-05_78,0.7078,0.02948748,NA,NA,NA,NA,NA,NA,NA,NA,NA,NA,NA,NA,NA,NA,NA,NA,NA,NA
Brown_et_al_2026,Mugu,MGL13-05,78,79,MGL13-05_79,1.7423,0.008896287,NA,NA,NA,NA,NA,NA,NA,NA,NA,NA,NA,NA,NA,NA,NA,NA,NA,NA
Brown_et_al_2026,Mugu,MGL13-05,79,80,MGL13-05_80,1.6654,0.010027621,NA,NA,NA,NA,NA,NA,NA,NA,NA,NA,NA,NA,NA,NA,NA,NA,NA,NA
Brown_et_al_2026,Mugu,MGL13-05,80,81,MGL13-05_81,1.4718,0.010531322,NA,NA,NA,NA,NA,NA,NA,NA,NA,NA,NA,NA,NA,NA,NA,NA,NA,NA
Brown_et_al_2026,Mugu,MGL13-05,81,82,MGL13-05_82,1.6011,0.014640709,NA,NA,NA,NA,NA,NA,NA,NA,NA,NA,NA,NA,NA,NA,NA,NA,NA,NA
Brown_et_al_2026,Mugu,MGL13-05,82,83,MGL13-05_83,1.7645,0.011788042,NA,NA,NA,NA,NA,NA,NA,NA,NA,NA,NA,NA,NA,NA,NA,NA,NA,NA
Brown_et_al_2026,Mugu,MGL13-05,83,84,MGL13-05_84,1.7384,0.009376438,NA,NA,NA,NA,NA,NA,NA,NA,NA,NA,NA,NA,NA,NA,NA,NA,NA,NA
Brown_et_al_2026,Mugu,MGL13-05,84,85,MGL13-05_85,1.7092,0.029393893,NA,NA,NA,NA,NA,NA,NA,NA,NA,NA,NA,NA,NA,NA,NA,NA,NA,NA
Brown_et_al_2026,Mugu,MGL13-05,85,86,MGL13-05_86,1.6761,0.009903944,NA,NA,NA,NA,NA,NA,NA,NA,NA,NA,NA,NA,NA,NA,NA,NA,NA,NA
Brown_et_al_2026,Mugu,MGL13-05,86,87,MGL13-05_87,1.4825,0.010455312,NA,NA,NA,NA,NA,NA,NA,NA,NA,NA,NA,NA,NA,NA,NA,NA,NA,NA
Brown_et_al_2026,Mugu,MGL13-05,87,88,MGL13-05_88,1.6249,0.011877654,NA,NA,NA,NA,NA,NA,NA,NA,NA,NA,NA,NA,NA,NA,NA,NA,NA,NA
Brown_et_al_2026,Mugu,MGL13-05,88,89,MGL13-05_89,1.6411,0.01041984,NA,NA,NA,NA,NA,NA,NA,NA,NA,NA,NA,NA,NA,NA,NA,NA,NA,NA
Brown_et_al_2026,Mugu,MGL13-05,89,90,MGL13-05_90,1.6051,0.010528939,NA,NA,NA,NA,NA,NA,NA,NA,NA,NA,NA,NA,NA,NA,NA,NA,NA,NA
Brown_et_al_2026,Mugu,MGL13-05,90,91,MGL13-05_91,1.5218,0.009791037,NA,NA,NA,NA,NA,NA,NA,NA,NA,NA,NA,NA,NA,NA,NA,NA,NA,NA
Brown_et_al_2026,Mugu,MGL13-05,91,92,MGL13-05_92,1.5614,0.008966312,NA,NA,NA,NA,NA,NA,NA,NA,NA,NA,NA,NA,NA,NA,NA,NA,NA,NA
Brown_et_al_2026,Mugu,MGL13-05,92,93,MGL13-05_93,1.6225,0.009121726,NA,NA,NA,NA,NA,NA,NA,NA,NA,NA,NA,NA,NA,NA,NA,NA,NA,NA
Brown_et_al_2026,Mugu,MGL13-05,93,94,MGL13-05_94,1.3995,0.009289032,NA,NA,NA,NA,NA,NA,NA,NA,NA,NA,NA,NA,NA,NA,NA,NA,NA,NA
Brown_et_al_2026,Mugu,MGL13-05,94,95,MGL13-05_95,1.7775,0.008607595,NA,NA,NA,NA,NA,NA,NA,NA,NA,NA,NA,NA,NA,NA,NA,NA,NA,NA
Brown_et_al_2026,Mugu,MGL13-05,95,96,MGL13-05_96,1.6445,0.008634843,NA,NA,NA,NA,NA,NA,NA,NA,NA,NA,NA,NA,NA,NA,NA,NA,NA,NA
Brown_et_al_2026,Mugu,MGL13-05,96,97,MGL13-05_97,1.2448,0.007551414,NA,NA,NA,NA,NA,NA,NA,NA,NA,NA,NA,NA,NA,NA,NA,NA,NA,NA
Brown_et_al_2026,Mugu,MGL13-05,97,98,MGL13-05_98,1.6211,0.00795756,NA,NA,NA,NA,NA,NA,NA,NA,NA,NA,NA,NA,NA,NA,NA,NA,NA,NA
Brown_et_al_2026,Mugu,MGL13-05,99,100,MGL13-05_100,1.5583,0.008470769,NA,NA,NA,NA,NA,NA,NA,NA,NA,NA,NA,NA,NA,NA,NA,NA,NA,NA
Brown_et_al_2026,Mugu,MGL13-06,0,1,MGL13-06_1,1.4396,0.127366104,NA,NA,NA,NA,NA,NA,NA,NA,NA,NA,NA,NA,NA,NA,NA,NA,NA,NA
Brown_et_al_2026,Mugu,MGL13-06,1,2,MGL13-06_2,1.2118,0.144702842,NA,NA,NA,NA,NA,NA,NA,NA,NA,NA,NA,NA,NA,NA,NA,NA,NA,NA
Brown_et_al_2026,Mugu,MGL13-06,2,3,MGL13-06_3,1.1683,0.141959335,NA,NA,NA,NA,NA,NA,NA,NA,NA,NA,NA,NA,NA,NA,NA,NA,NA,NA
Brown_et_al_2026,Mugu,MGL13-06,3,4,MGL13-06_4,1.3431,0.12308616,NA,NA,NA,NA,NA,NA,NA,NA,NA,NA,NA,NA,NA,NA,NA,NA,NA,NA
Brown_et_al_2026,Mugu,MGL13-06,4,5,MGL13-06_5,1.6006,0.078680486,NA,NA,NA,NA,NA,NA,NA,NA,NA,NA,NA,NA,NA,NA,NA,NA,NA,NA
Brown_et_al_2026,Mugu,MGL13-06,5,6,MGL13-06_6,1.4415,0.123668557,NA,NA,NA,NA,NA,NA,NA,NA,NA,NA,NA,NA,NA,NA,NA,NA,NA,NA
Brown_et_al_2026,Mugu,MGL13-06,6,7,MGL13-06_7,1.3722,0.09500626,NA,NA,NA,NA,NA,NA,NA,NA,NA,NA,NA,NA,NA,NA,NA,NA,NA,NA
Brown_et_al_2026,Mugu,MGL13-06,7,8,MGL13-06_8,1.4379,0.109610464,NA,NA,NA,NA,NA,NA,NA,NA,NA,NA,NA,NA,NA,NA,NA,NA,NA,NA
Brown_et_al_2026,Mugu,MGL13-06,8,9,MGL13-06_9,1.7177,0.078123364,NA,NA,NA,NA,NA,NA,NA,NA,NA,NA,NA,NA,NA,NA,NA,NA,NA,NA
Brown_et_al_2026,Mugu,MGL13-06,9,10,MGL13-06_10,1.4354,0.102402906,NA,NA,NA,NA,NA,NA,NA,NA,NA,NA,NA,NA,NA,NA,NA,NA,NA,NA
Brown_et_al_2026,Mugu,MGL13-06,10,11,MGL13-06_11,1.3487,0.086718643,NA,NA,NA,NA,NA,NA,NA,NA,NA,NA,NA,NA,NA,NA,NA,NA,NA,NA
Brown_et_al_2026,Mugu,MGL13-06,11,12,MGL13-06_12,1.1746,0.109844731,NA,NA,NA,NA,NA,NA,NA,NA,NA,NA,NA,NA,NA,NA,NA,NA,NA,NA
Brown_et_al_2026,Mugu,MGL13-06,12,13,MGL13-06_13,1.3992,0.102221597,NA,NA,NA,NA,NA,NA,NA,NA,NA,NA,NA,NA,NA,NA,NA,NA,NA,NA
Brown_et_al_2026,Mugu,MGL13-06,13,14,MGL13-06_14,1.1621,0.112880886,NA,NA,NA,NA,NA,NA,NA,NA,NA,NA,NA,NA,NA,NA,NA,NA,NA,NA
Brown_et_al_2026,Mugu,MGL13-06,14,15,MGL13-06_15,1.6752,0.071087533,NA,NA,NA,NA,NA,NA,NA,NA,NA,NA,NA,NA,NA,NA,NA,NA,NA,NA
Brown_et_al_2026,Mugu,MGL13-06,15,16,MGL13-06_16,1.7563,0.068384442,NA,NA,NA,NA,NA,NA,NA,NA,NA,NA,NA,NA,NA,NA,NA,NA,NA,NA
Brown_et_al_2026,Mugu,MGL13-06,16,17,MGL13-06_17,1.3444,0.076649816,NA,NA,NA,NA,NA,NA,NA,NA,NA,NA,NA,NA,NA,NA,NA,NA,NA,NA
Brown_et_al_2026,Mugu,MGL13-06,17,18,MGL13-06_18,1.3381,0.083696722,NA,NA,NA,NA,NA,NA,NA,NA,NA,NA,NA,NA,NA,NA,NA,NA,NA,NA
Brown_et_al_2026,Mugu,MGL13-06,18,19,MGL13-06_19,1.5309,0.096696924,NA,NA,NA,NA,NA,NA,NA,NA,NA,NA,NA,NA,NA,NA,NA,NA,NA,NA
Brown_et_al_2026,Mugu,MGL13-06,19,20,MGL13-06_20,1.5819,0.084606345,NA,NA,NA,NA,NA,NA,NA,NA,NA,NA,NA,NA,NA,NA,NA,NA,NA,NA
Brown_et_al_2026,Mugu,MGL13-06,20,21,MGL13-06_21,1.7289,0.081932098,NA,NA,NA,NA,NA,NA,NA,NA,NA,NA,NA,NA,NA,NA,NA,NA,NA,NA
Brown_et_al_2026,Mugu,MGL13-06,21,22,MGL13-06_22,1.741,0.108167515,NA,NA,NA,NA,NA,NA,NA,NA,NA,NA,NA,NA,NA,NA,NA,NA,NA,NA
Brown_et_al_2026,Mugu,MGL13-06,22,23,MGL13-06_23,1.5545,0.051338124,NA,NA,NA,NA,NA,NA,NA,NA,NA,NA,NA,NA,NA,NA,NA,NA,NA,NA
Brown_et_al_2026,Mugu,MGL13-06,23,24,MGL13-06_24,1.3795,0.06742281,NA,NA,NA,NA,NA,NA,NA,NA,NA,NA,NA,NA,NA,NA,NA,NA,NA,NA
Brown_et_al_2026,Mugu,MGL13-06,24,25,MGL13-06_25,1.1586,0.174504123,NA,NA,NA,NA,NA,NA,NA,NA,NA,NA,NA,NA,NA,NA,NA,NA,NA,NA
Brown_et_al_2026,Mugu,MGL13-06,25,26,MGL13-06_26,1.4641,0.186647262,NA,NA,NA,NA,NA,NA,NA,NA,NA,NA,NA,NA,NA,NA,NA,NA,NA,NA
Brown_et_al_2026,Mugu,MGL13-06,26,27,MGL13-06_27,1.3218,0.11118325,NA,NA,NA,NA,NA,NA,NA,NA,NA,NA,NA,NA,NA,NA,NA,NA,NA,NA
Brown_et_al_2026,Mugu,MGL13-06,27,28,MGL13-06_28,2.0404,0.055985359,NA,NA,NA,NA,NA,NA,NA,NA,NA,NA,NA,NA,NA,NA,NA,NA,NA,NA
Brown_et_al_2026,Mugu,MGL13-06,28,29,MGL13-06_29,1.7244,0.056086495,NA,NA,NA,NA,NA,NA,NA,NA,NA,NA,NA,NA,NA,NA,NA,NA,NA,NA
Brown_et_al_2026,Mugu,MGL13-06,29,30,MGL13-06_30,1.7924,0.060140515,NA,NA,NA,NA,NA,NA,NA,NA,NA,NA,NA,NA,NA,NA,NA,NA,NA,NA
Brown_et_al_2026,Mugu,MGL13-06,30,31,MGL13-06_31,1.9777,0.035621575,NA,NA,NA,NA,NA,NA,NA,NA,NA,NA,NA,NA,NA,NA,NA,NA,NA,NA
Brown_et_al_2026,Mugu,MGL13-06,31,32,MGL13-06_32,1.4729,0.05370898,NA,NA,NA,NA,NA,NA,NA,NA,NA,NA,NA,NA,NA,NA,NA,NA,NA,NA
Brown_et_al_2026,Mugu,MGL13-06,32,33,MGL13-06_33,1.8355,0.029774349,NA,NA,NA,NA,NA,NA,NA,NA,NA,NA,NA,NA,NA,NA,NA,NA,NA,NA
Brown_et_al_2026,Mugu,MGL13-06,33,34,MGL13-06_34,1.8354,0.048047538,NA,NA,NA,NA,NA,NA,NA,NA,NA,NA,NA,NA,NA,NA,NA,NA,NA,NA
Brown_et_al_2026,Mugu,MGL13-06,34,35,MGL13-06_35,1.4262,0.073507909,NA,NA,NA,NA,NA,NA,NA,NA,NA,NA,NA,NA,NA,NA,NA,NA,NA,NA
Brown_et_al_2026,Mugu,MGL13-06,35,36,MGL13-06_36,1.6787,0.061217949,NA,NA,NA,NA,NA,NA,NA,NA,NA,NA,NA,NA,NA,NA,NA,NA,NA,NA
Brown_et_al_2026,Mugu,MGL13-06,36,37,MGL13-06_37,1.2389,0.085517693,NA,NA,NA,NA,NA,NA,NA,NA,NA,NA,NA,NA,NA,NA,NA,NA,NA,NA
Brown_et_al_2026,Mugu,MGL13-06,37,38,MGL13-06_38,1.3525,0.103481781,NA,NA,NA,NA,NA,NA,NA,NA,NA,NA,NA,NA,NA,NA,NA,NA,NA,NA
Brown_et_al_2026,Mugu,MGL13-06,38,39,MGL13-06_39,1.4788,0.06925,NA,NA,NA,NA,NA,NA,NA,NA,NA,NA,NA,NA,NA,NA,NA,NA,NA,NA
Brown_et_al_2026,Mugu,MGL13-06,39,40,MGL13-06_40,1.2262,0.060002784,NA,NA,NA,NA,NA,NA,NA,NA,NA,NA,NA,NA,NA,NA,NA,NA,NA,NA
Brown_et_al_2026,Mugu,MGL13-06,40,41,MGL13-06_41,1.1843,0.058814793,NA,NA,NA,NA,NA,NA,NA,NA,NA,NA,NA,NA,NA,NA,NA,NA,NA,NA
Brown_et_al_2026,Mugu,MGL13-06,41,42,MGL13-06_42,1.7232,0.056625026,NA,NA,NA,NA,NA,NA,NA,NA,NA,NA,NA,NA,NA,NA,NA,NA,NA,NA
Brown_et_al_2026,Mugu,MGL13-06,42,43,MGL13-06_43,1.4303,0.052960564,NA,NA,NA,NA,NA,NA,NA,NA,-2175,15,terrestrial,MGL13-06-43,1.3114,0.0019,311.4,1.9,NA,NA
Brown_et_al_2026,Mugu,MGL13-06,43,44,MGL13-06_44,1.4807,0.06565415,NA,NA,NA,NA,NA,NA,NA,NA,NA,NA,NA,NA,NA,NA,NA,NA,NA,NA
Brown_et_al_2026,Mugu,MGL13-06,44,45,MGL13-06_45,1.43,0.058930741,NA,NA,NA,NA,NA,NA,NA,NA,NA,NA,NA,NA,NA,NA,NA,NA,NA,NA
Brown_et_al_2026,Mugu,MGL13-06,45,46,MGL13-06_46,1.6876,0.040512644,NA,NA,NA,NA,NA,NA,NA,NA,NA,NA,NA,NA,NA,NA,NA,NA,NA,NA
Brown_et_al_2026,Mugu,MGL13-06,46,47,MGL13-06_47,2.0347,0.024459202,NA,NA,NA,NA,NA,NA,NA,NA,NA,NA,NA,NA,NA,NA,NA,NA,NA,NA
Brown_et_al_2026,Mugu,MGL13-06,47,48,MGL13-06_48,1.9181,0.038703172,NA,NA,NA,NA,NA,NA,NA,NA,NA,NA,NA,NA,NA,NA,NA,NA,NA,NA
Brown_et_al_2026,Mugu,MGL13-06,48,49,MGL13-06_49,1.5801,0.028991425,NA,NA,NA,NA,NA,NA,NA,NA,NA,NA,NA,NA,NA,NA,NA,NA,NA,NA
Brown_et_al_2026,Mugu,MGL13-06,49,50,MGL13-06_50,2.132,0.037911348,NA,NA,NA,NA,NA,NA,NA,NA,NA,NA,NA,NA,NA,NA,NA,NA,NA,NA
Brown_et_al_2026,Mugu,MGL13-06,50,51,MGL13-06_51,1.8886,0.027391715,NA,NA,NA,NA,NA,NA,NA,NA,NA,NA,NA,NA,NA,NA,NA,NA,NA,NA
Brown_et_al_2026,Mugu,MGL13-06,51,52,MGL13-06_52,1.5562,0.021727364,NA,NA,NA,NA,NA,NA,NA,NA,NA,NA,NA,NA,NA,NA,NA,NA,NA,NA
Brown_et_al_2026,Mugu,MGL13-06,52,53,MGL13-06_53,2.1305,0.032732089,NA,NA,NA,NA,NA,NA,NA,NA,NA,NA,NA,NA,NA,NA,NA,NA,NA,NA
Brown_et_al_2026,Mugu,MGL13-06,53,54,MGL13-06_54,1.9715,0.032458331,NA,NA,NA,NA,NA,NA,NA,NA,NA,NA,NA,NA,NA,NA,NA,NA,NA,NA
Brown_et_al_2026,Mugu,MGL13-06,54,55,MGL13-06_55,1.7838,0.020490157,NA,NA,NA,NA,NA,NA,NA,NA,NA,NA,NA,NA,NA,NA,NA,NA,NA,NA
Brown_et_al_2026,Mugu,MGL13-06,55,56,MGL13-06_56,1.5264,0.019181685,NA,NA,NA,NA,NA,NA,NA,NA,NA,NA,NA,NA,NA,NA,NA,NA,NA,NA
Brown_et_al_2026,Mugu,MGL13-06,56,57,MGL13-06_57,1.5848,0.013449757,NA,NA,NA,NA,NA,NA,NA,NA,NA,NA,NA,NA,NA,NA,NA,NA,NA,NA
Brown_et_al_2026,Mugu,MGL13-06,57,58,MGL13-06_58,1.9705,0.032608696,NA,NA,NA,NA,NA,NA,NA,NA,NA,NA,NA,NA,NA,NA,NA,NA,NA,NA
Brown_et_al_2026,Mugu,MGL13-06,58,59,MGL13-06_59,1.662,0.033189486,NA,NA,NA,NA,NA,NA,NA,NA,NA,NA,NA,NA,NA,NA,NA,NA,NA,NA
Brown_et_al_2026,Mugu,MGL13-06,59,60,MGL13-06_60,1.2287,0.028383173,NA,NA,NA,NA,NA,NA,NA,NA,NA,NA,NA,NA,NA,NA,NA,NA,NA,NA
Brown_et_al_2026,Mugu,MGL13-08,1,2,MGL13-08_2,0.8585,0.0821,8.420099218,0.948443824,4.681358463,9.245737551,63.8676236,6.269995666,59.40564701,6.192457606,NA,NA,NA,NA,NA,NA,NA,NA,NA,NA
Brown_et_al_2026,Mugu,MGL13-08,2,3,MGL13-08_3,0.5628,0.1075,NA,NA,NA,NA,NA,NA,NA,NA,NA,NA,NA,NA,NA,NA,NA,NA,NA,NA
Brown_et_al_2026,Mugu,MGL13-08,3,4,MGL13-08_4,0.6079,0.0841,6.316694078,0.808472077,8.903186591,9.048692129,71.27712368,5.677696013,62.79261013,6.490219104,NA,NA,NA,NA,NA,NA,NA,NA,NA,NA
Brown_et_al_2026,Mugu,MGL13-08,4,5,MGL13-08_5,0.7031,0.098,NA,NA,NA,NA,NA,NA,NA,NA,NA,NA,NA,NA,NA,NA,NA,NA,NA,NA
Brown_et_al_2026,Mugu,MGL13-08,5,6,MGL13-08_6,0.7516,0.0942,NA,NA,NA,NA,NA,NA,NA,NA,NA,NA,NA,NA,NA,NA,NA,NA,NA,NA
Brown_et_al_2026,Mugu,MGL13-08,6,7,MGL13-08_7,0.8228,0.0819,NA,NA,NA,NA,NA,NA,NA,NA,NA,NA,NA,NA,NA,NA,NA,NA,NA,NA
Brown_et_al_2026,Mugu,MGL13-08,7,8,MGL13-08_8,0.5398,0.0867,4.306037569,0.839106168,-9.262546467,8.758935911,51.43253711,5.503315721,60.25800938,6.273992727,NA,NA,NA,NA,NA,NA,NA,NA,NA,NA
Brown_et_al_2026,Mugu,MGL13-08,8,9,MGL13-08_9,0.8171,0.0879,NA,NA,NA,NA,NA,NA,NA,NA,NA,NA,NA,NA,NA,NA,NA,NA,NA,NA
Brown_et_al_2026,Mugu,MGL13-08,10,11,MGL13-08_11,0.8908,0.0713,NA,NA,NA,NA,NA,NA,NA,NA,NA,NA,NA,NA,NA,NA,NA,NA,NA,NA
Brown_et_al_2026,Mugu,MGL13-08,11,12,MGL13-08_12,0.8916,0.06,3.036608371,0.820305785,-21.45769657,8.569279178,41.45230257,5.003224766,61.89572941,6.451533795,NA,NA,NA,NA,NA,NA,NA,NA,NA,NA
Brown_et_al_2026,Mugu,MGL13-08,12,13,MGL13-08_13,0.925,0.0597,NA,NA,NA,NA,NA,NA,NA,NA,NA,NA,NA,NA,NA,NA,NA,NA,NA,NA
Brown_et_al_2026,Mugu,MGL13-08,13,14,MGL13-08_14,0.8228,0.0636,NA,NA,NA,NA,NA,NA,NA,NA,NA,NA,NA,NA,NA,NA,NA,NA,NA,NA
Brown_et_al_2026,Mugu,MGL13-08,14,15,MGL13-08_15,0.7754,0.0678,NA,NA,NA,NA,NA,NA,NA,NA,NA,NA,NA,NA,NA,NA,NA,NA,NA,NA
Brown_et_al_2026,Mugu,MGL13-08,15,16,MGL13-08_16,1.0455,0.0634,1.5529985610000001,0.603402004,-9.031029249,9.638520315,68.94851062,4.651329702,77.55046173,7.915059633,NA,NA,NA,NA,NA,NA,NA,NA,NA,NA
Brown_et_al_2026,Mugu,MGL13-08,16,17,MGL13-08_17,1.1002,0.0489,NA,NA,NA,NA,NA,NA,NA,NA,NA,NA,NA,NA,NA,NA,NA,NA,NA,NA
Brown_et_al_2026,Mugu,MGL13-08,17,18,MGL13-08_18,0.8606,0.0801,NA,NA,NA,NA,NA,NA,NA,NA,NA,NA,NA,NA,NA,NA,NA,NA,NA,NA
Brown_et_al_2026,Mugu,MGL13-08,18,19,MGL13-08_19,0.7381,0.0908,NA,NA,NA,NA,NA,NA,NA,NA,NA,NA,NA,NA,NA,NA,NA,NA,NA,NA
Brown_et_al_2026,Mugu,MGL13-08,20,21,MGL13-08_21,0.9717,0.052,1.62453758,0.790200452,-4.05814018,8.418191362,51.90838034,5.487729089,55.77239648,5.842352964,NA,NA,NA,NA,NA,NA,NA,NA,NA,NA
Brown_et_al_2026,Mugu,MGL13-08,21,22,MGL13-08_22,0.7152,0.0706,NA,NA,NA,NA,NA,NA,NA,NA,NA,NA,NA,NA,NA,NA,NA,NA,NA,NA
Brown_et_al_2026,Mugu,MGL13-08,22,23,MGL13-08_23,1.6824,0.6238,NA,NA,NA,NA,NA,NA,NA,NA,NA,NA,NA,NA,NA,NA,NA,NA,NA,NA
Brown_et_al_2026,Mugu,MGL13-08,23,24,MGL13-08_24,0.5423,0.0909,1.026506002,0.879537344,-12.19906015,9.63486868,58.97075938,5.576053842,70.58429196,7.282914873,NA,NA,NA,NA,NA,NA,NA,NA,NA,NA
Brown_et_al_2026,Mugu,MGL13-08,24,25,MGL13-08_25,0.5875,0.1013,NA,NA,NA,NA,NA,NA,NA,NA,NA,NA,NA,NA,NA,NA,NA,NA,NA,NA
Brown_et_al_2026,Mugu,MGL13-08,25,26,MGL13-08_26,0.6014,0.0708,NA,NA,NA,NA,NA,NA,NA,NA,NA,NA,NA,NA,NA,NA,NA,NA,NA,NA
Brown_et_al_2026,Mugu,MGL13-08,26,27,MGL13-08_27,0.5545,0.0826,NA,NA,NA,NA,NA,NA,NA,NA,NA,NA,NA,NA,NA,NA,NA,NA,NA,NA
Brown_et_al_2026,Mugu,MGL13-08,27,28,MGL13-08_28,0.6847,0.0749,1.883661165,0.790732679,-12.5183886,13.07500997,90.57295293,6.754802206,102.4884587,10.4526861,NA,NA,NA,NA,NA,NA,NA,NA,NA,NA
Brown_et_al_2026,Mugu,MGL13-08,28,29,MGL13-08_29,0.7023,0.073,NA,NA,NA,NA,NA,NA,NA,NA,NA,NA,NA,NA,NA,NA,NA,NA,NA,NA
Brown_et_al_2026,Mugu,MGL13-08,30,31,MGL13-08_31,1.1298,0.0944,NA,NA,NA,NA,NA,NA,NA,NA,NA,NA,NA,NA,NA,NA,NA,NA,NA,NA
Brown_et_al_2026,Mugu,MGL13-08,31,32,MGL13-08_32,1.3794,0.0917,1.423273024,0.585301676,-9.865233081,11.88627887,89.31351082,5.298423898,98.7020384,9.994302212,NA,NA,NA,NA,NA,NA,NA,NA,NA,NA
Brown_et_al_2026,Mugu,MGL13-08,32,33,MGL13-08_33,1.2865,0.0853,NA,NA,NA,NA,NA,NA,NA,NA,NA,NA,NA,NA,NA,NA,NA,NA,NA,NA
Brown_et_al_2026,Mugu,MGL13-08,33,34,MGL13-08_34,1.4339,0.079,NA,NA,NA,NA,NA,NA,NA,NA,NA,NA,NA,NA,NA,NA,NA,NA,NA,NA
Brown_et_al_2026,Mugu,MGL13-08,34,35,MGL13-08_35,1.3832,0.0748,NA,NA,NA,NA,NA,NA,NA,NA,NA,NA,NA,NA,NA,NA,NA,NA,NA,NA
Brown_et_al_2026,Mugu,MGL13-08,35,36,MGL13-08_36,1.4353,0.0827,-0.121550599,0.669249473,-19.67407595,11.32649708,72.73453979,5.458592861,91.45155724,9.290609514,NA,NA,NA,NA,NA,NA,NA,NA,NA,NA
Brown_et_al_2026,Mugu,MGL13-08,36,37,MGL13-08_37,1.7778,0.0624,NA,NA,NA,NA,NA,NA,NA,NA,NA,NA,NA,NA,NA,NA,NA,NA,NA,NA
Brown_et_al_2026,Mugu,MGL13-08,37,38,MGL13-08_38,1.6712,0.0737,NA,NA,NA,NA,NA,NA,NA,NA,NA,NA,NA,NA,NA,NA,NA,NA,NA,NA
Brown_et_al_2026,Mugu,MGL13-08,40,41,MGL13-08_41,0.8721,0.126,NA,NA,NA,NA,NA,NA,NA,NA,NA,NA,NA,NA,NA,NA,NA,NA,NA,NA
Brown_et_al_2026,Mugu,MGL13-08,41,42,MGL13-08_42,0.9468,0.1296,NA,NA,NA,NA,NA,NA,NA,NA,NA,NA,NA,NA,NA,NA,NA,NA,NA,NA
Brown_et_al_2026,Mugu,MGL13-08,42,43,MGL13-08_43,0.8812,0.1395,NA,NA,NA,NA,NA,NA,NA,NA,NA,NA,NA,NA,NA,NA,NA,NA,NA,NA
Brown_et_al_2026,Mugu,MGL13-08,43,44,MGL13-08_44,1.04,0.1136,NA,NA,NA,NA,NA,NA,NA,NA,NA,NA,NA,NA,NA,NA,NA,NA,NA,NA
Brown_et_al_2026,Mugu,MGL13-08,44,45,MGL13-08_45,1.2127,0.0929,NA,NA,NA,NA,NA,NA,NA,NA,NA,NA,NA,NA,NA,NA,NA,NA,NA,NA
Brown_et_al_2026,Mugu,MGL13-08,45,46,MGL13-08_46,0.9383,0.1149,NA,NA,NA,NA,NA,NA,NA,NA,NA,NA,NA,NA,NA,NA,NA,NA,NA,NA
Brown_et_al_2026,Mugu,MGL13-08,46,47,MGL13-08_47,1.0623,0.11,NA,NA,NA,NA,NA,NA,NA,NA,NA,NA,NA,NA,NA,NA,NA,NA,NA,NA
Brown_et_al_2026,Mugu,MGL13-08,47,48,MGL13-08_48,1.162,0.1058,NA,NA,NA,NA,NA,NA,NA,NA,NA,NA,NA,NA,NA,NA,NA,NA,NA,NA
Brown_et_al_2026,Mugu,MGL13-08,50,51,MGL13-08_51,1.3238,0.0886,NA,NA,NA,NA,NA,NA,NA,NA,NA,NA,NA,NA,NA,NA,NA,NA,NA,NA
Brown_et_al_2026,Mugu,MGL13-08,51,52,MGL13-08_52,1.3493,0.088,NA,NA,NA,NA,NA,NA,NA,NA,NA,NA,NA,NA,NA,NA,NA,NA,NA,NA
Brown_et_al_2026,Mugu,MGL13-08,52,53,MGL13-08_53,0.8595,0.1753,NA,NA,NA,NA,NA,NA,NA,NA,NA,NA,NA,NA,NA,NA,NA,NA,NA,NA
Brown_et_al_2026,Mugu,MGL13-08,53,54,MGL13-08_54,0.7052,0.2311,NA,NA,NA,NA,NA,NA,NA,NA,NA,NA,NA,NA,NA,NA,NA,NA,NA,NA
Brown_et_al_2026,Mugu,MGL13-08,54,55,MGL13-08_55,0.8598,0.2038,NA,NA,NA,NA,NA,NA,NA,NA,NA,NA,NA,NA,NA,NA,NA,NA,NA,NA
Brown_et_al_2026,Mugu,MGL13-08,55,56,MGL13-08_56,1.0398,0.1633,NA,NA,NA,NA,NA,NA,NA,NA,NA,NA,NA,NA,NA,NA,NA,NA,NA,NA
Brown_et_al_2026,Mugu,MGL13-08,56,57,MGL13-08_57,1.2018,0.132,NA,NA,NA,NA,NA,NA,NA,NA,NA,NA,NA,NA,NA,NA,NA,NA,NA,NA
Brown_et_al_2026,Mugu,MGL13-08,57,58,MGL13-08_58,0.7986,0.1583,NA,NA,NA,NA,NA,NA,NA,NA,NA,NA,NA,NA,NA,NA,NA,NA,NA,NA
Brown_et_al_2026,Mugu,MGL13-08,58,59,MGL13-08_59,0.8988,0.1755,NA,NA,NA,NA,NA,NA,NA,NA,NA,NA,NA,NA,NA,NA,NA,NA,NA,NA
Brown_et_al_2026,Mugu,MGL13-08,67,68,MGL13-08_68,NA,NA,NA,NA,NA,NA,NA,NA,NA,NA,-285,15,terrestrial,MGL13-08 68cm .15mgC,1.0368,0.0018,36.8,1.8,NA,NA
Brown_et_al_2026,Mugu,MGL14-10,65,66,MGL14-10_66,NA,NA,NA,NA,NA,NA,NA,NA,NA,NA,360,100,terrestrial,MGL14-10 66 .023mgC,0.956,0.0113,-44,11.3,NA,NA
Brown_et_al_2026,Morro,MOB13-01,0,1,MOB13-01_1,0.2184,0.302655678,NA,NA,NA,NA,NA,NA,NA,NA,NA,NA,NA,NA,NA,NA,NA,NA,NA,NA
Brown_et_al_2026,Morro,MOB13-01,1,2,MOB13-01_2,0.3219,0.285492389,NA,NA,NA,NA,NA,NA,NA,NA,NA,NA,NA,NA,NA,NA,NA,NA,NA,NA
Brown_et_al_2026,Morro,MOB13-01,2,3,MOB13-01_3,0.267,0.252808989,17.87,4.08,75.1699,26.4495,85.99,26.1,NA,NA,NA,NA,NA,NA,NA,NA,NA,NA,NA,2.01
Brown_et_al_2026,Morro,MOB13-01,3,4,MOB13-01_4,0.2589,0.236384705,NA,NA,NA,NA,NA,NA,NA,NA,NA,NA,NA,NA,NA,NA,NA,NA,NA,NA
Brown_et_al_2026,Morro,MOB13-01,4,5,MOB13-01_5,0.3101,0.222186392,12.47,7.06,28.1195,45.9328,33.1,45.27,NA,NA,NA,NA,NA,NA,NA,NA,NA,NA,NA,3.63
Brown_et_al_2026,Morro,MOB13-01,5,6,MOB13-01_6,0.497,0.146680081,NA,NA,NA,NA,NA,NA,NA,NA,NA,NA,NA,NA,NA,NA,NA,NA,NA,NA
Brown_et_al_2026,Morro,MOB13-01,6,7,MOB13-01_7,0.2978,0.242108798,10.4,4.6,8.2153,28.761,22.09,28.32,NA,NA,NA,NA,NA,NA,NA,NA,NA,NA,NA,2.27
Brown_et_al_2026,Morro,MOB13-01,7,8,MOB13-01_8,0.4262,0.18160488,NA,NA,NA,NA,NA,NA,NA,NA,NA,NA,NA,NA,NA,NA,NA,NA,NA,NA
Brown_et_al_2026,Morro,MOB13-01,8,9,MOB13-01_9,0.2892,0.18395574,9.39,5.43,21.508,35.3714,32.25,34.85,NA,NA,NA,NA,NA,NA,NA,NA,NA,NA,NA,2.7
Brown_et_al_2026,Morro,MOB13-01,9,10,MOB13-01_10,0.4098,0.126891166,NA,NA,NA,NA,NA,NA,NA,NA,NA,NA,NA,NA,NA,NA,NA,NA,NA,NA
Brown_et_al_2026,Morro,MOB13-01,10,11,MOB13-01_11,0.3812,0.134050367,18.38,3.26,13.8706,19.6804,24.31,19.4,NA,NA,NA,NA,NA,NA,NA,NA,NA,NA,NA,1.56
Brown_et_al_2026,Morro,MOB13-01,11,12,MOB13-01_12,0.5986,0.076177748,NA,NA,NA,NA,NA,NA,NA,NA,NA,NA,NA,NA,NA,NA,NA,NA,NA,NA
Brown_et_al_2026,Morro,MOB13-01,12,13,MOB13-01_13,0.6053,0.08309929,20.09,3.67,2.1213,21.1664,18.27,20.83,NA,NA,NA,NA,NA,NA,NA,NA,NA,NA,NA,1.76
Brown_et_al_2026,Morro,MOB13-01,13,14,MOB13-01_14,0.5569,0.103250135,NA,NA,NA,NA,NA,NA,NA,NA,NA,NA,NA,NA,NA,NA,NA,NA,NA,NA
Brown_et_al_2026,Morro,MOB13-01,14,15,MOB13-01_15,0.454,0.124449339,43.92,6.74,0,35.5809,4.38,35.02,NA,NA,NA,NA,NA,NA,NA,NA,NA,NA,NA,2.88
Brown_et_al_2026,Morro,MOB13-01,15,16,MOB13-01_16,0.3436,0.125145518,NA,NA,NA,NA,NA,NA,NA,NA,NA,NA,NA,NA,NA,NA,NA,NA,NA,NA
Brown_et_al_2026,Morro,MOB13-01,16,17,MOB13-01_17,0.4071,0.197985753,18.21,6.03,14.1493,37.4094,21.58,36.88,NA,NA,NA,NA,NA,NA,NA,NA,NA,NA,NA,2.86
Brown_et_al_2026,Morro,MOB13-01,17,18,MOB13-01_18,0.2924,0.164500684,NA,NA,NA,NA,NA,NA,NA,NA,NA,NA,NA,NA,NA,NA,NA,NA,NA,NA
Brown_et_al_2026,Morro,MOB13-01,18,19,MOB13-01_19,0.4161,0.13097813,2.73,5.46,0,36.2456,10.7,35.68,NA,NA,NA,NA,NA,NA,NA,NA,NA,NA,NA,2.93
Brown_et_al_2026,Morro,MOB13-01,19,20,MOB13-01_20,0.4191,0.140300644,NA,NA,NA,NA,NA,NA,NA,NA,NA,NA,NA,NA,NA,NA,NA,NA,NA,NA
Brown_et_al_2026,Morro,MOB13-01,20,21,MOB13-01_21,0.4864,0.103618421,0.84,2.72,0,18.8895,8.41,18.6,NA,NA,NA,NA,NA,NA,NA,NA,NA,NA,NA,1.54
Brown_et_al_2026,Morro,MOB13-01,21,22,MOB13-01_22,0.3569,0.088820398,NA,NA,NA,NA,NA,NA,NA,NA,NA,NA,NA,NA,NA,NA,NA,NA,NA,NA
Brown_et_al_2026,Morro,MOB13-01,22,23,MOB13-01_23,0.5444,0.091844232,NA,NA,NA,NA,NA,NA,NA,NA,NA,NA,NA,NA,NA,NA,NA,NA,NA,NA
Brown_et_al_2026,Morro,MOB13-01,23,24,MOB13-01_24,0.4372,0.109332113,NA,NA,NA,NA,NA,NA,NA,NA,NA,NA,NA,NA,NA,NA,NA,NA,NA,NA
Brown_et_al_2026,Morro,MOB13-01,24,25,MOB13-01_25,0.3682,0.15833786,NA,NA,NA,NA,NA,NA,NA,NA,NA,NA,NA,NA,NA,NA,NA,NA,NA,NA
Brown_et_al_2026,Morro,MOB13-01,25,26,MOB13-01_26,0.5862,0.104742409,NA,NA,NA,NA,NA,NA,NA,NA,NA,NA,NA,NA,NA,NA,NA,NA,NA,NA
Brown_et_al_2026,Morro,MOB13-01,26,27,MOB13-01_27,0.4074,0.120765832,NA,NA,NA,NA,NA,NA,NA,NA,NA,NA,NA,NA,NA,NA,NA,NA,NA,NA
Brown_et_al_2026,Morro,MOB13-01,27,28,MOB13-01_28,0.3865,0.1614489,NA,NA,NA,NA,NA,NA,NA,NA,NA,NA,NA,NA,NA,NA,NA,NA,NA,NA
Brown_et_al_2026,Morro,MOB13-01,28,29,MOB13-01_29,0.4708,0.111937128,NA,NA,NA,NA,NA,NA,NA,NA,NA,NA,NA,NA,NA,NA,NA,NA,NA,NA
Brown_et_al_2026,Morro,MOB13-01,29,30,MOB13-01_30,0.5044,0.113402062,NA,NA,NA,NA,NA,NA,NA,NA,NA,NA,NA,NA,NA,NA,NA,NA,NA,NA
Brown_et_al_2026,Morro,MOB13-01,30,31,MOB13-01_31,0.4798,0.102125886,NA,NA,NA,NA,NA,NA,NA,NA,NA,NA,NA,NA,NA,NA,NA,NA,NA,NA
Brown_et_al_2026,Morro,MOB13-01,31,32,MOB13-01_32,0.6422,0.073341638,NA,NA,NA,NA,NA,NA,NA,NA,NA,NA,NA,NA,NA,NA,NA,NA,NA,NA
Brown_et_al_2026,Morro,MOB13-01,32,33,MOB13-01_33,0.6559,0.086751029,NA,NA,NA,NA,NA,NA,NA,NA,NA,NA,NA,NA,NA,NA,NA,NA,NA,NA
Brown_et_al_2026,Morro,MOB13-01,33,34,MOB13-01_34,0.5421,0.100166021,NA,NA,NA,NA,NA,NA,NA,NA,NA,NA,NA,NA,NA,NA,NA,NA,NA,NA
Brown_et_al_2026,Morro,MOB13-01,34,35,MOB13-01_35,0.5929,0.092089728,NA,NA,NA,NA,NA,NA,NA,NA,NA,NA,NA,NA,NA,NA,NA,NA,NA,NA
Brown_et_al_2026,Morro,MOB13-01,35,36,MOB13-01_36,0.5746,0.09484859,NA,NA,NA,NA,NA,NA,NA,NA,NA,NA,NA,NA,NA,NA,NA,NA,NA,NA
Brown_et_al_2026,Morro,MOB13-01,36,37,MOB13-01_37,0.4795,0.10177268,NA,NA,NA,NA,NA,NA,NA,NA,NA,NA,NA,NA,NA,NA,NA,NA,NA,NA
Brown_et_al_2026,Morro,MOB13-01,37,38,MOB13-01_38,0.4026,0.107550919,NA,NA,NA,NA,NA,NA,NA,NA,NA,NA,NA,NA,NA,NA,NA,NA,NA,NA
Brown_et_al_2026,Morro,MOB13-01,38,39,MOB13-01_39,0.3983,0.105448155,NA,NA,NA,NA,NA,NA,NA,NA,NA,NA,NA,NA,NA,NA,NA,NA,NA,NA
Brown_et_al_2026,Morro,MOB13-01,39,40,MOB13-01_40,0.499,0.051703407,NA,NA,NA,NA,NA,NA,NA,NA,NA,NA,NA,NA,NA,NA,NA,NA,NA,NA
Brown_et_al_2026,Morro,MOB13-01,40,41,MOB13-01_41,0.308,0.090909091,0,3.19,0,21.6855,4.68,21.34,NA,NA,NA,NA,NA,NA,NA,NA,NA,NA,NA,1.75
Brown_et_al_2026,Morro,MOB13-01,41,42,MOB13-01_42,0.5208,0.042242704,NA,NA,NA,NA,NA,NA,NA,NA,NA,NA,NA,NA,NA,NA,NA,NA,NA,NA
Brown_et_al_2026,Morro,MOB13-01,42,43,MOB13-01_43,0.5834,0.032396298,NA,NA,NA,NA,NA,NA,NA,NA,NA,NA,NA,NA,NA,NA,NA,NA,NA,NA
Brown_et_al_2026,Morro,MOB13-01,43,44,MOB13-01_44,0.6204,0.015957447,NA,NA,NA,NA,NA,NA,NA,NA,NA,NA,NA,NA,NA,NA,NA,NA,NA,NA
Brown_et_al_2026,Morro,MOB13-01,44,45,MOB13-01_45,0.8204,0.013773769,NA,NA,NA,NA,NA,NA,NA,NA,NA,NA,NA,NA,NA,NA,NA,NA,NA,NA
Brown_et_al_2026,Morro,MOB13-01,45,46,MOB13-01_46,0.5657,0.021212657,NA,NA,NA,NA,NA,NA,NA,NA,NA,NA,NA,NA,NA,NA,NA,NA,NA,NA
Brown_et_al_2026,Morro,MOB13-01,46,47,MOB13-01_47,0.5394,0.020763812,NA,NA,NA,NA,NA,NA,NA,NA,NA,NA,NA,NA,NA,NA,NA,NA,NA,NA
Brown_et_al_2026,Morro,MOB13-01,47,48,MOB13-01_48,0.5984,0.013703209,NA,NA,NA,NA,NA,NA,NA,NA,NA,NA,NA,NA,NA,NA,NA,NA,NA,NA
Brown_et_al_2026,Morro,MOB13-01,48,49,MOB13-01_49,0.6859,0.010642951,NA,NA,NA,NA,NA,NA,NA,NA,NA,NA,NA,NA,NA,NA,NA,NA,NA,NA
Brown_et_al_2026,Morro,MOB13-01,49,50,MOB13-01_50,0.8569,0.012136772,NA,NA,NA,NA,NA,NA,NA,NA,NA,NA,NA,NA,NA,NA,NA,NA,NA,NA
Brown_et_al_2026,Morro,MOB13-01,50,51,MOB13-01_51,0.7304,0.023959474,NA,NA,NA,NA,NA,NA,NA,NA,NA,NA,NA,NA,NA,NA,NA,NA,NA,NA
Brown_et_al_2026,Morro,MOB13-01,51,52,MOB13-01_52,0.8022,0.014834206,NA,NA,NA,NA,NA,NA,NA,NA,NA,NA,NA,NA,NA,NA,NA,NA,NA,NA
Brown_et_al_2026,Morro,MOB13-01,52,53,MOB13-01_53,0.8794,6.82e-4,NA,NA,NA,NA,NA,NA,NA,NA,NA,NA,NA,NA,NA,NA,NA,NA,NA,NA
Brown_et_al_2026,Morro,MOB13-01,53,54,MOB13-01_54,1.255,0.009163347,NA,NA,NA,NA,NA,NA,NA,NA,NA,NA,NA,NA,NA,NA,NA,NA,NA,NA
Brown_et_al_2026,Morro,MOB13-01,54,55,MOB13-01_55,1.104,0.014673913,NA,NA,NA,NA,NA,NA,NA,NA,NA,NA,NA,NA,NA,NA,NA,NA,NA,NA
Brown_et_al_2026,Morro,MOB13-01,55,56,MOB13-01_56,0.9344,0.045697774,NA,NA,NA,NA,NA,NA,NA,NA,NA,NA,NA,NA,NA,NA,NA,NA,NA,NA
Brown_et_al_2026,Morro,MOB13-01,56,57,MOB13-01_57,1.0732,0.053671264,NA,NA,NA,NA,NA,NA,NA,NA,NA,NA,NA,NA,NA,NA,NA,NA,NA,NA
Brown_et_al_2026,Morro,MOB13-01,57,58,MOB13-01_58,0.647,0.057032457,NA,NA,NA,NA,NA,NA,NA,NA,NA,NA,NA,NA,NA,NA,NA,NA,NA,NA
Brown_et_al_2026,Morro,MOB13-01,58,59,MOB13-01_59,0.6422,0.054811585,NA,NA,NA,NA,NA,NA,NA,NA,NA,NA,NA,NA,NA,NA,NA,NA,NA,NA
Brown_et_al_2026,Morro,MOB13-01,59,60,MOB13-01_60,1.0352,0.008307573,NA,NA,NA,NA,NA,NA,NA,NA,NA,NA,NA,NA,NA,NA,NA,NA,NA,NA
Brown_et_al_2026,Morro,MOB13-01,60,61,MOB13-01_61,1.0653,0.014174411,0,1.44,4.5883,10.1116,24.56,9.91,NA,NA,NA,NA,NA,NA,NA,NA,NA,NA,NA,0.83
Brown_et_al_2026,Morro,MOB13-01,61,62,MOB13-01_62,1.2505,0.015753699,NA,NA,NA,NA,NA,NA,NA,NA,NA,NA,NA,NA,NA,NA,NA,NA,NA,NA
Brown_et_al_2026,Morro,MOB13-01,62,63,MOB13-01_63,0.937,0.016008538,NA,NA,NA,NA,NA,NA,NA,NA,NA,NA,NA,NA,NA,NA,NA,NA,NA,NA
Brown_et_al_2026,Morro,MOB13-01,63,64,MOB13-01_64,1.2341,0.008994409,NA,NA,NA,NA,NA,NA,NA,NA,NA,NA,NA,NA,NA,NA,NA,NA,NA,NA
Brown_et_al_2026,Morro,MOB13-01,64,65,MOB13-01_65,1.2224,0.010880236,NA,NA,NA,NA,NA,NA,NA,NA,NA,NA,NA,NA,NA,NA,NA,NA,NA,NA
Brown_et_al_2026,Morro,MOB13-01,65,66,MOB13-01_66,1.0516,0.008463294,NA,NA,NA,NA,NA,NA,NA,NA,NA,NA,NA,NA,NA,NA,NA,NA,NA,NA
Brown_et_al_2026,Morro,MOB13-01,66,67,MOB13-01_67,1.5831,0.011054261,NA,NA,NA,NA,NA,NA,NA,NA,NA,NA,NA,NA,NA,NA,NA,NA,NA,NA
Brown_et_al_2026,Morro,MOB13-01,67,68,MOB13-01_68,1.2441,0.00787718,NA,NA,NA,NA,NA,NA,NA,NA,NA,NA,NA,NA,NA,NA,NA,NA,NA,NA
Brown_et_al_2026,Morro,MOB13-01,68,69,MOB13-01_69,1.5625,0.001792,NA,NA,NA,NA,NA,NA,NA,NA,180,20,terrestrial,MOB13-01 69 .19mgC,0.978,0.002,-22,2,NA,NA
Brown_et_al_2026,Morro,MOB13-01,68,69,MOB13-01_69,NA,NA,NA,NA,NA,NA,NA,NA,NA,NA,180,20,terrestrial,MOB13-01 69 .19mgC,0.978,0.002,-22,2,NA,NA
Brown_et_al_2026,Morro,MOB13-01,69,70,MOB13-01_70,1.3498000000000001,0.008149355,NA,NA,NA,NA,NA,NA,NA,NA,NA,NA,NA,NA,NA,NA,NA,NA,NA,NA
Brown_et_al_2026,Morro,MOB13-01,70,71,MOB13-01_71,1.3776,5.81e-4,NA,NA,NA,NA,NA,NA,NA,NA,NA,NA,NA,NA,NA,NA,NA,NA,NA,NA
Brown_et_al_2026,Morro,MOB13-01,71,72,MOB13-01_72,1.2691,0.038610039,NA,NA,NA,NA,NA,NA,NA,NA,NA,NA,NA,NA,NA,NA,NA,NA,NA,NA
Brown_et_al_2026,Morro,MOB13-01,72,73,MOB13-01_73,1.0308,0.043849437,NA,NA,NA,NA,NA,NA,NA,NA,NA,NA,NA,NA,NA,NA,NA,NA,NA,NA
Brown_et_al_2026,Morro,MOB13-01,73,74,MOB13-01_74,0.6622,0.05179704,NA,NA,NA,NA,NA,NA,NA,NA,NA,NA,NA,NA,NA,NA,NA,NA,NA,NA
Brown_et_al_2026,Morro,MOB13-01,74,75,MOB13-01_75,0.5878,0.051207894,NA,NA,NA,NA,NA,NA,NA,NA,NA,NA,NA,NA,NA,NA,NA,NA,NA,NA
Brown_et_al_2026,Morro,MOB13-01,75,76,MOB13-01_76,0.7887,0.049828832000000003,NA,NA,NA,NA,NA,NA,NA,NA,NA,NA,NA,NA,NA,NA,NA,NA,NA,NA
Brown_et_al_2026,Morro,MOB13-01,76,77,MOB13-01_77,0.8569,0.05228148,NA,NA,NA,NA,NA,NA,NA,NA,NA,NA,NA,NA,NA,NA,NA,NA,NA,NA
Brown_et_al_2026,Morro,MOB13-01,77,78,MOB13-01_78,0.8436,0.37790422,NA,NA,NA,NA,NA,NA,NA,NA,NA,NA,NA,NA,NA,NA,NA,NA,NA,NA
Brown_et_al_2026,Morro,MOB13-01,78,79,MOB13-01_79,1.1437,0.059980764,NA,NA,NA,NA,NA,NA,NA,NA,NA,NA,NA,NA,NA,NA,NA,NA,NA,NA
Brown_et_al_2026,Morro,MOB13-01,79,80,MOB13-01_80,1.0162,0.058846684,NA,NA,NA,NA,NA,NA,NA,NA,NA,NA,NA,NA,NA,NA,NA,NA,NA,NA
Brown_et_al_2026,Morro,MOB13-01,80,81,MOB13-01_81,1.3999,0.049503536,NA,NA,NA,NA,NA,NA,NA,NA,NA,NA,NA,NA,NA,NA,NA,NA,NA,NA
Brown_et_al_2026,Morro,MOB13-01,81,82,MOB13-01_82,1.1462,0.065957076,NA,NA,NA,NA,NA,NA,NA,NA,NA,NA,NA,NA,NA,NA,NA,NA,NA,NA
Brown_et_al_2026,Morro,MOB13-01,82,83,MOB13-01_83,1.0879,0.063241107,NA,NA,NA,NA,NA,NA,NA,NA,NA,NA,NA,NA,NA,NA,NA,NA,NA,NA
Brown_et_al_2026,Morro,MOB13-01,83,84,MOB13-01_84,1.5831,0.047628072,NA,NA,NA,NA,NA,NA,NA,NA,NA,NA,NA,NA,NA,NA,NA,NA,NA,NA
Brown_et_al_2026,Morro,MOB13-01,84,85,MOB13-01_85,1.5177,0.042696185,NA,NA,NA,NA,NA,NA,NA,NA,NA,NA,NA,NA,NA,NA,NA,NA,NA,NA
Brown_et_al_2026,Morro,MOB13-01,85,86,MOB13-01_86,1.5854,0.042702157,NA,NA,NA,NA,NA,NA,NA,NA,NA,NA,NA,NA,NA,NA,NA,NA,NA,NA
Brown_et_al_2026,Morro,MOB13-01,86,87,MOB13-01_87,1.4949,0.051040203,NA,NA,NA,NA,NA,NA,NA,NA,NA,NA,NA,NA,NA,NA,NA,NA,NA,NA
Brown_et_al_2026,Morro,MOB13-01,87,88,MOB13-01_88,1.3824,0.05541088,NA,NA,NA,NA,NA,NA,NA,NA,NA,NA,NA,NA,NA,NA,NA,NA,NA,NA
Brown_et_al_2026,Morro,MOB13-01,88,89,MOB13-01_89,1.8526,0.056677102,NA,NA,NA,NA,NA,NA,NA,NA,NA,NA,NA,NA,NA,NA,NA,NA,NA,NA
Brown_et_al_2026,Morro,MOB13-01,89,90,MOB13-01_90,1.2191,0.044459027,NA,NA,NA,NA,NA,NA,NA,NA,NA,NA,NA,NA,NA,NA,NA,NA,NA,NA
Brown_et_al_2026,Morro,MOB13-01,90,91,MOB13-01_91,1.4649,0.046487815,NA,NA,NA,NA,NA,NA,NA,NA,NA,NA,NA,NA,NA,NA,NA,NA,NA,NA
Brown_et_al_2026,Morro,MOB13-01,91,92,MOB13-01_92,1.4174,0.048116269,NA,NA,NA,NA,NA,NA,NA,NA,NA,NA,NA,NA,NA,NA,NA,NA,NA,NA
Brown_et_al_2026,Morro,MOB13-01,92,93,MOB13-01_93,1.4787,0.055589369,NA,NA,NA,NA,NA,NA,NA,NA,NA,NA,NA,NA,NA,NA,NA,NA,NA,NA
Brown_et_al_2026,Morro,MOB13-01,93,94,MOB13-01_94,1.4563,0.045182998,NA,NA,NA,NA,NA,NA,NA,NA,NA,NA,NA,NA,NA,NA,NA,NA,NA,NA
Brown_et_al_2026,Morro,MOB13-01,94,95,MOB13-01_95,1.6893,0.051086249,NA,NA,NA,NA,NA,NA,NA,NA,NA,NA,NA,NA,NA,NA,NA,NA,NA,NA
Brown_et_al_2026,Morro,MOB13-01,95,96,MOB13-01_96,1.3103,0.051743875,NA,NA,NA,NA,NA,NA,NA,NA,NA,NA,NA,NA,NA,NA,NA,NA,NA,NA
Brown_et_al_2026,Morro,MOB13-01,96,97,MOB13-01_97,1.4248,0.055797305,NA,NA,NA,NA,NA,NA,NA,NA,NA,NA,NA,NA,NA,NA,NA,NA,NA,NA
Brown_et_al_2026,Morro,MOB13-01,97,98,MOB13-01_98,1.4694,0.052402341,NA,NA,NA,NA,NA,NA,NA,NA,NA,NA,NA,NA,NA,NA,NA,NA,NA,NA
Brown_et_al_2026,Morro,MOB13-01,98,99,MOB13-01_99,1.4316,0.04742945,NA,NA,NA,NA,NA,NA,NA,NA,NA,NA,NA,NA,NA,NA,NA,NA,NA,NA
Brown_et_al_2026,Morro,MOB13-01,99,100,MOB13-01_100,1.3364,0.04624364,NA,NA,NA,NA,NA,NA,NA,NA,NA,NA,NA,NA,NA,NA,NA,NA,NA,NA
Brown_et_al_2026,Morro,MOB13-01,197,198,MOB13-01_198,NA,NA,NA,NA,NA,NA,NA,NA,NA,NA,765,15,marine,MOB13-01 198cm,0.9091,0.0015,-90.9,1.5,NA,NA
Brown_et_al_2026,Morro,MOB13-01,255,256,MOB13-01_256,NA,NA,NA,NA,NA,NA,NA,NA,NA,NA,780,15,marine,MOB13-01 256cm,0.9075,0.0015,-92.5,1.5,NA,NA
Brown_et_al_2026,Morro,MOB13-02,0,1,MOB13-02_1,0.2526,0.185669042,NA,NA,NA,NA,NA,NA,NA,NA,NA,NA,NA,NA,NA,NA,NA,NA,NA,NA
Brown_et_al_2026,Morro,MOB13-02,1,2,MOB13-02_2,0.3749,0.209922646,NA,NA,NA,NA,NA,NA,NA,NA,NA,NA,NA,NA,NA,NA,NA,NA,NA,NA
Brown_et_al_2026,Morro,MOB13-02,2,3,MOB13-02_3,0.368,0.227445652,NA,NA,NA,NA,NA,NA,NA,NA,NA,NA,NA,NA,NA,NA,NA,NA,NA,NA
Brown_et_al_2026,Morro,MOB13-02,3,4,MOB13-02_4,0.4109,0.18690679,NA,NA,NA,NA,NA,NA,NA,NA,NA,NA,NA,NA,NA,NA,NA,NA,NA,NA
Brown_et_al_2026,Morro,MOB13-02,4,5,MOB13-02_5,0.5482,0.127325794,NA,NA,NA,NA,NA,NA,NA,NA,NA,NA,NA,NA,NA,NA,NA,NA,NA,NA
Brown_et_al_2026,Morro,MOB13-02,5,6,MOB13-02_6,0.3327,0.210099188,NA,NA,NA,NA,NA,NA,NA,NA,NA,NA,NA,NA,NA,NA,NA,NA,NA,NA
Brown_et_al_2026,Morro,MOB13-02,6,7,MOB13-02_7,0.2577,0.240977881,NA,NA,NA,NA,NA,NA,NA,NA,NA,NA,NA,NA,NA,NA,NA,NA,NA,NA
Brown_et_al_2026,Morro,MOB13-02,7,8,MOB13-02_8,0.3919,0.194947691,NA,NA,NA,NA,NA,NA,NA,NA,NA,NA,NA,NA,NA,NA,NA,NA,NA,NA
Brown_et_al_2026,Morro,MOB13-02,8,9,MOB13-02_9,0.3455,0.218813314,NA,NA,NA,NA,NA,NA,NA,NA,NA,NA,NA,NA,NA,NA,NA,NA,NA,NA
Brown_et_al_2026,Morro,MOB13-02,9,10,MOB13-02_10,0.2792,0.326289398,NA,NA,NA,NA,NA,NA,NA,NA,NA,NA,NA,NA,NA,NA,NA,NA,NA,NA
Brown_et_al_2026,Morro,MOB13-02,10,11,MOB13-02_11,0.5641,0.10689594,NA,NA,NA,NA,NA,NA,NA,NA,NA,NA,NA,NA,NA,NA,NA,NA,NA,NA
Brown_et_al_2026,Morro,MOB13-02,11,12,MOB13-02_12,0.5016,0.122208931,NA,NA,NA,NA,NA,NA,NA,NA,NA,NA,NA,NA,NA,NA,NA,NA,NA,NA
Brown_et_al_2026,Morro,MOB13-02,12,13,MOB13-02_13,0.439,0.150341686,NA,NA,NA,NA,NA,NA,NA,NA,NA,NA,NA,NA,NA,NA,NA,NA,NA,NA
Brown_et_al_2026,Morro,MOB13-02,13,14,MOB13-02_14,0.3443,0.186174848,NA,NA,NA,NA,NA,NA,NA,NA,NA,NA,NA,NA,NA,NA,NA,NA,NA,NA
Brown_et_al_2026,Morro,MOB13-02,14,15,MOB13-02_15,0.4747,0.129766168,NA,NA,NA,NA,NA,NA,NA,NA,NA,NA,NA,NA,NA,NA,NA,NA,NA,NA
Brown_et_al_2026,Morro,MOB13-02,15,16,MOB13-02_16,0.328,0.201219512,NA,NA,NA,NA,NA,NA,NA,NA,NA,NA,NA,NA,NA,NA,NA,NA,NA,NA
Brown_et_al_2026,Morro,MOB13-02,16,17,MOB13-02_17,0.4318,0.15655396,NA,NA,NA,NA,NA,NA,NA,NA,NA,NA,NA,NA,NA,NA,NA,NA,NA,NA
Brown_et_al_2026,Morro,MOB13-02,17,18,MOB13-02_18,0.3264,0.193014706,NA,NA,NA,NA,NA,NA,NA,NA,NA,NA,NA,NA,NA,NA,NA,NA,NA,NA
Brown_et_al_2026,Morro,MOB13-02,18,19,MOB13-02_19,0.3508,0.209806157,NA,NA,NA,NA,NA,NA,NA,NA,NA,NA,NA,NA,NA,NA,NA,NA,NA,NA
Brown_et_al_2026,Morro,MOB13-02,19,20,MOB13-02_20,0.2581,0.082138706,NA,NA,NA,NA,NA,NA,NA,NA,NA,NA,NA,NA,NA,NA,NA,NA,NA,NA
Brown_et_al_2026,Morro,MOB13-02,20,21,MOB13-02_21,0.3036,0.249011858,NA,NA,NA,NA,NA,NA,NA,NA,NA,NA,NA,NA,NA,NA,NA,NA,NA,NA
Brown_et_al_2026,Morro,MOB13-02,21,22,MOB13-02_22,0.3318,0.220916215,NA,NA,NA,NA,NA,NA,NA,NA,NA,NA,NA,NA,NA,NA,NA,NA,NA,NA
Brown_et_al_2026,Morro,MOB13-02,22,23,MOB13-02_23,0.4155,0.177617329,NA,NA,NA,NA,NA,NA,NA,NA,NA,NA,NA,NA,NA,NA,NA,NA,NA,NA
Brown_et_al_2026,Morro,MOB13-02,23,24,MOB13-02_24,0.3893,0.178011816,NA,NA,NA,NA,NA,NA,NA,NA,NA,NA,NA,NA,NA,NA,NA,NA,NA,NA
Brown_et_al_2026,Morro,MOB13-02,24,25,MOB13-02_25,0.3409,0.193898504,NA,NA,NA,NA,NA,NA,NA,NA,NA,NA,NA,NA,NA,NA,NA,NA,NA,NA
Brown_et_al_2026,Morro,MOB13-02,25,26,MOB13-02_26,0.3599,0.198110586,NA,NA,NA,NA,NA,NA,NA,NA,NA,NA,NA,NA,NA,NA,NA,NA,NA,NA
Brown_et_al_2026,Morro,MOB13-02,26,27,MOB13-02_27,0.49786,0.158799663,NA,NA,NA,NA,NA,NA,NA,NA,NA,NA,NA,NA,NA,NA,NA,NA,NA,NA
Brown_et_al_2026,Morro,MOB13-02,27,28,MOB13-02_28,0.4468,0.142793196,NA,NA,NA,NA,NA,NA,NA,NA,NA,NA,NA,NA,NA,NA,NA,NA,NA,NA
Brown_et_al_2026,Morro,MOB13-02,28,29,MOB13-02_29,0.4038,0.103268945,NA,NA,NA,NA,NA,NA,NA,NA,NA,NA,NA,NA,NA,NA,NA,NA,NA,NA
Brown_et_al_2026,Morro,MOB13-02,29,30,MOB13-02_30,0.37072,0.147065171,NA,NA,NA,NA,NA,NA,NA,NA,NA,NA,NA,NA,NA,NA,NA,NA,NA,NA
Brown_et_al_2026,Morro,MOB13-02,30,31,MOB13-02_31,0.3664,0.105349345,NA,NA,NA,NA,NA,NA,NA,NA,NA,NA,NA,NA,NA,NA,NA,NA,NA,NA
Brown_et_al_2026,Morro,MOB13-02,31,32,MOB13-02_32,0.4634,0.106171774,NA,NA,NA,NA,NA,NA,NA,NA,NA,NA,NA,NA,NA,NA,NA,NA,NA,NA
Brown_et_al_2026,Morro,MOB13-02,32,33,MOB13-02_33,0.332,0.096385542,NA,NA,NA,NA,NA,NA,NA,NA,NA,NA,NA,NA,NA,NA,NA,NA,NA,NA
Brown_et_al_2026,Morro,MOB13-02,33,34,MOB13-02_34,0.4244,0.072101791,NA,NA,NA,NA,NA,NA,NA,NA,NA,NA,NA,NA,NA,NA,NA,NA,NA,NA
Brown_et_al_2026,Morro,MOB13-02,34,35,MOB13-02_35,0.3832,0.076461378,NA,NA,NA,NA,NA,NA,NA,NA,NA,NA,NA,NA,NA,NA,NA,NA,NA,NA
Brown_et_al_2026,Morro,MOB13-02,35,36,MOB13-02_36,0.502,0.080278884,NA,NA,NA,NA,NA,NA,NA,NA,NA,NA,NA,NA,NA,NA,NA,NA,NA,NA
Brown_et_al_2026,Morro,MOB13-02,36,37,MOB13-02_37,0.3296,0.117718447,NA,NA,NA,NA,NA,NA,NA,NA,NA,NA,NA,NA,NA,NA,NA,NA,NA,NA
Brown_et_al_2026,Morro,MOB13-02,37,38,MOB13-02_38,0.3833,0.093660318,NA,NA,NA,NA,NA,NA,NA,NA,NA,NA,NA,NA,NA,NA,NA,NA,NA,NA
Brown_et_al_2026,Morro,MOB13-02,38,39,MOB13-02_39,0.4824,0.084991708,NA,NA,NA,NA,NA,NA,NA,NA,NA,NA,NA,NA,NA,NA,NA,NA,NA,NA
Brown_et_al_2026,Morro,MOB13-02,39,40,MOB13-02_40,0.4371,0.086936628,NA,NA,NA,NA,NA,NA,NA,NA,NA,NA,NA,NA,NA,NA,NA,NA,NA,NA
Brown_et_al_2026,Morro,MOB13-02,40,41,MOB13-02_41,0.4865,0.085303186,NA,NA,NA,NA,NA,NA,NA,NA,NA,NA,NA,NA,NA,NA,NA,NA,NA,NA
Brown_et_al_2026,Morro,MOB13-02,41,42,MOB13-02_42,0.3729,0.102440333,NA,NA,NA,NA,NA,NA,NA,NA,NA,NA,NA,NA,NA,NA,NA,NA,NA,NA
Brown_et_al_2026,Morro,MOB13-02,42,43,MOB13-02_43,0.3323,0.095094794,NA,NA,NA,NA,NA,NA,NA,NA,NA,NA,NA,NA,NA,NA,NA,NA,NA,NA
Brown_et_al_2026,Morro,MOB13-02,43,44,MOB13-02_44,0.4095,0.082051282,NA,NA,NA,NA,NA,NA,NA,NA,NA,NA,NA,NA,NA,NA,NA,NA,NA,NA
Brown_et_al_2026,Morro,MOB13-02,44,45,MOB13-02_45,0.3411,0.086191733,NA,NA,NA,NA,NA,NA,NA,NA,NA,NA,NA,NA,NA,NA,NA,NA,NA,NA
Brown_et_al_2026,Morro,MOB13-02,45,46,MOB13-02_46,0.3054,0.080877538,NA,NA,NA,NA,NA,NA,NA,NA,NA,NA,NA,NA,NA,NA,NA,NA,NA,NA
Brown_et_al_2026,Morro,MOB13-02,46,47,MOB13-02_47,0.4376,0.070840951,NA,NA,NA,NA,NA,NA,NA,NA,NA,NA,NA,NA,NA,NA,NA,NA,NA,NA
Brown_et_al_2026,Morro,MOB13-02,47,48,MOB13-02_48,0.377,0.090185676,NA,NA,NA,NA,NA,NA,NA,NA,NA,NA,NA,NA,NA,NA,NA,NA,NA,NA
Brown_et_al_2026,Morro,MOB13-02,48,49,MOB13-02_49,0.4196,0.091754051,NA,NA,NA,NA,NA,NA,NA,NA,NA,NA,NA,NA,NA,NA,NA,NA,NA,NA
Brown_et_al_2026,Morro,MOB13-02,49,50,MOB13-02_50,0.4579,0.08189561,NA,NA,NA,NA,NA,NA,NA,NA,NA,NA,NA,NA,NA,NA,NA,NA,NA,NA
Brown_et_al_2026,Morro,MOB13-02,50,51,MOB13-02_51,0.3619,0.0867643,NA,NA,NA,NA,NA,NA,NA,NA,175,15,terrestrial,MOB13-02 51cm .20mgC,0.9783,0.0014,-21.7,1.4,NA,NA
Brown_et_al_2026,Morro,MOB13-02,51,52,MOB13-02_52,0.4635,0.080906149,NA,NA,NA,NA,NA,NA,NA,NA,NA,NA,NA,NA,NA,NA,NA,NA,NA,NA
Brown_et_al_2026,Morro,MOB13-02,52,53,MOB13-02_53,0.4374,0.066758116,NA,NA,NA,NA,NA,NA,NA,NA,NA,NA,NA,NA,NA,NA,NA,NA,NA,NA
Brown_et_al_2026,Morro,MOB13-02,53,54,MOB13-02_54,0.772,0.067357513,NA,NA,NA,NA,NA,NA,NA,NA,NA,NA,NA,NA,NA,NA,NA,NA,NA,NA
Brown_et_al_2026,Morro,MOB13-02,54,55,MOB13-02_55,0.8997,0.060798044,NA,NA,NA,NA,NA,NA,NA,NA,NA,NA,NA,NA,NA,NA,NA,NA,NA,NA
Brown_et_al_2026,Morro,MOB13-02,55,56,MOB13-02_56,0.6496,0.014778325,NA,NA,NA,NA,NA,NA,NA,NA,NA,NA,NA,NA,NA,NA,NA,NA,NA,NA
Brown_et_al_2026,Morro,MOB13-02,56,57,MOB13-02_57,0.6836,0.072264482,NA,NA,NA,NA,NA,NA,NA,NA,NA,NA,NA,NA,NA,NA,NA,NA,NA,NA
Brown_et_al_2026,Morro,MOB13-02,57,58,MOB13-02_58,1.0012,0.051937675,NA,NA,NA,NA,NA,NA,NA,NA,NA,NA,NA,NA,NA,NA,NA,NA,NA,NA
Brown_et_al_2026,Morro,MOB13-02,58,59,MOB13-02_59,0.9532,0.047524129,NA,NA,NA,NA,NA,NA,NA,NA,NA,NA,NA,NA,NA,NA,NA,NA,NA,NA
Brown_et_al_2026,Morro,MOB13-02,59,60,MOB13-02_60,0.6715,0.058078928,NA,NA,NA,NA,NA,NA,NA,NA,NA,NA,NA,NA,NA,NA,NA,NA,NA,NA
Brown_et_al_2026,Morro,MOB13-02,60,61,MOB13-02_61,0.7876,0.053834434,NA,NA,NA,NA,NA,NA,NA,NA,NA,NA,NA,NA,NA,NA,NA,NA,NA,NA
Brown_et_al_2026,Morro,MOB13-02,61,62,MOB13-02_62,0.7214,0.051427779,NA,NA,NA,NA,NA,NA,NA,NA,NA,NA,NA,NA,NA,NA,NA,NA,NA,NA
Brown_et_al_2026,Morro,MOB13-02,62,63,MOB13-02_63,0.8688,0.05444291,NA,NA,NA,NA,NA,NA,NA,NA,NA,NA,NA,NA,NA,NA,NA,NA,NA,NA
Brown_et_al_2026,Morro,MOB13-02,63,64,MOB13-02_64,0.896,0.055803571,NA,NA,NA,NA,NA,NA,NA,NA,NA,NA,NA,NA,NA,NA,NA,NA,NA,NA
Brown_et_al_2026,Morro,MOB13-02,64,65,MOB13-02_65,0.8647,0.059211287,NA,NA,NA,NA,NA,NA,NA,NA,NA,NA,NA,NA,NA,NA,NA,NA,NA,NA
Brown_et_al_2026,Morro,MOB13-02,65,66,MOB13-02_66,0.7513,0.051643817,NA,NA,NA,NA,NA,NA,NA,NA,NA,NA,NA,NA,NA,NA,NA,NA,NA,NA
Brown_et_al_2026,Morro,MOB13-02,66,67,MOB13-02_67,0.6789,0.068787745,NA,NA,NA,NA,NA,NA,NA,NA,NA,NA,NA,NA,NA,NA,NA,NA,NA,NA
Brown_et_al_2026,Morro,MOB13-02,67,68,MOB13-02_68,0.8278,0.051824112,NA,NA,NA,NA,NA,NA,NA,NA,NA,NA,NA,NA,NA,NA,NA,NA,NA,NA
Brown_et_al_2026,Morro,MOB13-02,68,69,MOB13-02_69,0.8485,0.053624042,NA,NA,NA,NA,NA,NA,NA,NA,NA,NA,NA,NA,NA,NA,NA,NA,NA,NA
Brown_et_al_2026,Morro,MOB13-02,69,70,MOB13-02_70,0.912,0.051096491,NA,NA,NA,NA,NA,NA,NA,NA,NA,NA,NA,NA,NA,NA,NA,NA,NA,NA
Brown_et_al_2026,Morro,MOB13-02,70,71,MOB13-02_71,0.9431,0.055137313,NA,NA,NA,NA,NA,NA,NA,NA,NA,NA,NA,NA,NA,NA,NA,NA,NA,NA
Brown_et_al_2026,Morro,MOB13-02,71,72,MOB13-02_72,1.2457,0.05900297,NA,NA,NA,NA,NA,NA,NA,NA,NA,NA,NA,NA,NA,NA,NA,NA,NA,NA
Brown_et_al_2026,Morro,MOB13-02,72,73,MOB13-02_73,0.9403,0.056896735,NA,NA,NA,NA,NA,NA,NA,NA,NA,NA,NA,NA,NA,NA,NA,NA,NA,NA
Brown_et_al_2026,Morro,MOB13-02,73,74,MOB13-02_74,1.6779,0.044758329,NA,NA,NA,NA,NA,NA,NA,NA,NA,NA,NA,NA,NA,NA,NA,NA,NA,NA
Brown_et_al_2026,Morro,MOB13-02,74,75,MOB13-02_75,1.1975,0.042672234,NA,NA,NA,NA,NA,NA,NA,NA,NA,NA,NA,NA,NA,NA,NA,NA,NA,NA
Brown_et_al_2026,Morro,MOB13-02,75,76,MOB13-02_76,0.924,0.058982684,NA,NA,NA,NA,NA,NA,NA,NA,NA,NA,NA,NA,NA,NA,NA,NA,NA,NA
Brown_et_al_2026,Morro,MOB13-02,76,77,MOB13-02_77,0.4726,0.057765552,NA,NA,NA,NA,NA,NA,NA,NA,NA,NA,NA,NA,NA,NA,NA,NA,NA,NA
Brown_et_al_2026,Morro,MOB13-02,77,78,MOB13-02_78,1.8004,0.045934237,NA,NA,NA,NA,NA,NA,NA,NA,NA,NA,NA,NA,NA,NA,NA,NA,NA,NA
Brown_et_al_2026,Morro,MOB13-02,78,79,MOB13-02_79,0.8571,0.056586163,NA,NA,NA,NA,NA,NA,NA,NA,NA,NA,NA,NA,NA,NA,NA,NA,NA,NA
Brown_et_al_2026,Morro,MOB13-02,79,80,MOB13-02_80,0.8154,0.058989453,NA,NA,NA,NA,NA,NA,NA,NA,NA,NA,NA,NA,NA,NA,NA,NA,NA,NA
Brown_et_al_2026,Morro,MOB13-02,80,81,MOB13-02_81,0.9482,0.048407509,NA,NA,NA,NA,NA,NA,NA,NA,NA,NA,NA,NA,NA,NA,NA,NA,NA,NA
Brown_et_al_2026,Morro,MOB13-02,81,82,MOB13-02_82,0.9278,0.05712438,NA,NA,NA,NA,NA,NA,NA,NA,NA,NA,NA,NA,NA,NA,NA,NA,NA,NA
Brown_et_al_2026,Morro,MOB13-02,82,83,MOB13-02_83,1.0384,0.058744222,NA,NA,NA,NA,NA,NA,NA,NA,NA,NA,NA,NA,NA,NA,NA,NA,NA,NA
Brown_et_al_2026,Morro,MOB13-02,83,84,MOB13-02_84,1.0099,0.067828498,NA,NA,NA,NA,NA,NA,NA,NA,NA,NA,NA,NA,NA,NA,NA,NA,NA,NA
Brown_et_al_2026,Morro,MOB13-02,84,85,MOB13-02_85,1.2984,0.059919901,NA,NA,NA,NA,NA,NA,NA,NA,NA,NA,NA,NA,NA,NA,NA,NA,NA,NA
Brown_et_al_2026,Morro,MOB13-02,85,86,MOB13-02_86,0.8747,0.066651423,NA,NA,NA,NA,NA,NA,NA,NA,NA,NA,NA,NA,NA,NA,NA,NA,NA,NA
Brown_et_al_2026,Morro,MOB13-02,86,87,MOB13-02_87,1.2816,0.053526841,NA,NA,NA,NA,NA,NA,NA,NA,NA,NA,NA,NA,NA,NA,NA,NA,NA,NA
Brown_et_al_2026,Morro,MOB13-02,87,88,MOB13-02_88,1.6981,0.060714917,NA,NA,NA,NA,NA,NA,NA,NA,NA,NA,NA,NA,NA,NA,NA,NA,NA,NA
Brown_et_al_2026,Morro,MOB13-02,88,89,MOB13-02_89,1.2376,0.055349063,NA,NA,NA,NA,NA,NA,NA,NA,NA,NA,NA,NA,NA,NA,NA,NA,NA,NA
Brown_et_al_2026,Morro,MOB13-02,89,90,MOB13-02_90,1.0562,0.072997538,NA,NA,NA,NA,NA,NA,NA,NA,NA,NA,NA,NA,NA,NA,NA,NA,NA,NA
Brown_et_al_2026,Morro,MOB13-02,90,91,MOB13-02_91,1.1151,0.062415927,NA,NA,NA,NA,NA,NA,NA,NA,NA,NA,NA,NA,NA,NA,NA,NA,NA,NA
Brown_et_al_2026,Morro,MOB13-02,91,92,MOB13-02_92,1.3311,0.059875291,NA,NA,NA,NA,NA,NA,NA,NA,NA,NA,NA,NA,NA,NA,NA,NA,NA,NA
Brown_et_al_2026,Morro,MOB13-02,92,93,MOB13-02_93,1.2774,0.059808987,NA,NA,NA,NA,NA,NA,NA,NA,NA,NA,NA,NA,NA,NA,NA,NA,NA,NA
Brown_et_al_2026,Morro,MOB13-02,93,94,MOB13-02_94,1.6259,0.059536257,NA,NA,NA,NA,NA,NA,NA,NA,NA,NA,NA,NA,NA,NA,NA,NA,NA,NA
Brown_et_al_2026,Morro,MOB13-02,94,95,MOB13-02_95,1.2457,0.053223087,NA,NA,NA,NA,NA,NA,NA,NA,NA,NA,NA,NA,NA,NA,NA,NA,NA,NA
Brown_et_al_2026,Morro,MOB13-02,95,96,MOB13-02_96,1.6226,0.042832491,NA,NA,NA,NA,NA,NA,NA,NA,NA,NA,NA,NA,NA,NA,NA,NA,NA,NA
Brown_et_al_2026,Morro,MOB13-02,96,97,MOB13-02_97,1.7637,0.051766173,NA,NA,NA,NA,NA,NA,NA,NA,NA,NA,NA,NA,NA,NA,NA,NA,NA,NA
Brown_et_al_2026,Morro,MOB13-02,97,98,MOB13-02_98,1.275,0.06172549,NA,NA,NA,NA,NA,NA,NA,NA,NA,NA,NA,NA,NA,NA,NA,NA,NA,NA
Brown_et_al_2026,Morro,MOB13-02,98,99,MOB13-02_99,1.3668,0.042361721,NA,NA,NA,NA,NA,NA,NA,NA,NA,NA,NA,NA,NA,NA,NA,NA,NA,NA
Brown_et_al_2026,Morro,MOB13-02,99,100,MOB13-02_100,1.0212,0.07030944,NA,NA,NA,NA,NA,NA,NA,NA,NA,NA,NA,NA,NA,NA,NA,NA,NA,NA
Brown_et_al_2026,Morro,MOB13-02,198,199,MOB13-02_199,NA,NA,NA,NA,NA,NA,NA,NA,NA,NA,810,15,marine,MOB13-02 199cm,0.9042,0.0012,-95.8,1.2,NA,NA
Brown_et_al_2026,Morro,MOB13-02,316,317,MOB13-02_317,NA,NA,NA,NA,NA,NA,NA,NA,NA,NA,975,20,marine,MOB13-02-317,0.8857,0.0017,-114.3,1.7,NA,NA
Brown_et_al_2026,Morro,MOB13-03,267,268,MOB13-03_268,NA,NA,NA,NA,NA,NA,NA,NA,NA,NA,825,15,marine,MOB13-03 268cm,0.9025,0.0013,-97.5,1.3,NA,NA
Brown_et_al_2026,Morro,MOB13-04,0,1,MOB13-04_1,0.3114,0.253050739,NA,NA,NA,NA,NA,NA,NA,NA,NA,NA,NA,NA,NA,NA,NA,NA,NA,NA
Brown_et_al_2026,Morro,MOB13-04,1,2,MOB13-04_2,0.2818,0.263662172,2.08,0.34,NA,NA,10.05,2.5,NA,NA,NA,NA,NA,NA,NA,NA,NA,NA,NA,0.25
Brown_et_al_2026,Morro,MOB13-04,2,3,MOB13-04_3,0.4902,0.172582619,NA,NA,NA,NA,NA,NA,NA,NA,NA,NA,NA,NA,NA,NA,NA,NA,NA,NA
Brown_et_al_2026,Morro,MOB13-04,3,4,MOB13-04_4,0.6075,0.112757202,1.36,0.31,NA,NA,8.77,2.31,NA,NA,NA,NA,NA,NA,NA,NA,NA,NA,NA,0.25
Brown_et_al_2026,Morro,MOB13-04,4,5,MOB13-04_5,0.5243,0.133511349,NA,NA,NA,NA,NA,NA,NA,NA,NA,NA,NA,NA,NA,NA,NA,NA,NA,NA
Brown_et_al_2026,Morro,MOB13-04,5,6,MOB13-04_6,0.3581,0.189891092,NA,NA,NA,NA,NA,NA,NA,NA,NA,NA,NA,NA,NA,NA,NA,NA,NA,NA
Brown_et_al_2026,Morro,MOB13-04,6,7,MOB13-04_7,0.2104,0.257129278,NA,NA,NA,NA,NA,NA,NA,NA,NA,NA,NA,NA,NA,NA,NA,NA,NA,NA
Brown_et_al_2026,Morro,MOB13-04,7,8,MOB13-04_8,0.3632,0.147852423,2.36,0.33,NA,NA,10.81,2.34,NA,NA,NA,NA,NA,NA,NA,NA,NA,NA,NA,0.24
Brown_et_al_2026,Morro,MOB13-04,8,9,MOB13-04_9,0.3203,0.178582579,NA,NA,NA,NA,NA,NA,NA,NA,NA,NA,NA,NA,NA,NA,NA,NA,NA,NA
Brown_et_al_2026,Morro,MOB13-04,9,10,MOB13-04_10,0.4188,0.147803247,NA,NA,NA,NA,NA,NA,NA,NA,NA,NA,NA,NA,NA,NA,NA,NA,NA,NA
Brown_et_al_2026,Morro,MOB13-04,10,11,MOB13-04_11,0.397,0.136020151,NA,NA,NA,NA,NA,NA,NA,NA,NA,NA,NA,NA,NA,NA,NA,NA,NA,NA
Brown_et_al_2026,Morro,MOB13-04,11,12,MOB13-04_12,0.7637,0.087076077,2.78,0.35,NA,NA,3.46,2.21,NA,NA,NA,NA,NA,NA,NA,NA,NA,NA,NA,0.25
Brown_et_al_2026,Morro,MOB13-04,12,13,MOB13-04_13,0.3099,0.17231365,NA,NA,NA,NA,NA,NA,NA,NA,NA,NA,NA,NA,NA,NA,NA,NA,NA,NA
Brown_et_al_2026,Morro,MOB13-04,13,14,MOB13-04_14,0.2668,0.235382309,NA,NA,NA,NA,NA,NA,NA,NA,NA,NA,NA,NA,NA,NA,NA,NA,NA,NA
Brown_et_al_2026,Morro,MOB13-04,14,15,MOB13-04_15,0.1866,0.224008575,NA,NA,NA,NA,NA,NA,NA,NA,NA,NA,NA,NA,NA,NA,NA,NA,NA,NA
Brown_et_al_2026,Morro,MOB13-04,15,16,MOB13-04_16,0.3366,0.158942365,5.4,0.46,NA,NA,5.26,2.38,NA,NA,NA,NA,NA,NA,NA,NA,NA,NA,NA,0.25
Brown_et_al_2026,Morro,MOB13-04,16,17,MOB13-04_17,0.4032,0.141617064,NA,NA,NA,NA,NA,NA,NA,NA,NA,NA,NA,NA,NA,NA,NA,NA,NA,NA
Brown_et_al_2026,Morro,MOB13-04,17,18,MOB13-04_18,0.2409,0.189705272,NA,NA,NA,NA,NA,NA,NA,NA,NA,NA,NA,NA,NA,NA,NA,NA,NA,NA
Brown_et_al_2026,Morro,MOB13-04,18,19,MOB13-04_19,0.2262,0.264367816,NA,NA,NA,NA,NA,NA,NA,NA,NA,NA,NA,NA,NA,NA,NA,NA,NA,NA
Brown_et_al_2026,Morro,MOB13-04,19,20,MOB13-04_20,0.3056,0.176701571,0.25,0.29,NA,NA,2.34,2.42,NA,NA,NA,NA,NA,NA,NA,NA,NA,NA,NA,0.26
Brown_et_al_2026,Morro,MOB13-04,20,21,MOB13-04_21,0.2848,0.192766854,NA,NA,NA,NA,NA,NA,NA,NA,NA,NA,NA,NA,NA,NA,NA,NA,NA,NA
Brown_et_al_2026,Morro,MOB13-04,21,22,MOB13-04_22,0.2564,0.219188768,NA,NA,NA,NA,NA,NA,NA,NA,NA,NA,NA,NA,NA,NA,NA,NA,NA,NA
Brown_et_al_2026,Morro,MOB13-04,22,23,MOB13-04_23,0.1815,0.268319559,NA,NA,NA,NA,NA,NA,NA,NA,NA,NA,NA,NA,NA,NA,NA,NA,NA,NA
Brown_et_al_2026,Morro,MOB13-04,23,24,MOB13-04_24,0.2871,0.213514455,0,0.27,NA,NA,2.23,2.37,NA,NA,NA,NA,NA,NA,NA,NA,NA,NA,NA,0.25
Brown_et_al_2026,Morro,MOB13-04,24,25,MOB13-04_25,0.2573,0.134862029,NA,NA,NA,NA,NA,NA,NA,NA,NA,NA,NA,NA,NA,NA,NA,NA,NA,NA
Brown_et_al_2026,Morro,MOB13-04,25,26,MOB13-04_26,0.5323,0.112718392,NA,NA,NA,NA,NA,NA,NA,NA,NA,NA,NA,NA,NA,NA,NA,NA,NA,NA
Brown_et_al_2026,Morro,MOB13-04,26,27,MOB13-04_27,0.5003,0.103737757,NA,NA,NA,NA,NA,NA,NA,NA,NA,NA,NA,NA,NA,NA,NA,NA,NA,NA
Brown_et_al_2026,Morro,MOB13-04,27,28,MOB13-04_28,0.5411,0.106819442,0.12,0.26,NA,NA,4.29,2.19,NA,NA,NA,NA,NA,NA,NA,NA,NA,NA,NA,0.25
Brown_et_al_2026,Morro,MOB13-04,28,29,MOB13-04_29,0.2698,0.201260193,NA,NA,NA,NA,NA,NA,NA,NA,NA,NA,NA,NA,NA,NA,NA,NA,NA,NA
Brown_et_al_2026,Morro,MOB13-04,29,30,MOB13-04_30,0.3263,0.165185412,NA,NA,NA,NA,NA,NA,NA,NA,NA,NA,NA,NA,NA,NA,NA,NA,NA,NA
Brown_et_al_2026,Morro,MOB13-04,30,31,MOB13-04_31,0.282,0.174113475,NA,NA,NA,NA,NA,NA,NA,NA,NA,NA,NA,NA,NA,NA,NA,NA,NA,NA
Brown_et_al_2026,Morro,MOB13-04,31,32,MOB13-04_32,0.1967,0.207930859,NA,NA,NA,NA,NA,NA,NA,NA,NA,NA,NA,NA,NA,NA,NA,NA,NA,NA
Brown_et_al_2026,Morro,MOB13-04,32,33,MOB13-04_33,0.3347,0.13683896,NA,NA,NA,NA,NA,NA,NA,NA,NA,NA,NA,NA,NA,NA,NA,NA,NA,NA
Brown_et_al_2026,Morro,MOB13-04,33,34,MOB13-04_34,0.4147,0.155534121,NA,NA,NA,NA,NA,NA,NA,NA,NA,NA,NA,NA,NA,NA,NA,NA,NA,NA
Brown_et_al_2026,Morro,MOB13-04,34,35,MOB13-04_35,0.347,0.152449568,NA,NA,NA,NA,NA,NA,NA,NA,NA,NA,NA,NA,NA,NA,NA,NA,NA,NA
Brown_et_al_2026,Morro,MOB13-04,35,36,MOB13-04_36,0.3472,0.128456221,NA,NA,NA,NA,NA,NA,NA,NA,NA,NA,NA,NA,NA,NA,NA,NA,NA,NA
Brown_et_al_2026,Morro,MOB13-04,36,37,MOB13-04_37,0.7522,0.070327041,NA,NA,NA,NA,NA,NA,NA,NA,NA,NA,NA,NA,NA,NA,NA,NA,NA,NA
Brown_et_al_2026,Morro,MOB13-04,37,38,MOB13-04_38,0.5133,0.099551919,NA,NA,NA,NA,NA,NA,NA,NA,NA,NA,NA,NA,NA,NA,NA,NA,NA,NA
Brown_et_al_2026,Morro,MOB13-04,38,39,MOB13-04_39,0.4633,0.105978847,NA,NA,NA,NA,NA,NA,NA,NA,NA,NA,NA,NA,NA,NA,NA,NA,NA,NA
Brown_et_al_2026,Morro,MOB13-04,39,40,MOB13-04_40,0.3631,0.103277334,NA,NA,NA,NA,NA,NA,NA,NA,NA,NA,NA,NA,NA,NA,NA,NA,NA,NA
Brown_et_al_2026,Morro,MOB13-04,40,41,MOB13-04_41,0.4769,0.09561753,NA,NA,NA,NA,NA,NA,NA,NA,NA,NA,NA,NA,NA,NA,NA,NA,NA,NA
Brown_et_al_2026,Morro,MOB13-04,41,42,MOB13-04_42,0.4974,0.073984721,NA,NA,NA,NA,NA,NA,NA,NA,NA,NA,NA,NA,NA,NA,NA,NA,NA,NA
Brown_et_al_2026,Morro,MOB13-04,42,43,MOB13-04_43,0.5153,0.083640598,NA,NA,NA,NA,NA,NA,NA,NA,NA,NA,NA,NA,NA,NA,NA,NA,NA,NA
Brown_et_al_2026,Morro,MOB13-04,43,44,MOB13-04_44,0.4135,0.093833132,NA,NA,NA,NA,NA,NA,NA,NA,NA,NA,NA,NA,NA,NA,NA,NA,NA,NA
Brown_et_al_2026,Morro,MOB13-04,44,45,MOB13-04_45,0.5636,0.080198723,NA,NA,NA,NA,NA,NA,NA,NA,NA,NA,NA,NA,NA,NA,NA,NA,NA,NA
Brown_et_al_2026,Morro,MOB13-04,45,46,MOB13-04_46,0.4169,0.09594627,NA,NA,NA,NA,NA,NA,NA,NA,NA,NA,NA,NA,NA,NA,NA,NA,NA,NA
Brown_et_al_2026,Morro,MOB13-04,47,48,MOB13-04_48,0.4448,0.107913669,NA,NA,NA,NA,NA,NA,NA,NA,NA,NA,NA,NA,NA,NA,NA,NA,NA,NA
Brown_et_al_2026,Morro,MOB13-04,48,49,MOB13-04_49,0.6383,0.076296412,NA,NA,NA,NA,NA,NA,NA,NA,NA,NA,NA,NA,NA,NA,NA,NA,NA,NA
Brown_et_al_2026,Morro,MOB13-04,49,50,MOB13-04_50,0.4586,0.090274749,NA,NA,NA,NA,NA,NA,NA,NA,NA,NA,NA,NA,NA,NA,NA,NA,NA,NA
Brown_et_al_2026,Morro,MOB13-04,50,51,MOB13-04_51,0.8038,0.064568301,NA,NA,NA,NA,NA,NA,NA,NA,NA,NA,NA,NA,NA,NA,NA,NA,NA,NA
Brown_et_al_2026,Morro,MOB13-04,51,52,MOB13-04_52,1.0499,0.064291837,NA,NA,NA,NA,NA,NA,NA,NA,NA,NA,NA,NA,NA,NA,NA,NA,NA,NA
Brown_et_al_2026,Morro,MOB13-04,52,53,MOB13-04_53,1.0323,0.064709871,NA,NA,NA,NA,NA,NA,NA,NA,NA,NA,NA,NA,NA,NA,NA,NA,NA,NA
Brown_et_al_2026,Morro,MOB13-04,53,54,MOB13-04_54,1.0678,0.071080727,NA,NA,NA,NA,NA,NA,NA,NA,NA,NA,NA,NA,NA,NA,NA,NA,NA,NA
Brown_et_al_2026,Morro,MOB13-04,54,55,MOB13-04_55,1.0029,0.072090936,NA,NA,NA,NA,NA,NA,NA,NA,NA,NA,NA,NA,NA,NA,NA,NA,NA,NA
Brown_et_al_2026,Morro,MOB13-04,55,56,MOB13-04_56,1.0111,0.071802987,NA,NA,NA,NA,NA,NA,NA,NA,NA,NA,NA,NA,NA,NA,NA,NA,NA,NA
Brown_et_al_2026,Morro,MOB13-04,56,57,MOB13-04_57,0.4354,0.11414791,NA,NA,NA,NA,NA,NA,NA,NA,NA,NA,NA,NA,NA,NA,NA,NA,NA,NA
Brown_et_al_2026,Morro,MOB13-04,57,58,MOB13-04_58,0.3736,0.146680942,NA,NA,NA,NA,NA,NA,NA,NA,NA,NA,NA,NA,NA,NA,NA,NA,NA,NA
Brown_et_al_2026,Morro,MOB13-04,58,59,MOB13-04_59,0.5624,0.101351351,NA,NA,NA,NA,NA,NA,NA,NA,NA,NA,NA,NA,NA,NA,NA,NA,NA,NA
Brown_et_al_2026,Morro,MOB13-04,59,60,MOB13-04_60,0.6023,0.082350988,NA,NA,NA,NA,NA,NA,NA,NA,NA,NA,NA,NA,NA,NA,NA,NA,NA,NA
Brown_et_al_2026,Morro,MOB13-04,60,61,MOB13-04_61,0.6521,0.079128968,NA,NA,NA,NA,NA,NA,NA,NA,NA,NA,NA,NA,NA,NA,NA,NA,NA,NA
Brown_et_al_2026,Morro,MOB13-04,61,62,MOB13-04_62,0.4671,0.084136159,NA,NA,NA,NA,NA,NA,NA,NA,NA,NA,NA,NA,NA,NA,NA,NA,NA,NA
Brown_et_al_2026,Morro,MOB13-04,62,63,MOB13-04_63,0.6033,0.089176198,NA,NA,NA,NA,NA,NA,NA,NA,NA,NA,NA,NA,NA,NA,NA,NA,NA,NA
Brown_et_al_2026,Morro,MOB13-04,63,64,MOB13-04_64,0.4087,0.117690237,NA,NA,NA,NA,NA,NA,NA,NA,NA,NA,NA,NA,NA,NA,NA,NA,NA,NA
Brown_et_al_2026,Morro,MOB13-04,64,65,MOB13-04_65,0.4423,0.110784535,NA,NA,NA,NA,NA,NA,NA,NA,NA,NA,NA,NA,NA,NA,NA,NA,NA,NA
Brown_et_al_2026,Morro,MOB13-04,65,66,MOB13-04_66,0.4429,0.110634455,NA,NA,NA,NA,NA,NA,NA,NA,NA,NA,NA,NA,NA,NA,NA,NA,NA,NA
Brown_et_al_2026,Morro,MOB13-04,66,67,MOB13-04_67,0.5078,0.08822371,NA,NA,NA,NA,NA,NA,NA,NA,NA,NA,NA,NA,NA,NA,NA,NA,NA,NA
Brown_et_al_2026,Morro,MOB13-04,67,68,MOB13-04_68,0.7881,0.069788098,NA,NA,NA,NA,NA,NA,NA,NA,NA,NA,NA,NA,NA,NA,NA,NA,NA,NA
Brown_et_al_2026,Morro,MOB13-04,68,69,MOB13-04_69,0.4805,0.073048907,NA,NA,NA,NA,NA,NA,NA,NA,NA,NA,NA,NA,NA,NA,NA,NA,NA,NA
Brown_et_al_2026,Morro,MOB13-04,69,70,MOB13-04_70,0.8674,0.062255015,NA,NA,NA,NA,NA,NA,NA,NA,NA,NA,NA,NA,NA,NA,NA,NA,NA,NA
Brown_et_al_2026,Morro,MOB13-04,70,71,MOB13-04_71,0.9371,0.05826486,NA,NA,NA,NA,NA,NA,NA,NA,NA,NA,NA,NA,NA,NA,NA,NA,NA,NA
Brown_et_al_2026,Morro,MOB13-04,71,72,MOB13-04_72,0.8987,0.054300657,NA,NA,NA,NA,NA,NA,NA,NA,NA,NA,NA,NA,NA,NA,NA,NA,NA,NA
Brown_et_al_2026,Morro,MOB13-04,72,73,MOB13-04_73,0.7745,0.056423499,NA,NA,NA,NA,NA,NA,NA,NA,NA,NA,NA,NA,NA,NA,NA,NA,NA,NA
Brown_et_al_2026,Morro,MOB13-04,73,74,MOB13-04_74,1.1171,0.042520813,NA,NA,NA,NA,NA,NA,NA,NA,-340,20,terrestrial,MOB13-04 74,1.0441,0.0021,44.1,2.1,NA,NA
Brown_et_al_2026,Morro,MOB13-04,74,75,MOB13-04_75,0.768,0.057291667,NA,NA,NA,NA,NA,NA,NA,NA,NA,NA,NA,NA,NA,NA,NA,NA,NA,NA
Brown_et_al_2026,Morro,MOB13-04,75,76,MOB13-04_76,0.9908,0.079127977,NA,NA,NA,NA,NA,NA,NA,NA,NA,NA,NA,NA,NA,NA,NA,NA,NA,NA
Brown_et_al_2026,Morro,MOB13-04,76,77,MOB13-04_77,1.035,0.070144928,NA,NA,NA,NA,NA,NA,NA,NA,NA,NA,NA,NA,NA,NA,NA,NA,NA,NA
Brown_et_al_2026,Morro,MOB13-04,77,78,MOB13-04_78,0.9201,0.061189001,NA,NA,NA,NA,NA,NA,NA,NA,NA,NA,NA,NA,NA,NA,NA,NA,NA,NA
Brown_et_al_2026,Morro,MOB13-04,78,79,MOB13-04_79,0.9372,0.079172002,NA,NA,NA,NA,NA,NA,NA,NA,NA,NA,NA,NA,NA,NA,NA,NA,NA,NA
Brown_et_al_2026,Morro,MOB13-04,79,80,MOB13-04_80,1.0104,0.069675376,NA,NA,NA,NA,NA,NA,NA,NA,NA,NA,NA,NA,NA,NA,NA,NA,NA,NA
Brown_et_al_2026,Morro,MOB13-04,80,81,MOB13-04_81,1.0539,0.06082171,NA,NA,NA,NA,NA,NA,NA,NA,NA,NA,NA,NA,NA,NA,NA,NA,NA,NA
Brown_et_al_2026,Morro,MOB13-04,81,82,MOB13-04_82,1.402,0.046291013,NA,NA,NA,NA,NA,NA,NA,NA,NA,NA,NA,NA,NA,NA,NA,NA,NA,NA
Brown_et_al_2026,Morro,MOB13-04,82,83,MOB13-04_83,0.9319,0.07307651,NA,NA,NA,NA,NA,NA,NA,NA,NA,NA,NA,NA,NA,NA,NA,NA,NA,NA
Brown_et_al_2026,Morro,MOB13-04,83,84,MOB13-04_84,1.3039,0.060280696,NA,NA,NA,NA,NA,NA,NA,NA,NA,NA,NA,NA,NA,NA,NA,NA,NA,NA
Brown_et_al_2026,Morro,MOB13-04,84,85,MOB13-04_85,1.1319,0.071384398,NA,NA,NA,NA,NA,NA,NA,NA,NA,NA,NA,NA,NA,NA,NA,NA,NA,NA
Brown_et_al_2026,Morro,MOB13-04,85,86,MOB13-04_86,1.3021,0.067583135,NA,NA,NA,NA,NA,NA,NA,NA,NA,NA,NA,NA,NA,NA,NA,NA,NA,NA
Brown_et_al_2026,Morro,MOB13-04,86,87,MOB13-04_87,1.4699,0.050479624,NA,NA,NA,NA,NA,NA,NA,NA,NA,NA,NA,NA,NA,NA,NA,NA,NA,NA
Brown_et_al_2026,Morro,MOB13-04,87,88,MOB13-04_88,1.3586,0.064257324,NA,NA,NA,NA,NA,NA,NA,NA,NA,NA,NA,NA,NA,NA,NA,NA,NA,NA
Brown_et_al_2026,Morro,MOB13-04,88,89,MOB13-04_89,1.4247,0.058889591,NA,NA,NA,NA,NA,NA,NA,NA,NA,NA,NA,NA,NA,NA,NA,NA,NA,NA
Brown_et_al_2026,Morro,MOB13-04,89,90,MOB13-04_90,1.2283,0.056419441,NA,NA,NA,NA,NA,NA,NA,NA,NA,NA,NA,NA,NA,NA,NA,NA,NA,NA
Brown_et_al_2026,Morro,MOB13-04,90,91,MOB13-04_91,1.0791,0.072189788,NA,NA,NA,NA,NA,NA,NA,NA,NA,NA,NA,NA,NA,NA,NA,NA,NA,NA
Brown_et_al_2026,Morro,MOB13-04,91,92,MOB13-04_92,1.2983,0.066317492,NA,NA,NA,NA,NA,NA,NA,NA,NA,NA,NA,NA,NA,NA,NA,NA,NA,NA
Brown_et_al_2026,Morro,MOB13-04,92,93,MOB13-04_93,1.3145,0.053936858,NA,NA,NA,NA,NA,NA,NA,NA,NA,NA,NA,NA,NA,NA,NA,NA,NA,NA
Brown_et_al_2026,Morro,MOB13-04,93,94,MOB13-04_94,1.3008,0.04904674,NA,NA,NA,NA,NA,NA,NA,NA,NA,NA,NA,NA,NA,NA,NA,NA,NA,NA
Brown_et_al_2026,Morro,MOB13-04,94,95,MOB13-04_95,1.4217,0.051487656,NA,NA,NA,NA,NA,NA,NA,NA,NA,NA,NA,NA,NA,NA,NA,NA,NA,NA
Brown_et_al_2026,Morro,MOB13-04,95,96,MOB13-04_96,1.335,0.05505618,NA,NA,NA,NA,NA,NA,NA,NA,NA,NA,NA,NA,NA,NA,NA,NA,NA,NA
Brown_et_al_2026,Morro,MOB13-04,96,97,MOB13-04_97,1.595,0.054043887,NA,NA,NA,NA,NA,NA,NA,NA,NA,NA,NA,NA,NA,NA,NA,NA,NA,NA
Brown_et_al_2026,Morro,MOB13-04,246,247,MOB13-04_247,NA,NA,NA,NA,NA,NA,NA,NA,NA,NA,80,20,terrestrial,MOB13-04 246-249cm,0.9898,0.0019,-10.2,1.9,NA,NA
Brown_et_al_2026,Morro,MOB13-06,97,98,MOB13-06_98,NA,NA,NA,NA,NA,NA,NA,NA,NA,NA,1030,15,marine,MOB13-06 98cm,0.8796,0.0012,-120.4,1.2,NA,NA
Brown_et_al_2026,Morro,MOB13-07,67,68,MOB13-07_68,NA,NA,NA,NA,NA,NA,NA,NA,NA,NA,170,20,terrestrial,MOB13-07 68cm,0.979,0.0022,-21,2.2,NA,NA
Brown_et_al_2026,Morro,MOB13-07,198,199,MOB13-07_199,NA,NA,NA,NA,NA,NA,NA,NA,NA,NA,1230,20,marine,MOB13-07-199,0.8581,0.0016,-141.9,1.6,NA,NA
Brown_et_al_2026,Morro,MOB13-07,448,449,MOB13-07_449,NA,NA,NA,NA,NA,NA,NA,NA,NA,NA,3030,15,marine,MOB13-07 449cm,0.6858,0.001,-314.2,1,NA,NA
Brown_et_al_2026,Morro,MOB13-08,55,56,MOB13-08_56,NA,NA,NA,NA,NA,NA,NA,NA,NA,NA,190,60,terrestrial,MOB13-08 56cm .035mgC,0.9769,0.0071,-23.1,7.1,NA,NA
Brown_et_al_2026,Morro,MOB13-08,111,112,MOB13-08_112,NA,NA,NA,NA,NA,NA,NA,NA,NA,NA,1180,15,marine,MOB13-08 112cm,0.8635,0.0013,-136.5,1.3,NA,NA
Brown_et_al_2026,Morro,MOB13-08,150,151,MOB13-08_151,NA,NA,NA,NA,NA,NA,NA,NA,NA,NA,-275,15,terrestrial,MOB13-08 151cm,1.0356,0.0016,35.6,1.6,NA,NA
Brown_et_al_2026,Morro,MOB13-08,196,197,MOB13-08_197,NA,NA,NA,NA,NA,NA,NA,NA,NA,NA,830,15,marine,MOB13-08 197cm,0.9019,0.0014,-98.1,1.4,NA,NA
Brown_et_al_2026,Morro,MOB13-09,51,52,MOB13-09_52,NA,NA,NA,NA,NA,NA,NA,NA,NA,NA,245,15,terrestrial,MOB13-09 52cm .16mgC,0.97,0.0014,-30,1.4,NA,NA
Brown_et_al_2026,Morro,MOB13-09,92,93,MOB13-09_93,NA,NA,NA,NA,NA,NA,NA,NA,NA,NA,-75,15,terrestrial,MOB13-09 93cm,1.0098,0.0015,9.8,1.5,NA,NA
Brown_et_al_2026,Morro,MOB13-09,198,199,MOB13-09_199,NA,NA,NA,NA,NA,NA,NA,NA,NA,NA,930,15,marine,MOB13-09 199cm,0.8906,0.0013,-109.4,1.3,NA,NA
Brown_et_al_2026,Morro,MOB13-10,0,1,MOB13-10_1,0.2629,0.34804108,NA,NA,NA,NA,NA,NA,NA,NA,NA,NA,NA,NA,NA,NA,NA,NA,NA,NA
Brown_et_al_2026,Morro,MOB13-10,1,2,MOB13-10_2,0.2922,0.342231348,1.52,0.31,13.7365,2.6639,15.65,2.62,NA,NA,NA,NA,NA,NA,NA,NA,NA,NA,NA,0.25
Brown_et_al_2026,Morro,MOB13-10,2,3,MOB13-10_3,0.35,0.199142857,NA,NA,NA,NA,NA,NA,NA,NA,NA,NA,NA,NA,NA,NA,NA,NA,NA,NA
Brown_et_al_2026,Morro,MOB13-10,3,4,MOB13-10_4,0.5135,0.145277507,1.59,0.3,8.0175,2.4507,11.39,2.4,NA,NA,NA,NA,NA,NA,NA,NA,NA,NA,NA,0.25
Brown_et_al_2026,Morro,MOB13-10,4,5,MOB13-10_5,0.5513,0.140758208,NA,NA,NA,NA,NA,NA,NA,NA,NA,NA,NA,NA,NA,NA,NA,NA,NA,NA
Brown_et_al_2026,Morro,MOB13-10,5,6,MOB13-10_6,0.3671,0.169163716,NA,NA,NA,NA,NA,NA,NA,NA,NA,NA,NA,NA,NA,NA,NA,NA,NA,NA
Brown_et_al_2026,Morro,MOB13-10,6,7,MOB13-10_7,0.3083,0.251378527,NA,NA,NA,NA,NA,NA,NA,NA,NA,NA,NA,NA,NA,NA,NA,NA,NA,NA
Brown_et_al_2026,Morro,MOB13-10,7,8,MOB13-10_8,0.7291,0.115210534,0.83,0.3,1.0493,2.3473,6.24,2.29,NA,NA,NA,NA,NA,NA,NA,NA,NA,NA,NA,0.24
Brown_et_al_2026,Morro,MOB13-10,8,9,MOB13-10_9,0.4065,0.155719557,NA,NA,NA,NA,NA,NA,NA,NA,NA,NA,NA,NA,NA,NA,NA,NA,NA,NA
Brown_et_al_2026,Morro,MOB13-10,9,10,MOB13-10_10,0.5011,0.135501896,NA,NA,NA,NA,NA,NA,NA,NA,NA,NA,NA,NA,NA,NA,NA,NA,NA,NA
Brown_et_al_2026,Morro,MOB13-10,10,11,MOB13-10_11,0.8105,0.089574337,NA,NA,NA,NA,NA,NA,NA,NA,NA,NA,NA,NA,NA,NA,NA,NA,NA,NA
Brown_et_al_2026,Morro,MOB13-10,11,12,MOB13-10_12,0.4779,0.133082235,3.36,0.37,1.485,2.3353,5.73,2.27,NA,NA,NA,NA,NA,NA,NA,NA,NA,NA,NA,0.24
Brown_et_al_2026,Morro,MOB13-10,12,13,MOB13-10_13,0.417,0.167386091,NA,NA,NA,NA,NA,NA,NA,NA,NA,NA,NA,NA,NA,NA,NA,NA,NA,NA
Brown_et_al_2026,Morro,MOB13-10,13,14,MOB13-10_14,0.3413,0.230588925,NA,NA,NA,NA,NA,NA,NA,NA,NA,NA,NA,NA,NA,NA,NA,NA,NA,NA
Brown_et_al_2026,Morro,MOB13-10,14,15,MOB13-10_15,0.5304,0.124811463,NA,NA,NA,NA,NA,NA,NA,NA,NA,NA,NA,NA,NA,NA,NA,NA,NA,NA
Brown_et_al_2026,Morro,MOB13-10,15,16,MOB13-10_16,0.5202,0.147827759,2.09,0.32,1.5332,2.3528,5.62,2.29,NA,NA,NA,NA,NA,NA,NA,NA,NA,NA,NA,0.25
Brown_et_al_2026,Morro,MOB13-10,16,17,MOB13-10_17,0.3499,0.150614461,NA,NA,NA,NA,NA,NA,NA,NA,NA,NA,NA,NA,NA,NA,NA,NA,NA,NA
Brown_et_al_2026,Morro,MOB13-10,17,18,MOB13-10_18,0.3313,0.178690009,NA,NA,NA,NA,NA,NA,NA,NA,NA,NA,NA,NA,NA,NA,NA,NA,NA,NA
Brown_et_al_2026,Morro,MOB13-10,18,19,MOB13-10_19,0.4327,0.129419921,NA,NA,NA,NA,NA,NA,NA,NA,NA,NA,NA,NA,NA,NA,NA,NA,NA,NA
Brown_et_al_2026,Morro,MOB13-10,19,20,MOB13-10_20,0.5615,0.088869101,0.35,0.27,0,2.2492,1.16,2.18,NA,NA,NA,NA,NA,NA,NA,NA,NA,NA,NA,0.25
Brown_et_al_2026,Morro,MOB13-10,20,21,MOB13-10_21,0.5333,0.106319145,NA,NA,NA,NA,NA,NA,NA,NA,NA,NA,NA,NA,NA,NA,NA,NA,NA,NA
Brown_et_al_2026,Morro,MOB13-10,21,22,MOB13-10_22,0.428,0.165186916,NA,NA,NA,NA,NA,NA,NA,NA,NA,NA,NA,NA,NA,NA,NA,NA,NA,NA
Brown_et_al_2026,Morro,MOB13-10,22,23,MOB13-10_23,0.4304,0.135223048,NA,NA,NA,NA,NA,NA,NA,NA,NA,NA,NA,NA,NA,NA,NA,NA,NA,NA
Brown_et_al_2026,Morro,MOB13-10,23,24,MOB13-10_24,0.3799,0.161358252,0,0.25,2.0681,2.2958,4.27,2.24,NA,NA,NA,NA,NA,NA,NA,NA,NA,NA,NA,0.25
Brown_et_al_2026,Morro,MOB13-10,24,25,MOB13-10_25,0.5044,0.136597938,NA,NA,NA,NA,NA,NA,NA,NA,NA,NA,NA,NA,NA,NA,NA,NA,NA,NA
Brown_et_al_2026,Morro,MOB13-10,25,26,MOB13-10_26,0.4127,0.143687909,NA,NA,NA,NA,NA,NA,NA,NA,NA,NA,NA,NA,NA,NA,NA,NA,NA,NA
Brown_et_al_2026,Morro,MOB13-10,26,27,MOB13-10_27,0.6015,0.104239402,NA,NA,NA,NA,NA,NA,NA,NA,NA,NA,NA,NA,NA,NA,NA,NA,NA,NA
Brown_et_al_2026,Morro,MOB13-10,27,28,MOB13-10_28,0.9709,0.073643012,0,0.24,0,2.2776,7.26,2.21,NA,NA,NA,NA,NA,NA,NA,NA,NA,NA,NA,0.24
Brown_et_al_2026,Morro,MOB13-10,28,29,MOB13-10_29,0.8406,0.093742565,NA,NA,NA,NA,NA,NA,NA,NA,NA,NA,NA,NA,NA,NA,NA,NA,NA,NA
Brown_et_al_2026,Morro,MOB13-10,29,30,MOB13-10_30,0.6474,0.087117702,NA,NA,NA,NA,NA,NA,NA,NA,NA,NA,NA,NA,NA,NA,NA,NA,NA,NA
Brown_et_al_2026,Morro,MOB13-10,30,31,MOB13-10_31,0.5474,0.121666058,NA,NA,NA,NA,NA,NA,NA,NA,NA,NA,NA,NA,NA,NA,NA,NA,NA,NA
Brown_et_al_2026,Morro,MOB13-10,31,32,MOB13-10_32,0.3539,0.179146652,NA,NA,NA,NA,NA,NA,NA,NA,NA,NA,NA,NA,NA,NA,NA,NA,NA,NA
Brown_et_al_2026,Morro,MOB13-10,32,33,MOB13-10_33,0.6116,0.084205363,NA,NA,NA,NA,NA,NA,NA,NA,NA,NA,NA,NA,NA,NA,NA,NA,NA,NA
Brown_et_al_2026,Morro,MOB13-10,33,34,MOB13-10_34,0.5677,0.105513475,NA,NA,NA,NA,NA,NA,NA,NA,NA,NA,NA,NA,NA,NA,NA,NA,NA,NA
Brown_et_al_2026,Morro,MOB13-10,34,35,MOB13-10_35,0.5488,0.09675656,NA,NA,NA,NA,NA,NA,NA,NA,NA,NA,NA,NA,NA,NA,NA,NA,NA,NA
Brown_et_al_2026,Morro,MOB13-10,35,36,MOB13-10_36,0.4784,0.091137124,NA,NA,NA,NA,NA,NA,NA,NA,NA,NA,NA,NA,NA,NA,NA,NA,NA,NA
Brown_et_al_2026,Morro,MOB13-10,36,37,MOB13-10_37,0.7419,0.078177652,NA,NA,NA,NA,NA,NA,NA,NA,NA,NA,NA,NA,NA,NA,NA,NA,NA,NA
Brown_et_al_2026,Morro,MOB13-10,37,38,MOB13-10_38,0.5702,0.080147317,NA,NA,NA,NA,NA,NA,NA,NA,NA,NA,NA,NA,NA,NA,NA,NA,NA,NA
Brown_et_al_2026,Morro,MOB13-10,38,39,MOB13-10_39,0.8284,0.067720908,NA,NA,NA,NA,NA,NA,NA,NA,NA,NA,NA,NA,NA,NA,NA,NA,NA,NA
Brown_et_al_2026,Morro,MOB13-10,39,40,MOB13-10_40,0.9723,0.067880284,NA,NA,NA,NA,NA,NA,NA,NA,NA,NA,NA,NA,NA,NA,NA,NA,NA,NA
Brown_et_al_2026,Morro,MOB13-10,40,41,MOB13-10_41,0.991,0.05358224,NA,NA,NA,NA,NA,NA,NA,NA,NA,NA,NA,NA,NA,NA,NA,NA,NA,NA
Brown_et_al_2026,Morro,MOB13-10,41,42,MOB13-10_42,0.8833,0.062492924,NA,NA,NA,NA,NA,NA,NA,NA,NA,NA,NA,NA,NA,NA,NA,NA,NA,NA
Brown_et_al_2026,Morro,MOB13-10,42,43,MOB13-10_43,0.7609,0.074122749,NA,NA,NA,NA,NA,NA,NA,NA,NA,NA,NA,NA,NA,NA,NA,NA,NA,NA
Brown_et_al_2026,Morro,MOB13-10,43,44,MOB13-10_44,1.0122,0.056214187,NA,NA,NA,NA,NA,NA,NA,NA,NA,NA,NA,NA,NA,NA,NA,NA,NA,NA
Brown_et_al_2026,Morro,MOB13-10,44,45,MOB13-10_45,1.1669,0.056131631,NA,NA,NA,NA,NA,NA,NA,NA,NA,NA,NA,NA,NA,NA,NA,NA,NA,NA
Brown_et_al_2026,Morro,MOB13-10,45,46,MOB13-10_46,0.8261,0.071783077,NA,NA,NA,NA,NA,NA,NA,NA,NA,NA,NA,NA,NA,NA,NA,NA,NA,NA
Brown_et_al_2026,Morro,MOB13-10,46,47,MOB13-10_47,0.9215,0.052414542,NA,NA,NA,NA,NA,NA,NA,NA,NA,NA,NA,NA,NA,NA,NA,NA,NA,NA
Brown_et_al_2026,Morro,MOB13-10,47,48,MOB13-10_48,0.7256,0.057745314,NA,NA,NA,NA,NA,NA,NA,NA,NA,NA,NA,NA,NA,NA,NA,NA,NA,NA
Brown_et_al_2026,Morro,MOB13-10,48,49,MOB13-10_49,0.9273,0.060066861,NA,NA,NA,NA,NA,NA,NA,NA,NA,NA,NA,NA,NA,NA,NA,NA,NA,NA
Brown_et_al_2026,Morro,MOB13-10,49,50,MOB13-10_50,1.1745,0.051170711,NA,NA,NA,NA,NA,NA,NA,NA,NA,NA,NA,NA,NA,NA,NA,NA,NA,NA
Brown_et_al_2026,Morro,MOB13-10,50,51,MOB13-10_51,1.5772,0.049201116,NA,NA,NA,NA,NA,NA,NA,NA,NA,NA,NA,NA,NA,NA,NA,NA,NA,NA
Brown_et_al_2026,Morro,MOB13-10,51,52,MOB13-10_52,1.4013,0.038464283,NA,NA,NA,NA,NA,NA,NA,NA,NA,NA,NA,NA,NA,NA,NA,NA,NA,NA
Brown_et_al_2026,Morro,MOB13-10,52,53,MOB13-10_53,1.1687,0.049542226,NA,NA,NA,NA,NA,NA,NA,NA,NA,NA,NA,NA,NA,NA,NA,NA,NA,NA
Brown_et_al_2026,Morro,MOB13-10,53,54,MOB13-10_54,1.0107,0.066092807,NA,NA,NA,NA,NA,NA,NA,NA,NA,NA,NA,NA,NA,NA,NA,NA,NA,NA
Brown_et_al_2026,Morro,MOB13-10,54,55,MOB13-10_55,1.1772,0.049524295,NA,NA,NA,NA,NA,NA,NA,NA,NA,NA,NA,NA,NA,NA,NA,NA,NA,NA
Brown_et_al_2026,Morro,MOB13-10,55,56,MOB13-10_56,1.0808,0.05977054,NA,NA,NA,NA,NA,NA,NA,NA,NA,NA,NA,NA,NA,NA,NA,NA,NA,NA
Brown_et_al_2026,Morro,MOB13-10,56,57,MOB13-10_57,1.273,0.053809898,NA,NA,NA,NA,NA,NA,NA,NA,NA,NA,NA,NA,NA,NA,NA,NA,NA,NA
Brown_et_al_2026,Morro,MOB13-10,57,58,MOB13-10_58,1.2564,0.0582617,NA,NA,NA,NA,NA,NA,NA,NA,NA,NA,NA,NA,NA,NA,NA,NA,NA,NA
Brown_et_al_2026,Morro,MOB13-10,58,59,MOB13-10_59,1.5774,0.046468873,NA,NA,NA,NA,NA,NA,NA,NA,NA,NA,NA,NA,NA,NA,NA,NA,NA,NA
Brown_et_al_2026,Morro,MOB13-10,59,60,MOB13-10_60,1.0601,0.060371663,NA,NA,NA,NA,NA,NA,NA,NA,NA,NA,NA,NA,NA,NA,NA,NA,NA,NA
Brown_et_al_2026,Morro,MOB13-10,60,61,MOB13-10_61,1.1849,0.058570343,NA,NA,NA,NA,NA,NA,NA,NA,NA,NA,NA,NA,NA,NA,NA,NA,NA,NA
Brown_et_al_2026,Morro,MOB13-10,61,62,MOB13-10_62,1.3738,0.046367739,NA,NA,NA,NA,NA,NA,NA,NA,NA,NA,NA,NA,NA,NA,NA,NA,NA,NA
Brown_et_al_2026,Morro,MOB13-10,62,63,MOB13-10_63,1.2262,0.063611156,NA,NA,NA,NA,NA,NA,NA,NA,NA,NA,NA,NA,NA,NA,NA,NA,NA,NA
Brown_et_al_2026,Morro,MOB13-10,63,64,MOB13-10_64,1.11,0.064954955,NA,NA,NA,NA,NA,NA,NA,NA,NA,NA,NA,NA,NA,NA,NA,NA,NA,NA
Brown_et_al_2026,Morro,MOB13-10,64,65,MOB13-10_65,1.2768,0.061011905,NA,NA,NA,NA,NA,NA,NA,NA,NA,NA,NA,NA,NA,NA,NA,NA,NA,NA
Brown_et_al_2026,Morro,MOB13-10,65,66,MOB13-10_66,1.2009,0.055375135,NA,NA,NA,NA,NA,NA,NA,NA,NA,NA,NA,NA,NA,NA,NA,NA,NA,NA
Brown_et_al_2026,Morro,MOB13-10,66,67,MOB13-10_67,1.0088,0.069587629,NA,NA,NA,NA,NA,NA,NA,NA,NA,NA,NA,NA,NA,NA,NA,NA,NA,NA
Brown_et_al_2026,Morro,MOB13-10,67,68,MOB13-10_68,1.1504,0.066411683,NA,NA,NA,NA,NA,NA,NA,NA,NA,NA,NA,NA,NA,NA,NA,NA,NA,NA
Brown_et_al_2026,Morro,MOB13-10,68,69,MOB13-10_69,1.2355,0.063941724,NA,NA,NA,NA,NA,NA,NA,NA,NA,NA,NA,NA,NA,NA,NA,NA,NA,NA
Brown_et_al_2026,Morro,MOB13-10,69,70,MOB13-10_70,1.3698,0.05913272,NA,NA,NA,NA,NA,NA,NA,NA,NA,NA,NA,NA,NA,NA,NA,NA,NA,NA
Brown_et_al_2026,Morro,MOB13-10,70,71,MOB13-10_71,1.4338,0.05258753,NA,NA,NA,NA,NA,NA,NA,NA,NA,NA,NA,NA,NA,NA,NA,NA,NA,NA
Brown_et_al_2026,Morro,MOB13-10,71,72,MOB13-10_72,1.4172,0.047629128,NA,NA,NA,NA,NA,NA,NA,NA,NA,NA,NA,NA,NA,NA,NA,NA,NA,NA
Brown_et_al_2026,Morro,MOB13-10,72,73,MOB13-10_73,1.3688,0.063486265,NA,NA,NA,NA,NA,NA,NA,NA,NA,NA,NA,NA,NA,NA,NA,NA,NA,NA
Brown_et_al_2026,Morro,MOB13-10,73,74,MOB13-10_74,1.408,0.057528409,NA,NA,NA,NA,NA,NA,NA,NA,NA,NA,NA,NA,NA,NA,NA,NA,NA,NA
Brown_et_al_2026,Morro,MOB13-10,74,75,MOB13-10_75,1.2276,0.059302704,NA,NA,NA,NA,NA,NA,NA,NA,NA,NA,NA,NA,NA,NA,NA,NA,NA,NA
Brown_et_al_2026,Morro,MOB13-10,75,76,MOB13-10_76,1.0499,0.067149252,NA,NA,NA,NA,NA,NA,NA,NA,NA,NA,NA,NA,NA,NA,NA,NA,NA,NA
Brown_et_al_2026,Morro,MOB13-10,76,77,MOB13-10_77,1.1498,0.050791442,NA,NA,NA,NA,NA,NA,NA,NA,NA,NA,NA,NA,NA,NA,NA,NA,NA,NA
Brown_et_al_2026,Morro,MOB13-10,77,78,MOB13-10_78,1.1193,0.04833378,NA,NA,NA,NA,NA,NA,NA,NA,NA,NA,NA,NA,NA,NA,NA,NA,NA,NA
Brown_et_al_2026,Morro,MOB13-10,78,79,MOB13-10_79,1.2071,0.046806395,NA,NA,NA,NA,NA,NA,NA,NA,NA,NA,NA,NA,NA,NA,NA,NA,NA,NA
Brown_et_al_2026,Morro,MOB13-10,79,80,MOB13-10_80,1.325,0.043245283,NA,NA,NA,NA,NA,NA,NA,NA,NA,NA,NA,NA,NA,NA,NA,NA,NA,NA
Brown_et_al_2026,Morro,MOB13-10,80,81,MOB13-10_81,1.2294,0.050187083,NA,NA,NA,NA,NA,NA,NA,NA,NA,NA,NA,NA,NA,NA,NA,NA,NA,NA
Brown_et_al_2026,Morro,MOB13-10,81,82,MOB13-10_82,1.3223,0.044014218,NA,NA,NA,NA,NA,NA,NA,NA,NA,NA,NA,NA,NA,NA,NA,NA,NA,NA
Brown_et_al_2026,Morro,MOB13-10,82,83,MOB13-10_83,1.3244,0.049305346,NA,NA,NA,NA,NA,NA,NA,NA,NA,NA,NA,NA,NA,NA,NA,NA,NA,NA
Brown_et_al_2026,Morro,MOB13-10,83,84,MOB13-10_84,1.1754,0.048919517,NA,NA,NA,NA,NA,NA,NA,NA,NA,NA,NA,NA,NA,NA,NA,NA,NA,NA
Brown_et_al_2026,Morro,MOB13-10,84,85,MOB13-10_85,1.1928,0.052230047,NA,NA,NA,NA,NA,NA,NA,NA,NA,NA,NA,NA,NA,NA,NA,NA,NA,NA
Brown_et_al_2026,Morro,MOB13-10,85,86,MOB13-10_86,1.5829,0.040242593,NA,NA,NA,NA,NA,NA,NA,NA,NA,NA,NA,NA,NA,NA,NA,NA,NA,NA
Brown_et_al_2026,Morro,MOB13-10,86,87,MOB13-10_87,1.4927,0.042674349,NA,NA,NA,NA,NA,NA,NA,NA,NA,NA,NA,NA,NA,NA,NA,NA,NA,NA
Brown_et_al_2026,Morro,MOB13-10,87,88,MOB13-10_88,1.4888,0.042114455,NA,NA,NA,NA,NA,NA,NA,NA,NA,NA,NA,NA,NA,NA,NA,NA,NA,NA
Brown_et_al_2026,Morro,MOB13-10,88,89,MOB13-10_89,1.3229,0.044825762,NA,NA,NA,NA,NA,NA,NA,NA,NA,NA,NA,NA,NA,NA,NA,NA,NA,NA
Brown_et_al_2026,Morro,MOB13-10,89,90,MOB13-10_90,1.4455,0.046696645,NA,NA,NA,NA,NA,NA,NA,NA,NA,NA,NA,NA,NA,NA,NA,NA,NA,NA
Brown_et_al_2026,Morro,MOB13-10,90,91,MOB13-10_91,1.1162,0.083587171,NA,NA,NA,NA,NA,NA,NA,NA,NA,NA,NA,NA,NA,NA,NA,NA,NA,NA
Brown_et_al_2026,Morro,MOB13-10,91,92,MOB13-10_92,1.3293,0.052283157,NA,NA,NA,NA,NA,NA,NA,NA,NA,NA,NA,NA,NA,NA,NA,NA,NA,NA
Brown_et_al_2026,Morro,MOB13-10,92,93,MOB13-10_93,1.4608,0.048877327,NA,NA,NA,NA,NA,NA,NA,NA,NA,NA,NA,NA,NA,NA,NA,NA,NA,NA
Brown_et_al_2026,Morro,MOB13-10,93,94,MOB13-10_94,1.3865,0.057699243,NA,NA,NA,NA,NA,NA,NA,NA,NA,NA,NA,NA,NA,NA,NA,NA,NA,NA
Brown_et_al_2026,Morro,MOB13-10,94,95,MOB13-10_95,1.264,0.057990506,NA,NA,NA,NA,NA,NA,NA,NA,NA,NA,NA,NA,NA,NA,NA,NA,NA,NA
Brown_et_al_2026,Morro,MOB13-10,95,96,MOB13-10_96,1.1903,0.060488952,NA,NA,NA,NA,NA,NA,NA,NA,NA,NA,NA,NA,NA,NA,NA,NA,NA,NA
Brown_et_al_2026,Morro,MOB13-10,96,97,MOB13-10_97,1.7769,0.03078395,NA,NA,NA,NA,NA,NA,NA,NA,NA,NA,NA,NA,NA,NA,NA,NA,NA,NA
Brown_et_al_2026,Morro,MOB13-10,196,197,MOB13-10_197,NA,NA,NA,NA,NA,NA,NA,NA,NA,NA,995,15,marine,MOB13-10 197cm,0.8835,0.0012,-116.5,1.2,NA,NA
Brown_et_al_2026,Morro,MOB13-11,198,199,MOB13-11_199,NA,NA,NA,NA,NA,NA,NA,NA,NA,NA,785,40,marine,MOB13-11 199cm .052mgC,0.907,0.0045,-93,4.5,NA,NA
Brown_et_al_2026,Mad River High,MRH14-01,0,1,MRH14-01_1,0.2382,0.5302267,NA,NA,NA,NA,NA,NA,NA,NA,NA,NA,NA,NA,NA,NA,NA,NA,NA,NA
Brown_et_al_2026,Mad River High,MRH14-01,1,2,MRH14-01_2,0.2779,0.306225261,NA,NA,NA,NA,NA,NA,NA,NA,NA,NA,NA,NA,NA,NA,NA,NA,NA,NA
Brown_et_al_2026,Mad River High,MRH14-01,2,3,MRH14-01_3,0.3817,0.340057637,NA,NA,NA,NA,NA,NA,NA,NA,NA,NA,NA,NA,NA,NA,NA,NA,NA,NA
Brown_et_al_2026,Mad River High,MRH14-01,3,4,MRH14-01_4,0.3983,0.268139593,-1.820720377,4.347542626,158.7005272,21.58728574,163.0051619,19.25519225,7.751065215,8.673404116,NA,NA,NA,NA,NA,NA,NA,NA,NA,NA
Brown_et_al_2026,Mad River High,MRH14-01,4,5,MRH14-01_5,0.3939,0.269865448,NA,NA,NA,NA,NA,NA,NA,NA,NA,NA,NA,NA,NA,NA,NA,NA,NA,NA
Brown_et_al_2026,Mad River High,MRH14-01,5,6,MRH14-01_6,1.0187,0.076862668,NA,NA,NA,NA,NA,NA,NA,NA,NA,NA,NA,NA,NA,NA,NA,NA,NA,NA
Brown_et_al_2026,Mad River High,MRH14-01,6,7,MRH14-01_7,1.0629,0.065198984,NA,NA,NA,NA,NA,NA,NA,NA,NA,NA,NA,NA,NA,NA,NA,NA,NA,NA
Brown_et_al_2026,Mad River High,MRH14-01,7,8,MRH14-01_8,0.7047,0.087271179,9.988229102,2.013651393,-1.933383578,11.12121246,32.79052097,9.318169628,34.68159621,5.612419789,NA,NA,NA,NA,NA,NA,NA,NA,NA,NA
Brown_et_al_2026,Mad River High,MRH14-01,8,9,MRH14-01_9,0.3623,0.169748827,NA,NA,NA,NA,NA,NA,NA,NA,NA,NA,NA,NA,NA,NA,NA,NA,NA,NA
Brown_et_al_2026,Mad River High,MRH14-01,9,10,MRH14-01_10,0.2918,0.22104181,NA,NA,NA,NA,NA,NA,NA,NA,NA,NA,NA,NA,NA,NA,NA,NA,NA,NA
Brown_et_al_2026,Mad River High,MRH14-01,10,11,MRH14-01_11,0.3044,0.164257556,NA,NA,NA,NA,NA,NA,NA,NA,NA,NA,NA,NA,NA,NA,NA,NA,NA,NA
Brown_et_al_2026,Mad River High,MRH14-01,11,12,MRH14-01_12,0.2466,0.242497972,11.30796942,3.25274262,-24.87248036,17.71592788,6.302256643,15.58057892,30.62631081,7.577043494,NA,NA,NA,NA,NA,NA,NA,NA,NA,NA
Brown_et_al_2026,Mad River High,MRH14-01,12,13,MRH14-01_13,0.3128,0.22314578,NA,NA,NA,NA,NA,NA,NA,NA,NA,NA,NA,NA,NA,NA,NA,NA,NA,NA
Brown_et_al_2026,Mad River High,MRH14-01,13,14,MRH14-01_14,0.5476,0.150109569,NA,NA,NA,NA,NA,NA,NA,NA,NA,NA,NA,NA,NA,NA,NA,NA,NA,NA
Brown_et_al_2026,Mad River High,MRH14-01,14,15,MRH14-01_15,0.34401,0.222697015,NA,NA,NA,NA,NA,NA,NA,NA,NA,NA,NA,NA,NA,NA,NA,NA,NA,NA
Brown_et_al_2026,Mad River High,MRH14-01,15,16,MRH14-01_16,0.2017,0.294000992,9.67363127,3.494900138,-0.839272593,21.27154293,23.66078716,19.07536329,24.48113522,8.27245306,NA,NA,NA,NA,NA,NA,NA,NA,NA,NA
Brown_et_al_2026,Mad River High,MRH14-01,16,17,MRH14-01_17,0.3165,0.265718799,NA,NA,NA,NA,NA,NA,NA,NA,NA,NA,NA,NA,NA,NA,NA,NA,NA,NA
Brown_et_al_2026,Mad River High,MRH14-01,17,18,MRH14-01_18,0.2054,0.32570594,NA,NA,NA,NA,NA,NA,NA,NA,NA,NA,NA,NA,NA,NA,NA,NA,NA,NA
Brown_et_al_2026,Mad River High,MRH14-01,18,19,MRH14-01_19,0.1786,0.300671893,NA,NA,NA,NA,NA,NA,NA,NA,NA,NA,NA,NA,NA,NA,NA,NA,NA,NA
Brown_et_al_2026,Mad River High,MRH14-01,19,20,MRH14-01_20,0.3407,0.186968007,NA,NA,NA,NA,NA,NA,NA,NA,NA,NA,NA,NA,NA,NA,NA,NA,NA,NA
Brown_et_al_2026,Mad River High,MRH14-01,20,21,MRH14-01_21,0.5248,0.171875,NA,NA,NA,NA,NA,NA,NA,NA,NA,NA,NA,NA,NA,NA,NA,NA,NA,NA
Brown_et_al_2026,Mad River High,MRH14-01,21,22,MRH14-01_22,0.5455,0.129055912,NA,NA,NA,NA,NA,NA,NA,NA,NA,NA,NA,NA,NA,NA,NA,NA,NA,NA
Brown_et_al_2026,Mad River High,MRH14-01,22,23,MRH14-01_23,0.5795,0.209318378,NA,NA,NA,NA,NA,NA,NA,NA,NA,NA,NA,NA,NA,NA,NA,NA,NA,NA
Brown_et_al_2026,Mad River High,MRH14-01,23,24,MRH14-01_24,0.2986,0.254521099,5.616766255,2.437837506,6.489033864,13.8892183,29.21277648,12.28434703,22.8722208,5.768715904,NA,NA,NA,NA,NA,NA,NA,NA,NA,NA
Brown_et_al_2026,Mad River High,MRH14-01,24,25,MRH14-01_25,0.415,0.16939759,NA,NA,NA,NA,NA,NA,NA,NA,NA,NA,NA,NA,NA,NA,NA,NA,NA,NA
Brown_et_al_2026,Mad River High,MRH14-01,25,26,MRH14-01_26,0.3666,0.142116749,NA,NA,NA,NA,NA,NA,NA,NA,NA,NA,NA,NA,NA,NA,NA,NA,NA,NA
Brown_et_al_2026,Mad River High,MRH14-01,26,27,MRH14-01_27,0.6235,0.112750601,NA,NA,NA,NA,NA,NA,NA,NA,NA,NA,NA,NA,NA,NA,NA,NA,NA,NA
Brown_et_al_2026,Mad River High,MRH14-01,27,28,MRH14-01_28,0.5852,0.103041695,NA,NA,NA,NA,NA,NA,NA,NA,NA,NA,NA,NA,NA,NA,NA,NA,NA,NA
Brown_et_al_2026,Mad River High,MRH14-01,28,29,MRH14-01_29,0.6039,0.094552078,NA,NA,NA,NA,NA,NA,NA,NA,NA,NA,NA,NA,NA,NA,NA,NA,NA,NA
Brown_et_al_2026,Mad River High,MRH14-01,29,30,MRH14-01_30,0.8956,0.083407771,NA,NA,NA,NA,NA,NA,NA,NA,NA,NA,NA,NA,NA,NA,NA,NA,NA,NA
Brown_et_al_2026,Mad River High,MRH14-01,30,31,MRH14-01_31,0.9903,0.071998384,NA,NA,NA,NA,NA,NA,NA,NA,NA,NA,NA,NA,NA,NA,NA,NA,NA,NA
Brown_et_al_2026,Mad River High,MRH14-01,31,32,MRH14-01_32,0.9339,0.073455402,NA,NA,NA,NA,NA,NA,NA,NA,NA,NA,NA,NA,NA,NA,NA,NA,NA,NA
Brown_et_al_2026,Mad River High,MRH14-01,32,33,MRH14-01_33,0.6248,0.099871959,NA,NA,NA,NA,NA,NA,NA,NA,NA,NA,NA,NA,NA,NA,NA,NA,NA,NA
Brown_et_al_2026,Mad River High,MRH14-01,33,34,MRH14-01_34,0.4878,0.127101271,NA,NA,NA,NA,NA,NA,NA,NA,NA,NA,NA,NA,NA,NA,NA,NA,NA,NA
Brown_et_al_2026,Mad River High,MRH14-01,34,35,MRH14-01_35,0.3013,0.186193163,NA,NA,NA,NA,NA,NA,NA,NA,NA,NA,NA,NA,NA,NA,NA,NA,NA,NA
Brown_et_al_2026,Mad River High,MRH14-01,35,36,MRH14-01_36,0.3052,0.206422018,NA,NA,NA,NA,NA,NA,NA,NA,NA,NA,NA,NA,NA,NA,NA,NA,NA,NA
Brown_et_al_2026,Mad River High,MRH14-01,36,37,MRH14-01_37,0.3107,0.190215642,NA,NA,NA,NA,NA,NA,NA,NA,NA,NA,NA,NA,NA,NA,NA,NA,NA,NA
Brown_et_al_2026,Mad River High,MRH14-01,37,38,MRH14-01_38,0.3042,0.186390533,NA,NA,NA,NA,NA,NA,NA,NA,NA,NA,NA,NA,NA,NA,NA,NA,NA,NA
Brown_et_al_2026,Mad River High,MRH14-01,38,39,MRH14-01_39,0.3763,0.175391975,NA,NA,NA,NA,NA,NA,NA,NA,NA,NA,NA,NA,NA,NA,NA,NA,NA,NA
Brown_et_al_2026,Mad River High,MRH14-01,39,40,MRH14-01_40,0.2656,0.170933735,NA,NA,NA,NA,NA,NA,NA,NA,NA,NA,NA,NA,NA,NA,NA,NA,NA,NA
Brown_et_al_2026,Mad River High,MRH14-01,40,41,MRH14-01_41,0.2666,0.192048012,NA,NA,NA,NA,NA,NA,NA,NA,NA,NA,NA,NA,NA,NA,NA,NA,NA,NA
Brown_et_al_2026,Mad River High,MRH14-01,41,42,MRH14-01_42,0.3602,0.162687396,NA,NA,NA,NA,NA,NA,NA,NA,NA,NA,NA,NA,NA,NA,NA,NA,NA,NA
Brown_et_al_2026,Mad River High,MRH14-01,42,43,MRH14-01_43,0.3424,0.157126168,NA,NA,NA,NA,NA,NA,NA,NA,NA,NA,NA,NA,NA,NA,NA,NA,NA,NA
Brown_et_al_2026,Mad River High,MRH14-01,43,44,MRH14-01_44,0.3438,0.182082606,NA,NA,NA,NA,NA,NA,NA,NA,NA,NA,NA,NA,NA,NA,NA,NA,NA,NA
Brown_et_al_2026,Mad River High,MRH14-01,44,45,MRH14-01_45,0.3262,0.172286941,NA,NA,NA,NA,NA,NA,NA,NA,NA,NA,NA,NA,NA,NA,NA,NA,NA,NA
Brown_et_al_2026,Mad River High,MRH14-01,45,46,MRH14-01_46,0.3711,0.160334142,NA,NA,NA,NA,NA,NA,NA,NA,NA,NA,NA,NA,NA,NA,NA,NA,NA,NA
Brown_et_al_2026,Mad River High,MRH14-01,46,47,MRH14-01_47,0.3239,0.143871565,NA,NA,NA,NA,NA,NA,NA,NA,NA,NA,NA,NA,NA,NA,NA,NA,NA,NA
Brown_et_al_2026,Mad River High,MRH14-01,47,48,MRH14-01_48,0.4175,0.134610778,-1.367879821,2.500829316,-35.59694206,11.09911388,5.350445258,8.651783821,40.12400058,6.5348212,NA,NA,NA,NA,NA,NA,NA,NA,NA,NA
Brown_et_al_2026,Mad River High,MRH14-01,48,49,MRH14-01_49,0.4886,0.086369218,NA,NA,NA,NA,NA,NA,NA,NA,NA,NA,NA,NA,NA,NA,NA,NA,NA,NA
Brown_et_al_2026,Mad River High,MRH14-01,49,50,MRH14-01_50,0.395,0.120506329,NA,NA,NA,NA,NA,NA,NA,NA,NA,NA,NA,NA,NA,NA,NA,NA,NA,NA
Brown_et_al_2026,Mad River High,MRH14-01,50,51,MRH14-01_51,0.4958,0.110326745,NA,NA,NA,NA,NA,NA,NA,NA,NA,NA,NA,NA,NA,NA,NA,NA,NA,NA
Brown_et_al_2026,Mad River High,MRH14-01,51,52,MRH14-01_52,0.3725,0.149530201,NA,NA,NA,NA,NA,NA,NA,NA,NA,NA,NA,NA,NA,NA,NA,NA,NA,NA
Brown_et_al_2026,Mad River High,MRH14-01,52,53,MRH14-01_53,0.3726,0.142780462,NA,NA,NA,NA,NA,NA,NA,NA,NA,NA,NA,NA,NA,NA,NA,NA,NA,NA
Brown_et_al_2026,Mad River High,MRH14-01,53,54,MRH14-01_54,0.5179,0.113149257,NA,NA,NA,NA,NA,NA,NA,NA,NA,NA,NA,NA,NA,NA,NA,NA,NA,NA
Brown_et_al_2026,Mad River High,MRH14-01,54,55,MRH14-01_55,0.486,0.115020576,NA,NA,NA,NA,NA,NA,NA,NA,NA,NA,NA,NA,NA,NA,NA,NA,NA,NA
Brown_et_al_2026,Mad River High,MRH14-01,55,56,MRH14-01_56,0.421,0.120427553,NA,NA,NA,NA,NA,NA,NA,NA,NA,NA,NA,NA,NA,NA,NA,NA,NA,NA
Brown_et_al_2026,Mad River High,MRH14-01,56,57,MRH14-01_57,0.5555,0.107290729,NA,NA,NA,NA,NA,NA,NA,NA,NA,NA,NA,NA,NA,NA,NA,NA,NA,NA
Brown_et_al_2026,Mad River High,MRH14-01,57,58,MRH14-01_58,0.4775,0.118743456,NA,NA,NA,NA,NA,NA,NA,NA,NA,NA,NA,NA,NA,NA,NA,NA,NA,NA
Brown_et_al_2026,Mad River High,MRH14-01,58,59,MRH14-01_59,0.4542,0.12109203,NA,NA,NA,NA,NA,NA,NA,NA,NA,NA,NA,NA,NA,NA,NA,NA,NA,NA
Brown_et_al_2026,Mad River High,MRH14-01,59,60,MRH14-01_60,0.3895,0.097047497,NA,NA,NA,NA,NA,NA,NA,NA,NA,NA,NA,NA,NA,NA,NA,NA,NA,NA
Brown_et_al_2026,Mad River High,MRH14-01,60,61,MRH14-01_61,0.5377,0.079970244,NA,NA,NA,NA,NA,NA,NA,NA,NA,NA,NA,NA,NA,NA,NA,NA,NA,NA
Brown_et_al_2026,Mad River High,MRH14-01,61,62,MRH14-01_62,0.4288,0.120802239,NA,NA,NA,NA,NA,NA,NA,NA,NA,NA,NA,NA,NA,NA,NA,NA,NA,NA
Brown_et_al_2026,Mad River High,MRH14-01,62,63,MRH14-01_63,0.478,0.109623431,NA,NA,NA,NA,NA,NA,NA,NA,NA,NA,NA,NA,NA,NA,NA,NA,NA,NA
Brown_et_al_2026,Mad River High,MRH14-01,63,64,MRH14-01_64,0.4767,0.119781833,NA,NA,NA,NA,NA,NA,NA,NA,NA,NA,NA,NA,NA,NA,NA,NA,NA,NA
Brown_et_al_2026,Mad River High,MRH14-01,64,65,MRH14-01_65,0.4555,0.103402854,NA,NA,NA,NA,NA,NA,NA,NA,NA,NA,NA,NA,NA,NA,NA,NA,NA,NA
Brown_et_al_2026,Mad River High,MRH14-01,65,66,MRH14-01_66,0.6883,0.068720035,NA,NA,NA,NA,NA,NA,NA,NA,NA,NA,NA,NA,NA,NA,NA,NA,NA,NA
Brown_et_al_2026,Mad River High,MRH14-01,66,67,MRH14-01_67,0.6342,0.069063387,NA,NA,NA,NA,NA,NA,NA,NA,NA,NA,NA,NA,NA,NA,NA,NA,NA,NA
Brown_et_al_2026,Mad River High,MRH14-01,67,68,MRH14-01_68,0.4984,0.08888443,NA,NA,NA,NA,NA,NA,NA,NA,NA,NA,NA,NA,NA,NA,NA,NA,NA,NA
Brown_et_al_2026,Mad River High,MRH14-01,68,69,MRH14-01_69,0.3215,0.129393468,NA,NA,NA,NA,NA,NA,NA,NA,NA,NA,NA,NA,NA,NA,NA,NA,NA,NA
Brown_et_al_2026,Mad River High,MRH14-01,69,70,MRH14-01_70,0.4053,0.112755983,NA,NA,NA,NA,NA,NA,NA,NA,NA,NA,NA,NA,NA,NA,NA,NA,NA,NA
Brown_et_al_2026,Mad River High,MRH14-01,70,71,MRH14-01_71,0.5107,0.112590562,NA,NA,NA,NA,NA,NA,NA,NA,NA,NA,NA,NA,NA,NA,NA,NA,NA,NA
Brown_et_al_2026,Mad River High,MRH14-01,71,72,MRH14-01_72,0.6809,0.072991629,NA,NA,NA,NA,NA,NA,NA,NA,NA,NA,NA,NA,NA,NA,NA,NA,NA,NA
Brown_et_al_2026,Mad River High,MRH14-01,72,73,MRH14-01_73,0.5365,0.091146319,NA,NA,NA,NA,NA,NA,NA,NA,NA,NA,NA,NA,NA,NA,NA,NA,NA,NA
Brown_et_al_2026,Mad River High,MRH14-01,73,74,MRH14-01_74,0.4627,0.105900151,NA,NA,NA,NA,NA,NA,NA,NA,NA,NA,NA,NA,NA,NA,NA,NA,NA,NA
Brown_et_al_2026,Mad River High,MRH14-01,74,75,MRH14-01_75,0.8279,0.061843218,NA,NA,NA,NA,NA,NA,NA,NA,NA,NA,NA,NA,NA,NA,NA,NA,NA,NA
Brown_et_al_2026,Mad River High,MRH14-01,75,76,MRH14-01_76,0.5392,0.073813056,NA,NA,NA,NA,NA,NA,NA,NA,NA,NA,NA,NA,NA,NA,NA,NA,NA,NA
Brown_et_al_2026,Mad River High,MRH14-01,76,77,MRH14-01_77,0.9612,0.052226384,NA,NA,NA,NA,NA,NA,NA,NA,NA,NA,NA,NA,NA,NA,NA,NA,NA,NA
Brown_et_al_2026,Mad River High,MRH14-01,77,78,MRH14-01_78,0.6369,0.073794944,NA,NA,NA,NA,NA,NA,NA,NA,NA,NA,NA,NA,NA,NA,NA,NA,NA,NA
Brown_et_al_2026,Mad River High,MRH14-01,78,79,MRH14-01_79,0.5657,0.086618349,NA,NA,NA,NA,NA,NA,NA,NA,NA,NA,NA,NA,NA,NA,NA,NA,NA,NA
Brown_et_al_2026,Mad River High,MRH14-01,79,80,MRH14-01_80,0.4217,0.095565568,NA,NA,NA,NA,NA,NA,NA,NA,NA,NA,NA,NA,NA,NA,NA,NA,NA,NA
Brown_et_al_2026,Mad River High,MRH14-01,80,81,MRH14-01_81,0.599,0.088981636,NA,NA,NA,NA,NA,NA,NA,NA,NA,NA,NA,NA,NA,NA,NA,NA,NA,NA
Brown_et_al_2026,Mad River High,MRH14-01,81,82,MRH14-01_82,0.657,0.07260274,NA,NA,NA,NA,NA,NA,NA,NA,NA,NA,NA,NA,NA,NA,NA,NA,NA,NA
Brown_et_al_2026,Mad River High,MRH14-01,82,83,MRH14-01_83,0.6989,0.075976535,NA,NA,NA,NA,NA,NA,NA,NA,NA,NA,NA,NA,NA,NA,NA,NA,NA,NA
Brown_et_al_2026,Mad River High,MRH14-01,83,84,MRH14-01_84,0.6598,0.081236738,NA,NA,NA,NA,NA,NA,NA,NA,NA,NA,NA,NA,NA,NA,NA,NA,NA,NA
Brown_et_al_2026,Mad River High,MRH14-01,84,85,MRH14-01_85,0.5597,0.077005539,NA,NA,NA,NA,NA,NA,NA,NA,NA,NA,NA,NA,NA,NA,NA,NA,NA,NA
Brown_et_al_2026,Mad River High,MRH14-01,85,86,MRH14-01_86,0.7772,0.060344828,NA,NA,NA,NA,NA,NA,NA,NA,NA,NA,NA,NA,NA,NA,NA,NA,NA,NA
Brown_et_al_2026,Mad River High,MRH14-01,86,87,MRH14-01_87,0.6322,0.082885163,NA,NA,NA,NA,NA,NA,NA,NA,NA,NA,NA,NA,NA,NA,NA,NA,NA,NA
Brown_et_al_2026,Mad River High,MRH14-01,87,88,MRH14-01_88,0.6784,0.07915684,NA,NA,NA,NA,NA,NA,NA,NA,NA,NA,NA,NA,NA,NA,NA,NA,NA,NA
Brown_et_al_2026,Mad River High,MRH14-01,88,89,MRH14-01_89,0.6963,0.046962516,NA,NA,NA,NA,NA,NA,NA,NA,NA,NA,NA,NA,NA,NA,NA,NA,NA,NA
Brown_et_al_2026,Mad River High,MRH14-01,89,90,MRH14-01_90,0.8025,0.051339564,NA,NA,NA,NA,NA,NA,NA,NA,NA,NA,NA,NA,NA,NA,NA,NA,NA,NA
Brown_et_al_2026,Mad River High,MRH14-01,90,91,MRH14-01_91,0.7154,0.118017892,NA,NA,NA,NA,NA,NA,NA,NA,NA,NA,NA,NA,NA,NA,NA,NA,NA,NA
Brown_et_al_2026,Mad River High,MRH14-01,91,92,MRH14-01_92,0.6475,0.067953668,NA,NA,NA,NA,NA,NA,NA,NA,NA,NA,NA,NA,NA,NA,NA,NA,NA,NA
Brown_et_al_2026,Mad River High,MRH14-01,92,93,MRH14-01_93,0.6566,0.060310691,NA,NA,NA,NA,NA,NA,NA,NA,NA,NA,NA,NA,NA,NA,NA,NA,NA,NA
Brown_et_al_2026,Mad River High,MRH14-01,93,94,MRH14-01_94,0.7218,0.059988917,NA,NA,NA,NA,NA,NA,NA,NA,NA,NA,NA,NA,NA,NA,NA,NA,NA,NA
Brown_et_al_2026,Mad River High,MRH14-01,94,95,MRH14-01_95,0.7274,0.092796261,NA,NA,NA,NA,NA,NA,NA,NA,NA,NA,NA,NA,NA,NA,NA,NA,NA,NA
Brown_et_al_2026,Mad River High,MRH14-01,95,96,MRH14-01_96,0.6907,0.073548574,NA,NA,NA,NA,NA,NA,NA,NA,NA,NA,NA,NA,NA,NA,NA,NA,NA,NA
Brown_et_al_2026,Mad River High,MRH14-01,96,97,MRH14-01_97,0.5209,0.070071031,NA,NA,NA,NA,NA,NA,NA,NA,NA,NA,NA,NA,NA,NA,NA,NA,NA,NA
Brown_et_al_2026,Mad River High,MRH14-01,97,98,MRH14-01_98,0.8713,0.061861586,NA,NA,NA,NA,NA,NA,NA,NA,NA,NA,NA,NA,NA,NA,NA,NA,NA,NA
Brown_et_al_2026,Mad River High,MRH14-01,98,99,MRH14-01_99,0.7415,0.051247471,NA,NA,NA,NA,NA,NA,NA,NA,NA,NA,NA,NA,NA,NA,NA,NA,NA,NA
Brown_et_al_2026,Mad River High,MRH14-01,99,100,MRH14-01_100,0.6244,0.063741192,NA,NA,NA,NA,NA,NA,NA,NA,NA,NA,NA,NA,NA,NA,NA,NA,NA,NA
Brown_et_al_2026,Mad River High,MRH14-01,183,184,MRH14-01_184,NA,NA,NA,NA,NA,NA,NA,NA,NA,NA,100,20,terrestrial,MRH14-01 184,0.9877,0.0021,-12.3,2.1,NA,NA
Brown_et_al_2026,Mad River High,MRH14-02,153,154,MRH14-02_154,NA,NA,NA,NA,NA,NA,NA,NA,NA,NA,580,15,terrestrial,MRH14-02_154 .19mgC,0.9302,0.0014,-69.8,1.4,NA,NA
Brown_et_al_2026,Mad River High,MRH14-02,153,154,MRH14-02_154,NA,NA,NA,NA,NA,NA,NA,NA,NA,NA,580,15,terrestrial,MRH14-02_154 .19mgC,0.930210399,0.00141489,-69.78960106,1.414890165,NA,NA
Brown_et_al_2026,Mad River High,MRH14-02,187,188,MRH14-02_188,NA,NA,NA,NA,NA,NA,NA,NA,NA,NA,375,15,terrestrial,MRH14-02_188 .20mgC,0.9543,0.0015,-45.7,1.5,NA,NA
Brown_et_al_2026,Mad River High,MRH14-02,187,188,MRH14-02_188,NA,NA,NA,NA,NA,NA,NA,NA,NA,NA,375,15,terrestrial,MRH14-02_188 .20mgC,0.954272201,0.001458763,-45.72779866,1.458762553,NA,NA
Brown_et_al_2026,Mad River High,MRH14-02,194,195,MRH14-02_195,NA,NA,NA,NA,NA,NA,NA,NA,NA,NA,350,20,terrestrial,MRH14-02 195,0.9572,0.0021,-42.8,2.1,NA,NA
Brown_et_al_2026,Mad River Low,MRL13-01,0,1,MRL13-01_1,0.3053,0.230920406,NA,NA,NA,NA,NA,NA,NA,NA,NA,NA,NA,NA,NA,NA,NA,NA,NA,NA
Brown_et_al_2026,Mad River Low,MRL13-01,1,2,MRL13-01_2,0.2732,0.29465593,0.08,0.52,NA,NA,6.41,2.75,NA,NA,NA,NA,NA,NA,NA,NA,NA,NA,NA,0.28
Brown_et_al_2026,Mad River Low,MRL13-01,2,3,MRL13-01_3,0.2748,0.288937409,NA,NA,NA,NA,NA,NA,NA,NA,NA,NA,NA,NA,NA,NA,NA,NA,NA,NA
Brown_et_al_2026,Mad River Low,MRL13-01,3,4,MRL13-01_4,0.3787,0.214681806,0.33,0.51,NA,NA,11.11,2.8,NA,NA,NA,NA,NA,NA,NA,NA,NA,NA,NA,0.28
Brown_et_al_2026,Mad River Low,MRL13-01,4,5,MRL13-01_5,0.2693,0.248050501,NA,NA,NA,NA,NA,NA,NA,NA,NA,NA,NA,NA,NA,NA,NA,NA,NA,NA
Brown_et_al_2026,Mad River Low,MRL13-01,5,6,MRL13-01_6,0.6304,0.186865482,NA,NA,NA,NA,NA,NA,NA,NA,NA,NA,NA,NA,NA,NA,NA,NA,NA,NA
Brown_et_al_2026,Mad River Low,MRL13-01,6,7,MRL13-01_7,0.346,0.223121387,NA,NA,NA,NA,NA,NA,NA,NA,NA,NA,NA,NA,NA,NA,NA,NA,NA,NA
Brown_et_al_2026,Mad River Low,MRL13-01,7,8,MRL13-01_8,0.5526,0.156170829,1.59,0.52,NA,NA,11.49,2.65,NA,NA,NA,NA,NA,NA,NA,NA,NA,NA,NA,0.27
Brown_et_al_2026,Mad River Low,MRL13-01,8,9,MRL13-01_9,0.4399,0.189815867,NA,NA,NA,NA,NA,NA,NA,NA,NA,NA,NA,NA,NA,NA,NA,NA,NA,NA
Brown_et_al_2026,Mad River Low,MRL13-01,9,10,MRL13-01_10,0.3141,0.258834766,NA,NA,NA,NA,NA,NA,NA,NA,NA,NA,NA,NA,NA,NA,NA,NA,NA,NA
Brown_et_al_2026,Mad River Low,MRL13-01,10,11,MRL13-01_11,0.2984,0.242962467,NA,NA,NA,NA,NA,NA,NA,NA,NA,NA,NA,NA,NA,NA,NA,NA,NA,NA
Brown_et_al_2026,Mad River Low,MRL13-01,11,12,MRL13-01_12,0.3619,0.195357834,1.47,0.53,NA,NA,3.75,2.53,NA,NA,NA,NA,NA,NA,NA,NA,NA,NA,NA,0.27
Brown_et_al_2026,Mad River Low,MRL13-01,12,13,MRL13-01_13,0.4664,0.150300172,NA,NA,NA,NA,NA,NA,NA,NA,NA,NA,NA,NA,NA,NA,NA,NA,NA,NA
Brown_et_al_2026,Mad River Low,MRL13-01,13,14,MRL13-01_14,0.3672,0.162309368,NA,NA,NA,NA,NA,NA,NA,NA,NA,NA,NA,NA,NA,NA,NA,NA,NA,NA
Brown_et_al_2026,Mad River Low,MRL13-01,14,15,MRL13-01_15,0.3915,0.176500639,NA,NA,NA,NA,NA,NA,NA,NA,NA,NA,NA,NA,NA,NA,NA,NA,NA,NA
Brown_et_al_2026,Mad River Low,MRL13-01,15,16,MRL13-01_16,0.3914,0.150996423,1.76,0.56,NA,NA,7.94,2.58,NA,NA,NA,NA,NA,NA,NA,NA,NA,NA,NA,0.26
Brown_et_al_2026,Mad River Low,MRL13-01,16,17,MRL13-01_17,0.3426,0.172504378,NA,NA,NA,NA,NA,NA,NA,NA,NA,NA,NA,NA,NA,NA,NA,NA,NA,NA
Brown_et_al_2026,Mad River Low,MRL13-01,17,18,MRL13-01_18,0.4508,0.248003549,NA,NA,NA,NA,NA,NA,NA,NA,NA,NA,NA,NA,NA,NA,NA,NA,NA,NA
Brown_et_al_2026,Mad River Low,MRL13-01,18,19,MRL13-01_19,0.3835,0.216166884,NA,NA,NA,NA,NA,NA,NA,NA,NA,NA,NA,NA,NA,NA,NA,NA,NA,NA
Brown_et_al_2026,Mad River Low,MRL13-01,19,20,MRL13-01_20,1.0039,0.078394262,2.54,0.52,NA,NA,5.48,2.51,NA,NA,NA,NA,NA,NA,NA,NA,NA,NA,0.08,0.28
Brown_et_al_2026,Mad River Low,MRL13-01,20,21,MRL13-01_21,0.9917,0.067459917,NA,NA,NA,NA,NA,NA,NA,NA,NA,NA,NA,NA,NA,NA,NA,NA,NA,NA
Brown_et_al_2026,Mad River Low,MRL13-01,21,22,MRL13-01_22,0.5758,0.130948246,NA,NA,NA,NA,NA,NA,NA,NA,NA,NA,NA,NA,NA,NA,NA,NA,NA,NA
Brown_et_al_2026,Mad River Low,MRL13-01,22,23,MRL13-01_23,0.8032,0.124750996,NA,NA,NA,NA,NA,NA,NA,NA,-3550,25,terrestrial,MRL13-01 23cm,1.5563,0.0041,556.3,4.1,NA,NA
Brown_et_al_2026,Mad River Low,MRL13-01,23,24,MRL13-01_24,0.3638,0.421385377,4.47,0.65,NA,NA,4.05,2.42,NA,NA,NA,NA,NA,NA,NA,NA,NA,NA,NA,0.26
Brown_et_al_2026,Mad River Low,MRL13-01,24,25,MRL13-01_25,0.4197,0.338098642,NA,NA,NA,NA,NA,NA,NA,NA,NA,NA,NA,NA,NA,NA,NA,NA,NA,NA
Brown_et_al_2026,Mad River Low,MRL13-01,25,26,MRL13-01_26,0.7079,0.126147761,NA,NA,NA,NA,NA,NA,NA,NA,NA,NA,NA,NA,NA,NA,NA,NA,NA,NA
Brown_et_al_2026,Mad River Low,MRL13-01,26,27,MRL13-01_27,0.8413,0.101152978,NA,NA,NA,NA,NA,NA,NA,NA,NA,NA,NA,NA,NA,NA,NA,NA,NA,NA
Brown_et_al_2026,Mad River Low,MRL13-01,27,28,MRL13-01_28,0.6163,0.126237222,1.77,0.57,NA,NA,6.43,2.48,NA,NA,NA,NA,NA,NA,NA,NA,NA,NA,NA,0.26
Brown_et_al_2026,Mad River Low,MRL13-01,28,29,MRL13-01_29,0.7693,0.121409073,NA,NA,NA,NA,NA,NA,NA,NA,NA,NA,NA,NA,NA,NA,NA,NA,NA,NA
Brown_et_al_2026,Mad River Low,MRL13-01,29,30,MRL13-01_30,0.8145,0.075138122,NA,NA,NA,NA,NA,NA,NA,NA,NA,NA,NA,NA,NA,NA,NA,NA,NA,NA
Brown_et_al_2026,Mad River Low,MRL13-01,30,31,MRL13-01_31,0.8743,0.073201418,NA,NA,NA,NA,NA,NA,NA,NA,NA,NA,NA,NA,NA,NA,NA,NA,NA,NA
Brown_et_al_2026,Mad River Low,MRL13-01,31,32,MRL13-01_32,0.6958,0.085800517,NA,NA,NA,NA,NA,NA,NA,NA,NA,NA,NA,NA,NA,NA,NA,NA,NA,NA
Brown_et_al_2026,Mad River Low,MRL13-01,32,33,MRL13-01_33,0.5819,0.136277711,NA,NA,NA,NA,NA,NA,NA,NA,NA,NA,NA,NA,NA,NA,NA,NA,NA,NA
Brown_et_al_2026,Mad River Low,MRL13-01,34,35,MRL13-01_35,0.7489,0.11176392,NA,NA,NA,NA,NA,NA,NA,NA,NA,NA,NA,NA,NA,NA,NA,NA,NA,NA
Brown_et_al_2026,Mad River Low,MRL13-01,35,36,MRL13-01_36,0.7489,0.11176392,NA,NA,NA,NA,NA,NA,NA,NA,NA,NA,NA,NA,NA,NA,NA,NA,NA,NA
Brown_et_al_2026,Mad River Low,MRL13-01,36,37,MRL13-01_37,0.5502,0.09741912,NA,NA,NA,NA,NA,NA,NA,NA,NA,NA,NA,NA,NA,NA,NA,NA,NA,NA
Brown_et_al_2026,Mad River Low,MRL13-01,37,38,MRL13-01_38,0.5864,0.101466576,NA,NA,NA,NA,NA,NA,NA,NA,NA,NA,NA,NA,NA,NA,NA,NA,NA,NA
Brown_et_al_2026,Mad River Low,MRL13-01,38,39,MRL13-01_39,0.692,0.089884393,NA,NA,NA,NA,NA,NA,NA,NA,NA,NA,NA,NA,NA,NA,NA,NA,NA,NA
Brown_et_al_2026,Mad River Low,MRL13-01,39,40,MRL13-01_40,0.6265,0.087150838,NA,NA,NA,NA,NA,NA,NA,NA,NA,NA,NA,NA,NA,NA,NA,NA,NA,NA
Brown_et_al_2026,Mad River Low,MRL13-01,40,41,MRL13-01_41,0.5323,0.264136765,NA,NA,NA,NA,NA,NA,NA,NA,NA,NA,NA,NA,NA,NA,NA,NA,NA,NA
Brown_et_al_2026,Mad River Low,MRL13-01,41,42,MRL13-01_42,0.6854,0.090166326,NA,NA,NA,NA,NA,NA,NA,NA,NA,NA,NA,NA,NA,NA,NA,NA,NA,NA
Brown_et_al_2026,Mad River Low,MRL13-01,42,43,MRL13-01_43,0.6406,0.0897596,NA,NA,NA,NA,NA,NA,NA,NA,NA,NA,NA,NA,NA,NA,NA,NA,NA,NA
Brown_et_al_2026,Mad River Low,MRL13-01,43,44,MRL13-01_44,0.6519,0.107992023,NA,NA,NA,NA,NA,NA,NA,NA,NA,NA,NA,NA,NA,NA,NA,NA,NA,NA
Brown_et_al_2026,Mad River Low,MRL13-01,44,45,MRL13-01_45,0.6853,0.200787976,NA,NA,NA,NA,NA,NA,NA,NA,NA,NA,NA,NA,NA,NA,NA,NA,NA,NA
Brown_et_al_2026,Mad River Low,MRL13-01,45,46,MRL13-01_46,1.0184,0.101531815,NA,NA,NA,NA,NA,NA,NA,NA,NA,NA,NA,NA,NA,NA,NA,NA,NA,NA
Brown_et_al_2026,Mad River Low,MRL13-01,46,47,MRL13-01_47,1.0542,0.084613925,NA,NA,NA,NA,NA,NA,NA,NA,NA,NA,NA,NA,NA,NA,NA,NA,NA,NA
Brown_et_al_2026,Mad River Low,MRL13-01,47,48,MRL13-01_48,1.1438,0.086116454,NA,NA,NA,NA,NA,NA,NA,NA,NA,NA,NA,NA,NA,NA,NA,NA,NA,NA
Brown_et_al_2026,Mad River Low,MRL13-01,48,49,MRL13-01_49,0.9656,0.084921292,NA,NA,NA,NA,NA,NA,NA,NA,NA,NA,NA,NA,NA,NA,NA,NA,NA,NA
Brown_et_al_2026,Mad River Low,MRL13-01,49,50,MRL13-01_50,0.9517,0.089313859,NA,NA,NA,NA,NA,NA,NA,NA,NA,NA,NA,NA,NA,NA,NA,NA,NA,NA
Brown_et_al_2026,Mad River Low,MRL13-01,50,51,MRL13-01_51,0.9425,0.090503979,NA,NA,NA,NA,NA,NA,NA,NA,NA,NA,NA,NA,NA,NA,NA,NA,NA,NA
Brown_et_al_2026,Mad River Low,MRL13-01,51,52,MRL13-01_52,1.1008,0.088299419,NA,NA,NA,NA,NA,NA,NA,NA,NA,NA,NA,NA,NA,NA,NA,NA,NA,NA
Brown_et_al_2026,Mad River Low,MRL13-01,52,53,MRL13-01_53,1.0635,0.078702398,NA,NA,NA,NA,NA,NA,NA,NA,NA,NA,NA,NA,NA,NA,NA,NA,NA,NA
Brown_et_al_2026,Mad River Low,MRL13-01,53,54,MRL13-01_54,1.1657,0.078322038,NA,NA,NA,NA,NA,NA,NA,NA,NA,NA,NA,NA,NA,NA,NA,NA,NA,NA
Brown_et_al_2026,Mad River Low,MRL13-01,54,55,MRL13-01_55,1.0507,0.084515085,NA,NA,NA,NA,NA,NA,NA,NA,NA,NA,NA,NA,NA,NA,NA,NA,NA,NA
Brown_et_al_2026,Mad River Low,MRL13-01,55,56,MRL13-01_56,0.9799,0.082457394,NA,NA,NA,NA,NA,NA,NA,NA,NA,NA,NA,NA,NA,NA,NA,NA,NA,NA
Brown_et_al_2026,Mad River Low,MRL13-01,56,57,MRL13-01_57,1.0642,0.079402368,NA,NA,NA,NA,NA,NA,NA,NA,NA,NA,NA,NA,NA,NA,NA,NA,NA,NA
Brown_et_al_2026,Mad River Low,MRL13-01,57,58,MRL13-01_58,1.0458,0.073340983,NA,NA,NA,NA,NA,NA,NA,NA,NA,NA,NA,NA,NA,NA,NA,NA,NA,NA
Brown_et_al_2026,Mad River Low,MRL13-01,58,59,MRL13-01_59,0.9873,0.071305581,NA,NA,NA,NA,NA,NA,NA,NA,NA,NA,NA,NA,NA,NA,NA,NA,NA,NA
Brown_et_al_2026,Mad River Low,MRL13-01,59,60,MRL13-01_60,1.0039,0.076501644,NA,NA,NA,NA,NA,NA,NA,NA,NA,NA,NA,NA,NA,NA,NA,NA,NA,NA
Brown_et_al_2026,Mad River Low,MRL13-01,60,61,MRL13-01_61,0.9938,0.078385993,NA,NA,NA,NA,NA,NA,NA,NA,NA,NA,NA,NA,NA,NA,NA,NA,NA,NA
Brown_et_al_2026,Mad River Low,MRL13-01,61,62,MRL13-01_62,1.0512,0.072203196,NA,NA,NA,NA,NA,NA,NA,NA,NA,NA,NA,NA,NA,NA,NA,NA,NA,NA
Brown_et_al_2026,Mad River Low,MRL13-01,62,63,MRL13-01_63,0.9165,0.072122204,NA,NA,NA,NA,NA,NA,NA,NA,NA,NA,NA,NA,NA,NA,NA,NA,NA,NA
Brown_et_al_2026,Mad River Low,MRL13-01,63,64,MRL13-01_64,1.0415,0.068650984,NA,NA,NA,NA,NA,NA,NA,NA,NA,NA,NA,NA,NA,NA,NA,NA,NA,NA
Brown_et_al_2026,Mad River Low,MRL13-01,64,65,MRL13-01_65,0.8609,0.071669183,NA,NA,NA,NA,NA,NA,NA,NA,NA,NA,NA,NA,NA,NA,NA,NA,NA,NA
Brown_et_al_2026,Mad River Low,MRL13-01,65,66,MRL13-01_66,0.9192,0.069408181,NA,NA,NA,NA,NA,NA,NA,NA,NA,NA,NA,NA,NA,NA,NA,NA,NA,NA
Brown_et_al_2026,Mad River Low,MRL13-01,66,67,MRL13-01_67,1.0337,0.067330947,NA,NA,NA,NA,NA,NA,NA,NA,NA,NA,NA,NA,NA,NA,NA,NA,NA,NA
Brown_et_al_2026,Mad River Low,MRL13-01,67,68,MRL13-01_68,1.0547,0.065990329,NA,NA,NA,NA,NA,NA,NA,NA,NA,NA,NA,NA,NA,NA,NA,NA,NA,NA
Brown_et_al_2026,Mad River Low,MRL13-01,68,69,MRL13-01_69,0.9919,0.069361831,NA,NA,NA,NA,NA,NA,NA,NA,NA,NA,NA,NA,NA,NA,NA,NA,NA,NA
Brown_et_al_2026,Mad River Low,MRL13-01,69,70,MRL13-01_70,1.0406,0.061406881,NA,NA,NA,NA,NA,NA,NA,NA,NA,NA,NA,NA,NA,NA,NA,NA,NA,NA
Brown_et_al_2026,Mad River Low,MRL13-01,70,71,MRL13-01_71,1.1528,0.06740111,NA,NA,NA,NA,NA,NA,NA,NA,NA,NA,NA,NA,NA,NA,NA,NA,NA,NA
Brown_et_al_2026,Mad River Low,MRL13-01,71,72,MRL13-01_72,0.9809,0.064430625,NA,NA,NA,NA,NA,NA,NA,NA,NA,NA,NA,NA,NA,NA,NA,NA,NA,NA
Brown_et_al_2026,Mad River Low,MRL13-01,72,73,MRL13-01_73,1.0217,0.06381521,NA,NA,NA,NA,NA,NA,NA,NA,NA,NA,NA,NA,NA,NA,NA,NA,NA,NA
Brown_et_al_2026,Mad River Low,MRL13-01,73,74,MRL13-01_74,1.0084,0.059599365,NA,NA,NA,NA,NA,NA,NA,NA,NA,NA,NA,NA,NA,NA,NA,NA,NA,NA
Brown_et_al_2026,Mad River Low,MRL13-01,74,75,MRL13-01_75,0.9717,0.062159103,NA,NA,NA,NA,NA,NA,NA,NA,NA,NA,NA,NA,NA,NA,NA,NA,NA,NA
Brown_et_al_2026,Mad River Low,MRL13-01,75,76,MRL13-01_76,0.9548,0.06242145,NA,NA,NA,NA,NA,NA,NA,NA,NA,NA,NA,NA,NA,NA,NA,NA,NA,NA
Brown_et_al_2026,Mad River Low,MRL13-01,76,77,MRL13-01_77,1.0575,0.064397163,NA,NA,NA,NA,NA,NA,NA,NA,NA,NA,NA,NA,NA,NA,NA,NA,NA,NA
Brown_et_al_2026,Mad River Low,MRL13-01,77,78,MRL13-01_78,1.1951,0.06518283,NA,NA,NA,NA,NA,NA,NA,NA,NA,NA,NA,NA,NA,NA,NA,NA,NA,NA
Brown_et_al_2026,Mad River Low,MRL13-01,78,79,MRL13-01_79,1.108,0.063808664,NA,NA,NA,NA,NA,NA,NA,NA,NA,NA,NA,NA,NA,NA,NA,NA,NA,NA
Brown_et_al_2026,Mad River Low,MRL13-01,79,80,MRL13-01_80,1.2162,0.058871896,NA,NA,NA,NA,NA,NA,NA,NA,NA,NA,NA,NA,NA,NA,NA,NA,NA,NA
Brown_et_al_2026,Mad River Low,MRL13-01,80,81,MRL13-01_81,1.0902,0.06154834,NA,NA,NA,NA,NA,NA,NA,NA,NA,NA,NA,NA,NA,NA,NA,NA,NA,NA
Brown_et_al_2026,Mad River Low,MRL13-01,81,82,MRL13-01_82,1.1891,0.06012951,NA,NA,NA,NA,NA,NA,NA,NA,NA,NA,NA,NA,NA,NA,NA,NA,NA,NA
Brown_et_al_2026,Mad River Low,MRL13-01,82,83,MRL13-01_83,1.2954,0.055504091,NA,NA,NA,NA,NA,NA,NA,NA,NA,NA,NA,NA,NA,NA,NA,NA,NA,NA
Brown_et_al_2026,Mad River Low,MRL13-01,83,84,MRL13-01_84,1.2235,0.057131181,NA,NA,NA,NA,NA,NA,NA,NA,NA,NA,NA,NA,NA,NA,NA,NA,NA,NA
Brown_et_al_2026,Mad River Low,MRL13-01,84,85,MRL13-01_85,1.0654,0.05781866,NA,NA,NA,NA,NA,NA,NA,NA,NA,NA,NA,NA,NA,NA,NA,NA,NA,NA
Brown_et_al_2026,Mad River Low,MRL13-01,85,86,MRL13-01_86,1.1952,0.058483936,NA,NA,NA,NA,NA,NA,NA,NA,NA,NA,NA,NA,NA,NA,NA,NA,NA,NA
Brown_et_al_2026,Mad River Low,MRL13-01,86,87,MRL13-01_87,1.0856,0.052689757,NA,NA,NA,NA,NA,NA,NA,NA,NA,NA,NA,NA,NA,NA,NA,NA,NA,NA
Brown_et_al_2026,Mad River Low,MRL13-01,87,88,MRL13-01_88,1.3024,0.055512899,NA,NA,NA,NA,NA,NA,NA,NA,NA,NA,NA,NA,NA,NA,NA,NA,NA,NA
Brown_et_al_2026,Mad River Low,MRL13-01,88,89,MRL13-01_89,1.2837,0.054919374,NA,NA,NA,NA,NA,NA,NA,NA,NA,NA,NA,NA,NA,NA,NA,NA,NA,NA
Brown_et_al_2026,Mad River Low,MRL13-01,89,90,MRL13-01_90,1.4097,0.054976236,NA,NA,NA,NA,NA,NA,NA,NA,NA,NA,NA,NA,NA,NA,NA,NA,NA,NA
Brown_et_al_2026,Mad River Low,MRL13-01,90,91,MRL13-01_91,1.3576,0.054507955,NA,NA,NA,NA,NA,NA,NA,NA,NA,NA,NA,NA,NA,NA,NA,NA,NA,NA
Brown_et_al_2026,Mad River Low,MRL13-01,91,92,MRL13-01_92,1.2104,0.049900859,NA,NA,NA,NA,NA,NA,NA,NA,NA,NA,NA,NA,NA,NA,NA,NA,NA,NA
Brown_et_al_2026,Mad River Low,MRL13-01,92,93,MRL13-01_93,1.4045,0.058526166,NA,NA,NA,NA,NA,NA,NA,NA,NA,NA,NA,NA,NA,NA,NA,NA,NA,NA
Brown_et_al_2026,Mad River Low,MRL13-01,93,94,MRL13-01_94,0.9709,0.060974354,NA,NA,NA,NA,NA,NA,NA,NA,NA,NA,NA,NA,NA,NA,NA,NA,NA,NA
Brown_et_al_2026,Mad River Low,MRL13-01,94,95,MRL13-01_95,1.2928,0.057317451,NA,NA,NA,NA,NA,NA,NA,NA,NA,NA,NA,NA,NA,NA,NA,NA,NA,NA
Brown_et_al_2026,Mad River Low,MRL13-01,95,96,MRL13-01_96,1.1451,0.061566675,NA,NA,NA,NA,NA,NA,NA,NA,NA,NA,NA,NA,NA,NA,NA,NA,NA,NA
Brown_et_al_2026,Mad River Low,MRL13-01,96,97,MRL13-01_97,1.2529,0.059142789,NA,NA,NA,NA,NA,NA,NA,NA,NA,NA,NA,NA,NA,NA,NA,NA,NA,NA
Brown_et_al_2026,Mad River Low,MRL13-01,97,98,MRL13-01_98,1.3034,0.059152985,NA,NA,NA,NA,NA,NA,NA,NA,NA,NA,NA,NA,NA,NA,NA,NA,NA,NA
Brown_et_al_2026,Mad River Low,MRL13-01,98,99,MRL13-01_99,1.1939,0.062484295,NA,NA,NA,NA,NA,NA,NA,NA,NA,NA,NA,NA,NA,NA,NA,NA,NA,NA
Brown_et_al_2026,Mad River Low,MRL13-01,99,100,MRL13-01_100,1.1981,0.058509306,NA,NA,NA,NA,NA,NA,NA,NA,NA,NA,NA,NA,NA,NA,NA,NA,NA,NA
Brown_et_al_2026,Mad River Low,MRL13-01,124,125,MRL13-01_125,NA,NA,NA,NA,NA,NA,NA,NA,NA,NA,245,15,terrestrial,MRL13-01_125 .18mgC,0.970200585,0.001328485,-29.79941517,1.328485383,NA,NA
Brown_et_al_2026,Mad River Low,MRL13-01,124,125,MRL13-01_125,NA,NA,NA,NA,NA,NA,NA,NA,NA,NA,245,15,terrestrial,MRL13-01_125 .18mgC,0.9702,0.0013,-29.8,1.3,NA,NA
Brown_et_al_2026,Mad River Low,MRL13-01,145,146,MRL13-01_146,NA,NA,NA,NA,NA,NA,NA,NA,NA,NA,645,20,terrestrial,MRL13-01_146 Plant .23mgC,0.9226,0.0021,-77.4,2.1,NA,NA
Brown_et_al_2026,Mad River Low,MRL13-01,153,154,MRL13-01_154,NA,NA,NA,NA,NA,NA,NA,NA,NA,NA,420,70,terrestrial,MRL13-01_154 Plant .055mgC,0.9485,0.0072,-51.5,7.2,NA,NA
Brown_et_al_2026,Mad River Low,MRL13-01,172,173,MRL13-01_173,NA,NA,NA,NA,NA,NA,NA,NA,NA,NA,415,20,terrestrial,MRL13-01 173,0.9497,0.0019,-50.3,1.9,NA,NA
Brown_et_al_2026,Mad River Low,MRL13-01,197,198,MRL13-01_198,NA,NA,NA,NA,NA,NA,NA,NA,NA,NA,400,20,terrestrial,MRL13-01 198cm .16mgC,0.9513,0.0022,-48.7,2.2,NA,NA
Brown_et_al_2026,Mad River Low,MRL13-03,23,24,MRL13-03_24,NA,NA,NA,NA,NA,NA,NA,NA,NA,NA,-1990,20,terrestrial,MRL13-03 24cm,1.2819,0.0029,281.9,2.9,NA,NA
Brown_et_al_2026,Mad River Low,MRL14-04,0,1,MRL14-04_1,0.4229,0.150863088,NA,NA,NA,NA,NA,NA,NA,NA,NA,NA,NA,NA,NA,NA,NA,NA,NA,NA
Brown_et_al_2026,Mad River Low,MRL14-04,1,2,MRL14-04_2,0.3779,0.151362794,NA,NA,NA,NA,NA,NA,NA,NA,NA,NA,NA,NA,NA,NA,NA,NA,NA,NA
Brown_et_al_2026,Mad River Low,MRL14-04,2,3,MRL14-04_3,0.3659,0.130363487,NA,NA,NA,NA,NA,NA,NA,NA,NA,NA,NA,NA,NA,NA,NA,NA,NA,NA
Brown_et_al_2026,Mad River Low,MRL14-04,3,4,MRL14-04_4,0.3948,0.169959473,NA,NA,NA,NA,NA,NA,NA,NA,NA,NA,NA,NA,NA,NA,NA,NA,NA,NA
Brown_et_al_2026,Mad River Low,MRL14-04,4,5,MRL14-04_5,0.4273,0.172010297,NA,NA,NA,NA,NA,NA,NA,NA,NA,NA,NA,NA,NA,NA,NA,NA,NA,NA
Brown_et_al_2026,Mad River Low,MRL14-04,5,6,MRL14-04_6,0.3412,0.146248535,NA,NA,NA,NA,NA,NA,NA,NA,NA,NA,NA,NA,NA,NA,NA,NA,NA,NA
Brown_et_al_2026,Mad River Low,MRL14-04,6,7,MRL14-04_7,0.4316,0.155468026,NA,NA,NA,NA,NA,NA,NA,NA,NA,NA,NA,NA,NA,NA,NA,NA,NA,NA
Brown_et_al_2026,Mad River Low,MRL14-04,7,8,MRL14-04_8,0.4873,0.145906013,NA,NA,NA,NA,NA,NA,NA,NA,NA,NA,NA,NA,NA,NA,NA,NA,NA,NA
Brown_et_al_2026,Mad River Low,MRL14-04,8,9,MRL14-04_9,0.5609,0.090747014,NA,NA,NA,NA,NA,NA,NA,NA,NA,NA,NA,NA,NA,NA,NA,NA,NA,NA
Brown_et_al_2026,Mad River Low,MRL14-04,9,10,MRL14-04_10,0.4405,0.123496027,NA,NA,NA,NA,NA,NA,NA,NA,NA,NA,NA,NA,NA,NA,NA,NA,NA,NA
Brown_et_al_2026,Mad River Low,MRL14-04,10,11,MRL14-04_11,0.4528,0.138471731,NA,NA,NA,NA,NA,NA,NA,NA,NA,NA,NA,NA,NA,NA,NA,NA,NA,NA
Brown_et_al_2026,Mad River Low,MRL14-04,11,12,MRL14-04_12,0.5648,0.103399433,NA,NA,NA,NA,NA,NA,NA,NA,NA,NA,NA,NA,NA,NA,NA,NA,NA,NA
Brown_et_al_2026,Mad River Low,MRL14-04,12,13,MRL14-04_13,0.5187,0.106034317,NA,NA,NA,NA,NA,NA,NA,NA,NA,NA,NA,NA,NA,NA,NA,NA,NA,NA
Brown_et_al_2026,Mad River Low,MRL14-04,13,14,MRL14-04_14,0.5716,0.122638209,NA,NA,NA,NA,NA,NA,NA,NA,NA,NA,NA,NA,NA,NA,NA,NA,NA,NA
Brown_et_al_2026,Mad River Low,MRL14-04,14,15,MRL14-04_15,0.4987,0.118708643,NA,NA,NA,NA,NA,NA,NA,NA,NA,NA,NA,NA,NA,NA,NA,NA,NA,NA
Brown_et_al_2026,Mad River Low,MRL14-04,15,16,MRL14-04_16,0.5031,0.116676605,NA,NA,NA,NA,NA,NA,NA,NA,NA,NA,NA,NA,NA,NA,NA,NA,NA,NA
Brown_et_al_2026,Mad River Low,MRL14-04,16,17,MRL14-04_17,0.5784,0.105982019,NA,NA,NA,NA,NA,NA,NA,NA,NA,NA,NA,NA,NA,NA,NA,NA,NA,NA
Brown_et_al_2026,Mad River Low,MRL14-04,17,18,MRL14-04_18,0.5863,0.111888112,NA,NA,NA,NA,NA,NA,NA,NA,NA,NA,NA,NA,NA,NA,NA,NA,NA,NA
Brown_et_al_2026,Mad River Low,MRL14-04,18,19,MRL14-04_19,0.6297,0.099094807,NA,NA,NA,NA,NA,NA,NA,NA,NA,NA,NA,NA,NA,NA,NA,NA,NA,NA
Brown_et_al_2026,Mad River Low,MRL14-04,19,20,MRL14-04_20,0.6378,0.103167137,NA,NA,NA,NA,NA,NA,NA,NA,NA,NA,NA,NA,NA,NA,NA,NA,NA,NA
Brown_et_al_2026,Mad River Low,MRL14-04,20,21,MRL14-04_21,0.5263,0.110963329,NA,NA,NA,NA,NA,NA,NA,NA,NA,NA,NA,NA,NA,NA,NA,NA,NA,NA
Brown_et_al_2026,Mad River Low,MRL14-04,21,22,MRL14-04_22,0.6235,0.112429832,NA,NA,NA,NA,NA,NA,NA,NA,NA,NA,NA,NA,NA,NA,NA,NA,NA,NA
Brown_et_al_2026,Mad River Low,MRL14-04,22,23,MRL14-04_23,0.5942,0.104678559,NA,NA,NA,NA,NA,NA,NA,NA,NA,NA,NA,NA,NA,NA,NA,NA,NA,NA
Brown_et_al_2026,Mad River Low,MRL14-04,23,24,MRL14-04_24,0.5761,0.114216282,NA,NA,NA,NA,NA,NA,NA,NA,NA,NA,NA,NA,NA,NA,NA,NA,NA,NA
Brown_et_al_2026,Mad River Low,MRL14-04,24,25,MRL14-04_25,0.5775,0.113246753,NA,NA,NA,NA,NA,NA,NA,NA,NA,NA,NA,NA,NA,NA,NA,NA,NA,NA
Brown_et_al_2026,Mad River Low,MRL14-04,25,26,MRL14-04_26,0.5689,0.095447355,NA,NA,NA,NA,NA,NA,NA,NA,NA,NA,NA,NA,NA,NA,NA,NA,NA,NA
Brown_et_al_2026,Mad River Low,MRL14-04,26,27,MRL14-04_27,0.5612,0.098182466,NA,NA,NA,NA,NA,NA,NA,NA,NA,NA,NA,NA,NA,NA,NA,NA,NA,NA
Brown_et_al_2026,Mad River Low,MRL14-04,27,28,MRL14-04_28,0.665,0.105112782,NA,NA,NA,NA,NA,NA,NA,NA,NA,NA,NA,NA,NA,NA,NA,NA,NA,NA
Brown_et_al_2026,Mad River Low,MRL14-04,28,29,MRL14-04_29,0.5568,0.09841954,NA,NA,NA,NA,NA,NA,NA,NA,NA,NA,NA,NA,NA,NA,NA,NA,NA,NA
Brown_et_al_2026,Mad River Low,MRL14-04,29,30,MRL14-04_30,0.6011,0.110796872,NA,NA,NA,NA,NA,NA,NA,NA,NA,NA,NA,NA,NA,NA,NA,NA,NA,NA
Brown_et_al_2026,Mad River Low,MRL14-04,30,31,MRL14-04_31,0.5954,0.102284179,NA,NA,NA,NA,NA,NA,NA,NA,NA,NA,NA,NA,NA,NA,NA,NA,NA,NA
Brown_et_al_2026,Mad River Low,MRL14-04,31,32,MRL14-04_32,0.6703,0.102491422,NA,NA,NA,NA,NA,NA,NA,NA,NA,NA,NA,NA,NA,NA,NA,NA,NA,NA
Brown_et_al_2026,Mad River Low,MRL14-04,32,33,MRL14-04_33,0.5577,0.096826251,NA,NA,NA,NA,NA,NA,NA,NA,NA,NA,NA,NA,NA,NA,NA,NA,NA,NA
Brown_et_al_2026,Mad River Low,MRL14-04,33,34,MRL14-04_34,0.6728,0.095570749,NA,NA,NA,NA,NA,NA,NA,NA,NA,NA,NA,NA,NA,NA,NA,NA,NA,NA
Brown_et_al_2026,Mad River Low,MRL14-04,34,35,MRL14-04_35,0.6917,0.091513662,NA,NA,NA,NA,NA,NA,NA,NA,NA,NA,NA,NA,NA,NA,NA,NA,NA,NA
Brown_et_al_2026,Mad River Low,MRL14-04,35,36,MRL14-04_36,0.7943,0.089260985,NA,NA,NA,NA,NA,NA,NA,NA,NA,NA,NA,NA,NA,NA,NA,NA,NA,NA
Brown_et_al_2026,Mad River Low,MRL14-04,36,37,MRL14-04_37,0.8322,0.084114396,NA,NA,NA,NA,NA,NA,NA,NA,NA,NA,NA,NA,NA,NA,NA,NA,NA,NA
Brown_et_al_2026,Mad River Low,MRL14-04,37,38,MRL14-04_38,0.9972,0.075110309,NA,NA,NA,NA,NA,NA,NA,NA,NA,NA,NA,NA,NA,NA,NA,NA,NA,NA
Brown_et_al_2026,Mad River Low,MRL14-04,38,39,MRL14-04_39,0.7779,0.067746497,NA,NA,NA,NA,NA,NA,NA,NA,NA,NA,NA,NA,NA,NA,NA,NA,NA,NA
Brown_et_al_2026,Mad River Low,MRL14-04,39,40,MRL14-04_40,0.588,0.067006803,NA,NA,NA,NA,NA,NA,NA,NA,NA,NA,NA,NA,NA,NA,NA,NA,NA,NA
Brown_et_al_2026,Mad River Low,MRL14-04,40,41,MRL14-04_41,0.888,0.062387387,NA,NA,NA,NA,NA,NA,NA,NA,NA,NA,NA,NA,NA,NA,NA,NA,NA,NA
Brown_et_al_2026,Mad River Low,MRL14-04,41,42,MRL14-04_42,0.7213,0.087758214,NA,NA,NA,NA,NA,NA,NA,NA,NA,NA,NA,NA,NA,NA,NA,NA,NA,NA
Brown_et_al_2026,Mad River Low,MRL14-04,42,43,MRL14-04_43,0.6086,0.108609924,NA,NA,NA,NA,NA,NA,NA,NA,NA,NA,NA,NA,NA,NA,NA,NA,NA,NA
Brown_et_al_2026,Mad River Low,MRL14-04,43,44,MRL14-04_44,0.5865,0.108780904,NA,NA,NA,NA,NA,NA,NA,NA,NA,NA,NA,NA,NA,NA,NA,NA,NA,NA
Brown_et_al_2026,Mad River Low,MRL14-04,44,45,MRL14-04_45,0.7075,0.084240283,NA,NA,NA,NA,NA,NA,NA,NA,NA,NA,NA,NA,NA,NA,NA,NA,NA,NA
Brown_et_al_2026,Mad River Low,MRL14-04,45,46,MRL14-04_46,0.7449,0.078399785,NA,NA,NA,NA,NA,NA,NA,NA,NA,NA,NA,NA,NA,NA,NA,NA,NA,NA
Brown_et_al_2026,Mad River Low,MRL14-04,46,47,MRL14-04_47,0.5497,0.096052392,NA,NA,NA,NA,NA,NA,NA,NA,NA,NA,NA,NA,NA,NA,NA,NA,NA,NA
Brown_et_al_2026,Mad River Low,MRL14-04,47,48,MRL14-04_48,1.1267,0.039850892,NA,NA,NA,NA,NA,NA,NA,NA,NA,NA,NA,NA,NA,NA,NA,NA,NA,NA
Brown_et_al_2026,Mad River Low,MRL14-04,48,49,MRL14-04_49,0.9627,0.05401475,NA,NA,NA,NA,NA,NA,NA,NA,NA,NA,NA,NA,NA,NA,NA,NA,NA,NA
Brown_et_al_2026,Mad River Low,MRL14-04,49,50,MRL14-04_50,1.0144,0.048895899,NA,NA,NA,NA,NA,NA,NA,NA,NA,NA,NA,NA,NA,NA,NA,NA,NA,NA
Brown_et_al_2026,Mad River Low,MRL14-04,50,51,MRL14-04_51,1.0763,0.051565549,NA,NA,NA,NA,NA,NA,NA,NA,NA,NA,NA,NA,NA,NA,NA,NA,NA,NA
Brown_et_al_2026,Mad River Low,MRL14-04,51,52,MRL14-04_52,0.8371,0.051606738,NA,NA,NA,NA,NA,NA,NA,NA,NA,NA,NA,NA,NA,NA,NA,NA,NA,NA
Brown_et_al_2026,Mad River Low,MRL14-04,52,53,MRL14-04_53,0.8693,0.048659841,NA,NA,NA,NA,NA,NA,NA,NA,NA,NA,NA,NA,NA,NA,NA,NA,NA,NA
Brown_et_al_2026,Mad River Low,MRL14-04,53,54,MRL14-04_54,0.8025,0.053208723,NA,NA,NA,NA,NA,NA,NA,NA,NA,NA,NA,NA,NA,NA,NA,NA,NA,NA
Brown_et_al_2026,Mad River Low,MRL14-04,54,55,MRL14-04_55,0.6592,0.11726335,NA,NA,NA,NA,NA,NA,NA,NA,NA,NA,NA,NA,NA,NA,NA,NA,NA,NA
Brown_et_al_2026,Mad River Low,MRL14-04,55,56,MRL14-04_56,1.0849,0.085722186,NA,NA,NA,NA,NA,NA,NA,NA,NA,NA,NA,NA,NA,NA,NA,NA,NA,NA
Brown_et_al_2026,Mad River Low,MRL14-04,56,57,MRL14-04_57,1.0469,0.08033241,NA,NA,NA,NA,NA,NA,NA,NA,NA,NA,NA,NA,NA,NA,NA,NA,NA,NA
Brown_et_al_2026,Mad River Low,MRL14-04,57,58,MRL14-04_58,1.0785,0.077607789,NA,NA,NA,NA,NA,NA,NA,NA,NA,NA,NA,NA,NA,NA,NA,NA,NA,NA
Brown_et_al_2026,Mad River Low,MRL14-04,58,59,MRL14-04_59,0.8777,0.079867836,NA,NA,NA,NA,NA,NA,NA,NA,NA,NA,NA,NA,NA,NA,NA,NA,NA,NA
Brown_et_al_2026,Mad River Low,MRL14-04,59,60,MRL14-04_60,1.0649,0.078786741,NA,NA,NA,NA,NA,NA,NA,NA,NA,NA,NA,NA,NA,NA,NA,NA,NA,NA
Brown_et_al_2026,Mad River Low,MRL14-04,60,61,MRL14-04_61,0.9077,0.073812934,NA,NA,NA,NA,NA,NA,NA,NA,NA,NA,NA,NA,NA,NA,NA,NA,NA,NA
Brown_et_al_2026,Mad River Low,MRL14-04,61,62,MRL14-04_62,1.0636,0.066002256,NA,NA,NA,NA,NA,NA,NA,NA,NA,NA,NA,NA,NA,NA,NA,NA,NA,NA
Brown_et_al_2026,Mad River Low,MRL14-04,62,63,MRL14-04_63,0.716,0.070251397,NA,NA,NA,NA,NA,NA,NA,NA,NA,NA,NA,NA,NA,NA,NA,NA,NA,NA
Brown_et_al_2026,Mad River Low,MRL14-04,63,64,MRL14-04_64,1.066,0.068198874,NA,NA,NA,NA,NA,NA,NA,NA,NA,NA,NA,NA,NA,NA,NA,NA,NA,NA
Brown_et_al_2026,Mad River Low,MRL14-04,64,65,MRL14-04_65,1.1207,0.067903989,NA,NA,NA,NA,NA,NA,NA,NA,NA,NA,NA,NA,NA,NA,NA,NA,NA,NA
Brown_et_al_2026,Mad River Low,MRL14-04,65,66,MRL14-04_66,1.1064,0.078452639,NA,NA,NA,NA,NA,NA,NA,NA,NA,NA,NA,NA,NA,NA,NA,NA,NA,NA
Brown_et_al_2026,Mad River Low,MRL14-04,66,67,MRL14-04_67,1.155,0.069437229,NA,NA,NA,NA,NA,NA,NA,NA,NA,NA,NA,NA,NA,NA,NA,NA,NA,NA
Brown_et_al_2026,Mad River Low,MRL14-04,67,68,MRL14-04_68,1.0454,0.063612015,NA,NA,NA,NA,NA,NA,NA,NA,NA,NA,NA,NA,NA,NA,NA,NA,NA,NA
Brown_et_al_2026,Mad River Low,MRL14-04,68,69,MRL14-04_69,1.0376,0.061680802,NA,NA,NA,NA,NA,NA,NA,NA,NA,NA,NA,NA,NA,NA,NA,NA,NA,NA
Brown_et_al_2026,Mad River Low,MRL14-04,69,70,MRL14-04_70,0.88,0.057727273,NA,NA,NA,NA,NA,NA,NA,NA,NA,NA,NA,NA,NA,NA,NA,NA,NA,NA
Brown_et_al_2026,Mad River Low,MRL14-04,70,71,MRL14-04_71,1.1494,0.052810162,NA,NA,NA,NA,NA,NA,NA,NA,NA,NA,NA,NA,NA,NA,NA,NA,NA,NA
Brown_et_al_2026,Mad River Low,MRL14-04,71,72,MRL14-04_72,0.7594,0.057018699,NA,NA,NA,NA,NA,NA,NA,NA,NA,NA,NA,NA,NA,NA,NA,NA,NA,NA
Brown_et_al_2026,Mad River Low,MRL14-04,72,73,MRL14-04_73,0.9633,0.05771826,NA,NA,NA,NA,NA,NA,NA,NA,NA,NA,NA,NA,NA,NA,NA,NA,NA,NA
Brown_et_al_2026,Mad River Low,MRL14-04,73,74,MRL14-04_74,0.9676,0.064799504,NA,NA,NA,NA,NA,NA,NA,NA,NA,NA,NA,NA,NA,NA,NA,NA,NA,NA
Brown_et_al_2026,Mad River Low,MRL14-04,74,75,MRL14-04_75,0.8567,0.060114392,NA,NA,NA,NA,NA,NA,NA,NA,NA,NA,NA,NA,NA,NA,NA,NA,NA,NA
Brown_et_al_2026,Mad River Low,MRL14-04,75,76,MRL14-04_76,0.8756,0.064869804,NA,NA,NA,NA,NA,NA,NA,NA,NA,NA,NA,NA,NA,NA,NA,NA,NA,NA
Brown_et_al_2026,Mad River Low,MRL14-04,76,77,MRL14-04_77,0.8246,0.060756731,NA,NA,NA,NA,NA,NA,NA,NA,NA,NA,NA,NA,NA,NA,NA,NA,NA,NA
Brown_et_al_2026,Mad River Low,MRL14-04,77,78,MRL14-04_78,0.8633,0.062087339,NA,NA,NA,NA,NA,NA,NA,NA,NA,NA,NA,NA,NA,NA,NA,NA,NA,NA
Brown_et_al_2026,Mad River Low,MRL14-04,78,79,MRL14-04_79,0.9195,0.06307776,NA,NA,NA,NA,NA,NA,NA,NA,NA,NA,NA,NA,NA,NA,NA,NA,NA,NA
Brown_et_al_2026,Mad River Low,MRL14-04,79,80,MRL14-04_80,0.7936,0.060231855,NA,NA,NA,NA,NA,NA,NA,NA,NA,NA,NA,NA,NA,NA,NA,NA,NA,NA
Brown_et_al_2026,Mad River Low,MRL14-04,80,81,MRL14-04_81,1.0052,0.047851174,NA,NA,NA,NA,NA,NA,NA,NA,NA,NA,NA,NA,NA,NA,NA,NA,NA,NA
Brown_et_al_2026,Mad River Low,MRL14-04,81,82,MRL14-04_82,0.8206,0.051913234,NA,NA,NA,NA,NA,NA,NA,NA,NA,NA,NA,NA,NA,NA,NA,NA,NA,NA
Brown_et_al_2026,Mad River Low,MRL14-04,82,83,MRL14-04_83,0.9026,0.051185464,NA,NA,NA,NA,NA,NA,NA,NA,NA,NA,NA,NA,NA,NA,NA,NA,NA,NA
Brown_et_al_2026,Mad River Low,MRL14-04,83,84,MRL14-04_84,0.8896,0.054294065,NA,NA,NA,NA,NA,NA,NA,NA,NA,NA,NA,NA,NA,NA,NA,NA,NA,NA
Brown_et_al_2026,Mad River Low,MRL14-04,84,85,MRL14-04_85,0.8155,0.054812998,NA,NA,NA,NA,NA,NA,NA,NA,NA,NA,NA,NA,NA,NA,NA,NA,NA,NA
Brown_et_al_2026,Mad River Low,MRL14-04,85,86,MRL14-04_86,0.9209,0.05266587,NA,NA,NA,NA,NA,NA,NA,NA,NA,NA,NA,NA,NA,NA,NA,NA,NA,NA
Brown_et_al_2026,Mad River Low,MRL14-04,86,87,MRL14-04_87,1.115,0.050852018,NA,NA,NA,NA,NA,NA,NA,NA,NA,NA,NA,NA,NA,NA,NA,NA,NA,NA
Brown_et_al_2026,Mad River Low,MRL14-04,87,88,MRL14-04_88,0.8209,0.058716043,NA,NA,NA,NA,NA,NA,NA,NA,NA,NA,NA,NA,NA,NA,NA,NA,NA,NA
Brown_et_al_2026,Mad River Low,MRL14-04,88,89,MRL14-04_89,0.8445,0.059917111,NA,NA,NA,NA,NA,NA,NA,NA,NA,NA,NA,NA,NA,NA,NA,NA,NA,NA
Brown_et_al_2026,Mad River Low,MRL14-04,89,90,MRL14-04_90,0.7525,0.05833887,NA,NA,NA,NA,NA,NA,NA,NA,NA,NA,NA,NA,NA,NA,NA,NA,NA,NA
Brown_et_al_2026,Mad River Low,MRL14-04,90,91,MRL14-04_91,0.4542,0.187362395,NA,NA,NA,NA,NA,NA,NA,NA,NA,NA,NA,NA,NA,NA,NA,NA,NA,NA
Brown_et_al_2026,Mad River Low,MRL14-04,91,92,MRL14-04_92,0.4555,0.215806806,NA,NA,NA,NA,NA,NA,NA,NA,NA,NA,NA,NA,NA,NA,NA,NA,NA,NA
Brown_et_al_2026,Mad River Low,MRL14-04,92,93,MRL14-04_93,0.5647,0.186824863,NA,NA,NA,NA,NA,NA,NA,NA,NA,NA,NA,NA,NA,NA,NA,NA,NA,NA
Brown_et_al_2026,Mad River Low,MRL14-04,93,94,MRL14-04_94,0.5012,0.17537909,NA,NA,NA,NA,NA,NA,NA,NA,NA,NA,NA,NA,NA,NA,NA,NA,NA,NA
Brown_et_al_2026,Mad River Low,MRL14-05,121,122,MRL14-05_122,NA,NA,NA,NA,NA,NA,NA,NA,NA,NA,405,20,terrestrial,MRL14-05 122,0.9509,0.002,-49.1,2,NA,NA
Brown_et_al_2026,Mad River Low,MRL14-06,117,118,MRL14-06_118,NA,NA,NA,NA,NA,NA,NA,NA,NA,NA,355,20,terrestrial,MRL14-06 118 .11mgC,0.9568,0.0021,-43.2,2.1,NA,NA
Brown_et_al_2026,Mad River Low,MRL14-10,0,1,MRL14-10_1,0.3712,0.246767241,NA,NA,NA,NA,NA,NA,NA,NA,NA,NA,NA,NA,NA,NA,NA,NA,NA,NA
Brown_et_al_2026,Mad River Low,MRL14-10,1,2,MRL14-10_2,0.3923,0.209023706,NA,NA,NA,NA,NA,NA,NA,NA,NA,NA,NA,NA,NA,NA,NA,NA,NA,NA
Brown_et_al_2026,Mad River Low,MRL14-10,2,3,MRL14-10_3,0.2973,0.208207198,2.966892268,3.59744684,26.03788308,19.66149219,49.47095003,18.13934834,23.97249457,6.456538576,NA,NA,NA,NA,NA,NA,NA,NA,NA,NA
Brown_et_al_2026,Mad River Low,MRL14-10,3,4,MRL14-10_4,0.3335,0.211394303,5.648727346,2.623548067,84.79725346,19.17068269,108.6853656,17.75649599,25.60951811,6.119810252,NA,NA,NA,NA,NA,NA,NA,NA,NA,NA
Brown_et_al_2026,Mad River Low,MRL14-10,4,5,MRL14-10_5,0.3381,0.250517598,NA,NA,NA,NA,NA,NA,NA,NA,NA,NA,NA,NA,NA,NA,NA,NA,NA,NA
Brown_et_al_2026,Mad River Low,MRL14-10,5,6,MRL14-10_6,0.3455,0.21910275,NA,NA,NA,NA,NA,NA,NA,NA,NA,NA,NA,NA,NA,NA,NA,NA,NA,NA
Brown_et_al_2026,Mad River Low,MRL14-10,6,7,MRL14-10_7,0.3415,0.209370425,NA,NA,NA,NA,NA,NA,NA,NA,NA,NA,NA,NA,NA,NA,NA,NA,NA,NA
Brown_et_al_2026,Mad River Low,MRL14-10,7,8,MRL14-10_8,0.2706,0.211751663,NA,NA,NA,NA,NA,NA,NA,NA,NA,NA,NA,NA,NA,NA,NA,NA,NA,NA
Brown_et_al_2026,Mad River Low,MRL14-10,8,9,MRL14-10_9,0.3108,0.177927928,NA,NA,NA,NA,NA,NA,NA,NA,NA,NA,NA,NA,NA,NA,NA,NA,NA,NA
Brown_et_al_2026,Mad River Low,MRL14-10,9,10,MRL14-10_10,0.2909,0.195943623,NA,NA,NA,NA,NA,NA,NA,NA,NA,NA,NA,NA,NA,NA,NA,NA,NA,NA
Brown_et_al_2026,Mad River Low,MRL14-10,10,11,MRL14-10_11,0.3556,0.193194601,NA,NA,NA,NA,NA,NA,NA,NA,NA,NA,NA,NA,NA,NA,NA,NA,NA,NA
Brown_et_al_2026,Mad River Low,MRL14-10,11,12,MRL14-10_12,0.2639,0.207275483,NA,NA,NA,NA,NA,NA,NA,NA,NA,NA,NA,NA,NA,NA,NA,NA,NA,NA
Brown_et_al_2026,Mad River Low,MRL14-10,12,13,MRL14-10_13,0.4409,0.164663189,NA,NA,NA,NA,NA,NA,NA,NA,NA,NA,NA,NA,NA,NA,NA,NA,NA,NA
Brown_et_al_2026,Mad River Low,MRL14-10,13,14,MRL14-10_14,0.316,0.177531646,NA,NA,NA,NA,NA,NA,NA,NA,NA,NA,NA,NA,NA,NA,NA,NA,NA,NA
Brown_et_al_2026,Mad River Low,MRL14-10,14,15,MRL14-10_15,0.3736,0.178533191,NA,NA,NA,NA,NA,NA,NA,NA,NA,NA,NA,NA,NA,NA,NA,NA,NA,NA
Brown_et_al_2026,Mad River Low,MRL14-10,15,16,MRL14-10_16,0.3621,0.17288042,NA,NA,NA,NA,NA,NA,NA,NA,NA,NA,NA,NA,NA,NA,NA,NA,NA,NA
Brown_et_al_2026,Mad River Low,MRL14-10,16,17,MRL14-10_17,0.3245,0.177503852,NA,NA,NA,NA,NA,NA,NA,NA,NA,NA,NA,NA,NA,NA,NA,NA,NA,NA
Brown_et_al_2026,Mad River Low,MRL14-10,17,18,MRL14-10_18,0.3569,0.236760998,NA,NA,NA,NA,NA,NA,NA,NA,NA,NA,NA,NA,NA,NA,NA,NA,NA,NA
Brown_et_al_2026,Mad River Low,MRL14-10,18,19,MRL14-10_19,0.4242,0.1718529,NA,NA,NA,NA,NA,NA,NA,NA,NA,NA,NA,NA,NA,NA,NA,NA,NA,NA
Brown_et_al_2026,Mad River Low,MRL14-10,19,20,MRL14-10_20,0.4532,0.175860547,12.91516629,3.485489365,39.85261569,19.15110238,60.96257017,17.87758656,21.94222419,5.656657619,NA,NA,NA,NA,NA,NA,NA,NA,NA,NA
Brown_et_al_2026,Mad River Low,MRL14-10,20,21,MRL14-10_21,0.3892,0.173175745,NA,NA,NA,NA,NA,NA,NA,NA,NA,NA,NA,NA,NA,NA,NA,NA,NA,NA
Brown_et_al_2026,Mad River Low,MRL14-10,21,22,MRL14-10_22,0.3643,0.178973374,NA,NA,NA,NA,NA,NA,NA,NA,NA,NA,NA,NA,NA,NA,NA,NA,NA,NA
Brown_et_al_2026,Mad River Low,MRL14-10,22,23,MRL14-10_23,0.416,0.162980769,NA,NA,NA,NA,NA,NA,NA,NA,NA,NA,NA,NA,NA,NA,NA,NA,NA,NA
Brown_et_al_2026,Mad River Low,MRL14-10,23,24,MRL14-10_24,0.4891,0.139030873,NA,NA,NA,NA,NA,NA,NA,NA,NA,NA,NA,NA,NA,NA,NA,NA,NA,NA
Brown_et_al_2026,Mad River Low,MRL14-10,24,25,MRL14-10_25,0.4381,0.165943848,NA,NA,NA,NA,NA,NA,NA,NA,NA,NA,NA,NA,NA,NA,NA,NA,NA,NA
Brown_et_al_2026,Mad River Low,MRL14-10,25,26,MRL14-10_26,0.6087,0.110234927,NA,NA,NA,NA,NA,NA,NA,NA,NA,NA,NA,NA,NA,NA,NA,NA,NA,NA
Brown_et_al_2026,Mad River Low,MRL14-10,26,27,MRL14-10_27,0.9095,0.058273777,NA,NA,NA,NA,NA,NA,NA,NA,NA,NA,NA,NA,NA,NA,NA,NA,NA,NA
Brown_et_al_2026,Mad River Low,MRL14-10,27,28,MRL14-10_28,1.0996,0.060021826,8.009398844,1.606359988,-2.984228379,10.33387021,38.72292069,8.76298511,41.6440815,5.053017712,NA,NA,NA,NA,NA,NA,NA,NA,NA,NA
Brown_et_al_2026,Mad River Low,MRL14-10,28,29,MRL14-10_29,1.193,0.056999162,NA,NA,NA,NA,NA,NA,NA,NA,NA,NA,NA,NA,NA,NA,NA,NA,NA,NA
Brown_et_al_2026,Mad River Low,MRL14-10,29,30,MRL14-10_30,0.8944,0.101408766,NA,NA,NA,NA,NA,NA,NA,NA,NA,NA,NA,NA,NA,NA,NA,NA,NA,NA
Brown_et_al_2026,Mad River Low,MRL14-10,30,31,MRL14-10_31,0.7449,0.146462612,NA,NA,NA,NA,NA,NA,NA,NA,NA,NA,NA,NA,NA,NA,NA,NA,NA,NA
Brown_et_al_2026,Mad River Low,MRL14-10,31,32,MRL14-10_32,0.3432,0.316142191,NA,NA,NA,NA,NA,NA,NA,NA,NA,NA,NA,NA,NA,NA,NA,NA,NA,NA
Brown_et_al_2026,Mad River Low,MRL14-10,32,33,MRL14-10_33,0.6707,0.160429402,NA,NA,NA,NA,NA,NA,NA,NA,NA,NA,NA,NA,NA,NA,NA,NA,NA,NA
Brown_et_al_2026,Mad River Low,MRL14-10,33,34,MRL14-10_34,0.655,0.120305344,NA,NA,NA,NA,NA,NA,NA,NA,NA,NA,NA,NA,NA,NA,NA,NA,NA,NA
Brown_et_al_2026,Mad River Low,MRL14-10,34,35,MRL14-10_35,0.697,0.104591105,NA,NA,NA,NA,NA,NA,NA,NA,NA,NA,NA,NA,NA,NA,NA,NA,NA,NA
Brown_et_al_2026,Mad River Low,MRL14-10,35,36,MRL14-10_36,1.0743,0.068975147,4.751920149,4.395157433,22.64143779,25.5701308,82.12036604,23.03376121,59.96119579,9.78368883,NA,NA,NA,NA,NA,NA,NA,NA,NA,NA
Brown_et_al_2026,Mad River Low,MRL14-10,36,37,MRL14-10_37,0.6927,0.119676628,NA,NA,NA,NA,NA,NA,NA,NA,NA,NA,NA,NA,NA,NA,NA,NA,NA,NA
Brown_et_al_2026,Mad River Low,MRL14-10,37,38,MRL14-10_38,0.785,0.105350319,NA,NA,NA,NA,NA,NA,NA,NA,NA,NA,NA,NA,NA,NA,NA,NA,NA,NA
Brown_et_al_2026,Mad River Low,MRL14-10,38,39,MRL14-10_39,0.7327,0.076429644,NA,NA,NA,NA,NA,NA,NA,NA,NA,NA,NA,NA,NA,NA,NA,NA,NA,NA
Brown_et_al_2026,Mad River Low,MRL14-10,39,40,MRL14-10_40,0.6861,0.082932517,NA,NA,NA,NA,NA,NA,NA,NA,NA,NA,NA,NA,NA,NA,NA,NA,NA,NA
Brown_et_al_2026,Mad River Low,MRL14-10,40,41,MRL14-10_41,0.9261,0.064247921,NA,NA,NA,NA,NA,NA,NA,NA,NA,NA,NA,NA,NA,NA,NA,NA,NA,NA
Brown_et_al_2026,Mad River Low,MRL14-10,41,42,MRL14-10_42,0.9313,0.073230967,NA,NA,NA,NA,NA,NA,NA,NA,NA,NA,NA,NA,NA,NA,NA,NA,NA,NA
Brown_et_al_2026,Mad River Low,MRL14-10,42,43,MRL14-10_43,0.9033,0.080704085,NA,NA,NA,NA,NA,NA,NA,NA,NA,NA,NA,NA,NA,NA,NA,NA,NA,NA
Brown_et_al_2026,Mad River Low,MRL14-10,43,44,MRL14-10_44,0.6038,0.147234184,NA,NA,NA,NA,NA,NA,NA,NA,NA,NA,NA,NA,NA,NA,NA,NA,NA,NA
Brown_et_al_2026,Mad River Low,MRL14-10,44,45,MRL14-10_45,0.9857,0.115958202,NA,NA,NA,NA,NA,NA,NA,NA,NA,NA,NA,NA,NA,NA,NA,NA,NA,NA
Brown_et_al_2026,Mad River Low,MRL14-10,45,46,MRL14-10_46,1.1923,0.075735972,NA,NA,NA,NA,NA,NA,NA,NA,NA,NA,NA,NA,NA,NA,NA,NA,NA,NA
Brown_et_al_2026,Mad River Low,MRL14-10,46,47,MRL14-10_47,1.2572,0.071269488,NA,NA,NA,NA,NA,NA,NA,NA,NA,NA,NA,NA,NA,NA,NA,NA,NA,NA
Brown_et_al_2026,Mad River Low,MRL14-10,47,48,MRL14-10_48,1.2472,0.074887749,NA,NA,NA,NA,NA,NA,NA,NA,NA,NA,NA,NA,NA,NA,NA,NA,NA,NA
Brown_et_al_2026,Mad River Low,MRL14-10,48,49,MRL14-10_49,1.2574,0.072132973,NA,NA,NA,NA,NA,NA,NA,NA,NA,NA,NA,NA,NA,NA,NA,NA,NA,NA
Brown_et_al_2026,Mad River Low,MRL14-10,49,50,MRL14-10_50,1.0828,0.07572959,NA,NA,NA,NA,NA,NA,NA,NA,NA,NA,NA,NA,NA,NA,NA,NA,NA,NA
Brown_et_al_2026,Mad River Low,MRL14-10,50,51,MRL14-10_51,1.069,0.073994387,NA,NA,NA,NA,NA,NA,NA,NA,NA,NA,NA,NA,NA,NA,NA,NA,NA,NA
Brown_et_al_2026,Mad River Low,MRL14-10,51,52,MRL14-10_52,0.923,0.075514626,NA,NA,NA,NA,NA,NA,NA,NA,NA,NA,NA,NA,NA,NA,NA,NA,NA,NA
Brown_et_al_2026,Mad River Low,MRL14-10,52,53,MRL14-10_53,1.0194,0.071512655,NA,NA,NA,NA,NA,NA,NA,NA,NA,NA,NA,NA,NA,NA,NA,NA,NA,NA
Brown_et_al_2026,Mad River Low,MRL14-10,53,54,MRL14-10_54,0.9351,0.069404342,NA,NA,NA,NA,NA,NA,NA,NA,NA,NA,NA,NA,NA,NA,NA,NA,NA,NA
Brown_et_al_2026,Mad River Low,MRL14-10,54,55,MRL14-10_55,0.9947,0.068764452,NA,NA,NA,NA,NA,NA,NA,NA,NA,NA,NA,NA,NA,NA,NA,NA,NA,NA
Brown_et_al_2026,Mad River Low,MRL14-10,55,56,MRL14-10_56,1.0053,0.072814085,-0.533977836,1.043068091,0.372696086,6.600597043,25.85036711,5.520807047,25.48573368,3.350212778,NA,NA,NA,NA,NA,NA,NA,NA,NA,NA
Brown_et_al_2026,Mad River Low,MRL14-10,56,57,MRL14-10_57,1.0407,0.071105986,NA,NA,NA,NA,NA,NA,NA,NA,NA,NA,NA,NA,NA,NA,NA,NA,NA,NA
Brown_et_al_2026,Mad River Low,MRL14-10,57,58,MRL14-10_58,0.951,0.067613039,NA,NA,NA,NA,NA,NA,NA,NA,NA,NA,NA,NA,NA,NA,NA,NA,NA,NA
Brown_et_al_2026,Mad River Low,MRL14-10,58,59,MRL14-10_59,1.1664,0.063700274,NA,NA,NA,NA,NA,NA,NA,NA,NA,NA,NA,NA,NA,NA,NA,NA,NA,NA
Brown_et_al_2026,Mad River Low,MRL14-10,59,60,MRL14-10_60,1.2193,0.065201345,NA,NA,NA,NA,NA,NA,NA,NA,NA,NA,NA,NA,NA,NA,NA,NA,NA,NA
Brown_et_al_2026,Mad River Low,MRL14-10,60,61,MRL14-10_61,1.0435,0.063248682,NA,NA,NA,NA,NA,NA,NA,NA,NA,NA,NA,NA,NA,NA,NA,NA,NA,NA
Brown_et_al_2026,Mad River Low,MRL14-10,61,62,MRL14-10_62,0.9656,0.067522784,NA,NA,NA,NA,NA,NA,NA,NA,NA,NA,NA,NA,NA,NA,NA,NA,NA,NA
Brown_et_al_2026,Mad River Low,MRL14-10,62,63,MRL14-10_63,1.0347,0.054508553,NA,NA,NA,NA,NA,NA,NA,NA,NA,NA,NA,NA,NA,NA,NA,NA,NA,NA
Brown_et_al_2026,Mad River Low,MRL14-10,63,64,MRL14-10_64,1.0391,0.055913772,NA,NA,NA,NA,NA,NA,NA,NA,NA,NA,NA,NA,NA,NA,NA,NA,NA,NA
Brown_et_al_2026,Mad River Low,MRL14-10,64,65,MRL14-10_65,1.0385,0.053731343,NA,NA,NA,NA,NA,NA,NA,NA,NA,NA,NA,NA,NA,NA,NA,NA,NA,NA
Brown_et_al_2026,Mad River Low,MRL14-10,65,66,MRL14-10_66,0.8354,0.05841513,NA,NA,NA,NA,NA,NA,NA,NA,NA,NA,NA,NA,NA,NA,NA,NA,NA,NA
Brown_et_al_2026,Mad River Low,MRL14-10,66,67,MRL14-10_67,1.0112,0.054489715,NA,NA,NA,NA,NA,NA,NA,NA,NA,NA,NA,NA,NA,NA,NA,NA,NA,NA
Brown_et_al_2026,Mad River Low,MRL14-10,67,68,MRL14-10_68,1.0254,0.055685586,NA,NA,NA,NA,NA,NA,NA,NA,NA,NA,NA,NA,NA,NA,NA,NA,NA,NA
Brown_et_al_2026,Mad River Low,MRL14-10,68,69,MRL14-10_69,0.98074,0.023186573,NA,NA,NA,NA,NA,NA,NA,NA,NA,NA,NA,NA,NA,NA,NA,NA,NA,NA
Brown_et_al_2026,Mad River Low,MRL14-10,69,70,MRL14-10_70,0.9503,0.054930022,NA,NA,NA,NA,NA,NA,NA,NA,NA,NA,NA,NA,NA,NA,NA,NA,NA,NA
Brown_et_al_2026,Mad River Low,MRL14-10,70,71,MRL14-10_71,0.9517,0.055479668,NA,NA,NA,NA,NA,NA,NA,NA,NA,NA,NA,NA,NA,NA,NA,NA,NA,NA
Brown_et_al_2026,Mad River Low,MRL14-10,71,72,MRL14-10_72,0.8682,0.056438609,NA,NA,NA,NA,NA,NA,NA,NA,NA,NA,NA,NA,NA,NA,NA,NA,NA,NA
Brown_et_al_2026,Mad River Low,MRL14-10,72,73,MRL14-10_73,0.8486,0.057035117,NA,NA,NA,NA,NA,NA,NA,NA,NA,NA,NA,NA,NA,NA,NA,NA,NA,NA
Brown_et_al_2026,Mad River Low,MRL14-10,73,74,MRL14-10_74,0.7971,0.057207377,NA,NA,NA,NA,NA,NA,NA,NA,NA,NA,NA,NA,NA,NA,NA,NA,NA,NA
Brown_et_al_2026,Mad River Low,MRL14-10,74,75,MRL14-10_75,0.7985,0.055729493,NA,NA,NA,NA,NA,NA,NA,NA,NA,NA,NA,NA,NA,NA,NA,NA,NA,NA
Brown_et_al_2026,Mad River Low,MRL14-10,75,76,MRL14-10_76,1.1078,0.053168442,NA,NA,NA,NA,NA,NA,NA,NA,NA,NA,NA,NA,NA,NA,NA,NA,NA,NA
Brown_et_al_2026,Mad River Low,MRL14-10,76,77,MRL14-10_77,1.3156,0.057996351,NA,NA,NA,NA,NA,NA,NA,NA,NA,NA,NA,NA,NA,NA,NA,NA,NA,NA
Brown_et_al_2026,Mad River Low,MRL14-10,77,78,MRL14-10_78,0.9339,0.056537102,NA,NA,NA,NA,NA,NA,NA,NA,NA,NA,NA,NA,NA,NA,NA,NA,NA,NA
Brown_et_al_2026,Mad River Low,MRL14-10,78,79,MRL14-10_79,0.8002,0.057985504,NA,NA,NA,NA,NA,NA,NA,NA,NA,NA,NA,NA,NA,NA,NA,NA,NA,NA
Brown_et_al_2026,Mad River Low,MRL14-10,79,80,MRL14-10_80,0.965,0.053989637,NA,NA,NA,NA,NA,NA,NA,NA,NA,NA,NA,NA,NA,NA,NA,NA,NA,NA
Brown_et_al_2026,Mad River Low,MRL14-10,80,81,MRL14-10_81,1.2026,0.048478297,NA,NA,NA,NA,NA,NA,NA,NA,NA,NA,NA,NA,NA,NA,NA,NA,NA,NA
Brown_et_al_2026,Mad River Low,MRL14-10,81,82,MRL14-10_82,1.1189,0.047814818,NA,NA,NA,NA,NA,NA,NA,NA,NA,NA,NA,NA,NA,NA,NA,NA,NA,NA
Brown_et_al_2026,Mad River Low,MRL14-10,82,83,MRL14-10_83,0.9877,0.052141338,NA,NA,NA,NA,NA,NA,NA,NA,NA,NA,NA,NA,NA,NA,NA,NA,NA,NA
Brown_et_al_2026,Mad River Low,MRL14-10,83,84,MRL14-10_84,1.0534,0.049553826,NA,NA,NA,NA,NA,NA,NA,NA,NA,NA,NA,NA,NA,NA,NA,NA,NA,NA
Brown_et_al_2026,Mad River Low,MRL14-10,84,85,MRL14-10_85,1.0092,0.051129608,NA,NA,NA,NA,NA,NA,NA,NA,NA,NA,NA,NA,NA,NA,NA,NA,NA,NA
Brown_et_al_2026,Mad River Low,MRL14-10,85,86,MRL14-10_86,1.183,0.048182587,NA,NA,NA,NA,NA,NA,NA,NA,NA,NA,NA,NA,NA,NA,NA,NA,NA,NA
Brown_et_al_2026,Mad River Low,MRL14-10,86,87,MRL14-10_87,1.0078,0.044949395,NA,NA,NA,NA,NA,NA,NA,NA,NA,NA,NA,NA,NA,NA,NA,NA,NA,NA
Brown_et_al_2026,Mad River Low,MRL14-10,87,88,MRL14-10_88,1.0737,0.043587594,NA,NA,NA,NA,NA,NA,NA,NA,NA,NA,NA,NA,NA,NA,NA,NA,NA,NA
Brown_et_al_2026,Mad River Low,MRL14-10,88,89,MRL14-10_89,0.8356,0.050023935,NA,NA,NA,NA,NA,NA,NA,NA,NA,NA,NA,NA,NA,NA,NA,NA,NA,NA
Brown_et_al_2026,Mad River Low,MRL14-10,89,90,MRL14-10_90,1.1952,0.050033467,NA,NA,NA,NA,NA,NA,NA,NA,NA,NA,NA,NA,NA,NA,NA,NA,NA,NA
Brown_et_al_2026,Mad River Low,MRL14-10,90,91,MRL14-10_91,1.0855,0.048825426,NA,NA,NA,NA,NA,NA,NA,NA,NA,NA,NA,NA,NA,NA,NA,NA,NA,NA
Brown_et_al_2026,Mad River Low,MRL14-10,91,92,MRL14-10_92,1.1078,0.045585846,NA,NA,NA,NA,NA,NA,NA,NA,NA,NA,NA,NA,NA,NA,NA,NA,NA,NA
Brown_et_al_2026,Mad River Low,MRL14-10,92,93,MRL14-10_93,0.9331,0.048012003,NA,NA,NA,NA,NA,NA,NA,NA,NA,NA,NA,NA,NA,NA,NA,NA,NA,NA
Brown_et_al_2026,Mad River Low,MRL14-10,93,94,MRL14-10_94,1.0539,0.051428029,NA,NA,NA,NA,NA,NA,NA,NA,NA,NA,NA,NA,NA,NA,NA,NA,NA,NA
Brown_et_al_2026,Mad River Low,MRL14-10,94,95,MRL14-10_95,1.1288,0.048724309,NA,NA,NA,NA,NA,NA,NA,NA,NA,NA,NA,NA,NA,NA,NA,NA,NA,NA
Brown_et_al_2026,Mad River Low,MRL14-10,95,96,MRL14-10_96,1.0883,0.056877699,NA,NA,NA,NA,NA,NA,NA,NA,NA,NA,NA,NA,NA,NA,NA,NA,NA,NA
Brown_et_al_2026,Mad River Low,MRL14-10,96,97,MRL14-10_97,0.9269,0.054051138,NA,NA,NA,NA,NA,NA,NA,NA,NA,NA,NA,NA,NA,NA,NA,NA,NA,NA
Brown_et_al_2026,Mad River Low,MRL14-10,97,98,MRL14-10_98,1.0388,0.053138236,NA,NA,NA,NA,NA,NA,NA,NA,NA,NA,NA,NA,NA,NA,NA,NA,NA,NA
Brown_et_al_2026,Mad River Low,MRL16-12,0,1,MRL16-12_1,0.5708,0.151541696,NA,NA,NA,NA,NA,NA,NA,NA,NA,NA,NA,NA,NA,NA,NA,NA,NA,NA
Brown_et_al_2026,Mad River Low,MRL16-12,1,2,MRL16-12_2,0.4354,0.172944419,NA,NA,NA,NA,NA,NA,NA,NA,NA,NA,NA,NA,NA,NA,NA,NA,NA,NA
Brown_et_al_2026,Mad River Low,MRL16-12,2,3,MRL16-12_3,0.4216,0.19971537,NA,NA,NA,NA,NA,NA,NA,NA,NA,NA,NA,NA,NA,NA,NA,NA,NA,NA
Brown_et_al_2026,Mad River Low,MRL16-12,3,4,MRL16-12_4,0.404,0.206435644,5.405129914,0.741234792,65.69343001,6.284447681,81.19549529,5.557636045,18.77218143,2.184696692,NA,NA,NA,NA,NA,NA,NA,NA,NA,NA
Brown_et_al_2026,Mad River Low,MRL16-12,4,5,MRL16-12_5,0.414,0.205797101,NA,NA,NA,NA,NA,NA,NA,NA,NA,NA,NA,NA,NA,NA,NA,NA,NA,NA
Brown_et_al_2026,Mad River Low,MRL16-12,5,6,MRL16-12_6,0.4462,0.172568355,NA,NA,NA,NA,NA,NA,NA,NA,NA,NA,NA,NA,NA,NA,NA,NA,NA,NA
Brown_et_al_2026,Mad River Low,MRL16-12,6,7,MRL16-12_7,0.3974,0.194765979,NA,NA,NA,NA,NA,NA,NA,NA,NA,NA,NA,NA,NA,NA,NA,NA,NA,NA
Brown_et_al_2026,Mad River Low,MRL16-12,7,8,MRL16-12_8,0.3878,0.187983497,6.192105389,0.916244834,57.65907746,7.062506402,74.27016027,6.25648274,19.49058577,2.424436106,NA,NA,NA,NA,NA,NA,NA,NA,NA,NA
Brown_et_al_2026,Mad River Low,MRL16-12,8,9,MRL16-12_9,0.4086,0.162750857,NA,NA,NA,NA,NA,NA,NA,NA,NA,NA,NA,NA,NA,NA,NA,NA,NA,NA
Brown_et_al_2026,Mad River Low,MRL16-12,9,10,MRL16-12_10,0.4441,0.156721459,NA,NA,NA,NA,NA,NA,NA,NA,NA,NA,NA,NA,NA,NA,NA,NA,NA,NA
Brown_et_al_2026,Mad River Low,MRL16-12,10,11,MRL16-12_11,0.4376,0.157221207,NA,NA,NA,NA,NA,NA,NA,NA,NA,NA,NA,NA,NA,NA,NA,NA,NA,NA
Brown_et_al_2026,Mad River Low,MRL16-12,11,12,MRL16-12_12,0.3977,0.154136284,NA,NA,NA,NA,NA,NA,NA,NA,NA,NA,NA,NA,NA,NA,NA,NA,NA,NA
Brown_et_al_2026,Mad River Low,MRL16-12,12,13,MRL16-12_13,0.3632,0.186123348,NA,NA,NA,NA,NA,NA,NA,NA,NA,NA,NA,NA,NA,NA,NA,NA,NA,NA
Brown_et_al_2026,Mad River Low,MRL16-12,13,14,MRL16-12_14,0.3963,0.188998234,NA,NA,NA,NA,NA,NA,NA,NA,NA,NA,NA,NA,NA,NA,NA,NA,NA,NA
Brown_et_al_2026,Mad River Low,MRL16-12,14,15,MRL16-12_15,0.4115,0.170838396,NA,NA,NA,NA,NA,NA,NA,NA,NA,NA,NA,NA,NA,NA,NA,NA,NA,NA
Brown_et_al_2026,Mad River Low,MRL16-12,15,16,MRL16-12_16,0.4849,0.136316766,6.245018184,0.927123285,26.37995006,6.495550964,45.38384812,5.658846177,20.32558199,2.459215567,NA,NA,NA,NA,NA,NA,NA,NA,NA,NA
Brown_et_al_2026,Mad River Low,MRL16-12,16,17,MRL16-12_17,0.6895,0.099492386,NA,NA,NA,NA,NA,NA,NA,NA,NA,NA,NA,NA,NA,NA,NA,NA,NA,NA
Brown_et_al_2026,Mad River Low,MRL16-12,17,18,MRL16-12_18,0.5814,0.112831097,NA,NA,NA,NA,NA,NA,NA,NA,NA,NA,NA,NA,NA,NA,NA,NA,NA,NA
Brown_et_al_2026,Mad River Low,MRL16-12,18,19,MRL16-12_19,0.4385,0.162599772,NA,NA,NA,NA,NA,NA,NA,NA,NA,NA,NA,NA,NA,NA,NA,NA,NA,NA
Brown_et_al_2026,Mad River Low,MRL16-12,19,20,MRL16-12_20,0.4936,0.142220421,11.36622248,1.03052642,15.50873875,6.876906106,36.19968183,5.974086049,21.4704665,2.639603441,NA,NA,NA,NA,NA,NA,NA,NA,NA,NA
Brown_et_al_2026,Mad River Low,MRL16-12,20,21,MRL16-12_21,0.4078,0.185630211,NA,NA,NA,NA,NA,NA,NA,NA,NA,NA,NA,NA,NA,NA,NA,NA,NA,NA
Brown_et_al_2026,Mad River Low,MRL16-12,21,22,MRL16-12_22,0.3893,0.198561521,NA,NA,NA,NA,NA,NA,NA,NA,NA,NA,NA,NA,NA,NA,NA,NA,NA,NA
Brown_et_al_2026,Mad River Low,MRL16-12,22,23,MRL16-12_23,0.3897,0.222222222,NA,NA,NA,NA,NA,NA,NA,NA,NA,NA,NA,NA,NA,NA,NA,NA,NA,NA
Brown_et_al_2026,Mad River Low,MRL16-12,23,24,MRL16-12_24,0.4279,0.169198411,NA,NA,NA,NA,NA,NA,NA,NA,NA,NA,NA,NA,NA,NA,NA,NA,NA,NA
Brown_et_al_2026,Mad River Low,MRL16-12,24,25,MRL16-12_25,0.4814,0.157041961,NA,NA,NA,NA,NA,NA,NA,NA,NA,NA,NA,NA,NA,NA,NA,NA,NA,NA
Brown_et_al_2026,Mad River Low,MRL16-12,25,26,MRL16-12_26,0.4599,0.173950859,NA,NA,NA,NA,NA,NA,NA,NA,NA,NA,NA,NA,NA,NA,NA,NA,NA,NA
Brown_et_al_2026,Mad River Low,MRL16-12,26,27,MRL16-12_27,0.5654,0.12009197,NA,NA,NA,NA,NA,NA,NA,NA,NA,NA,NA,NA,NA,NA,NA,NA,NA,NA
Brown_et_al_2026,Mad River Low,MRL16-12,27,28,MRL16-12_28,0.6404,0.125234229,13.42584969,1.04488348,16.24644613,6.32853613,40.00566775,5.296949054,24.57845073,2.838211783,NA,NA,NA,NA,NA,NA,NA,NA,NA,NA
Brown_et_al_2026,Mad River Low,MRL16-12,28,29,MRL16-12_29,0.943,0.07592789,NA,NA,NA,NA,NA,NA,NA,NA,NA,NA,NA,NA,NA,NA,NA,NA,NA,NA
Brown_et_al_2026,Mad River Low,MRL16-12,29,30,MRL16-12_30,1.0026,0.057151406,NA,NA,NA,NA,NA,NA,NA,NA,NA,NA,NA,NA,NA,NA,NA,NA,NA,NA
Brown_et_al_2026,Mad River Low,MRL16-12,30,31,MRL16-12_31,0.7259,0.119713459,NA,NA,NA,NA,NA,NA,NA,NA,NA,NA,NA,NA,NA,NA,NA,NA,NA,NA
Brown_et_al_2026,Mad River Low,MRL16-12,31,32,MRL16-12_32,0.4644,0.254737295,NA,NA,NA,NA,NA,NA,NA,NA,NA,NA,NA,NA,NA,NA,NA,NA,NA,NA
Brown_et_al_2026,Mad River Low,MRL16-12,32,33,MRL16-12_33,0.4569,0.191289122,NA,NA,NA,NA,NA,NA,NA,NA,NA,NA,NA,NA,NA,NA,NA,NA,NA,NA
Brown_et_al_2026,Mad River Low,MRL16-12,33,34,MRL16-12_34,0.8179,0.093165424,6.867399837,0.735884464,1.759751188,5.025886879,26.75658533,3.887215835,25.0858542,2.767333834,NA,NA,NA,NA,NA,NA,NA,NA,NA,NA
Brown_et_al_2026,Mad River Low,MRL16-12,34,35,MRL16-12_35,1.0071,0.066329064,NA,NA,NA,NA,NA,NA,NA,NA,NA,NA,NA,NA,NA,NA,NA,NA,NA,NA
Brown_et_al_2026,Mad River Low,MRL16-12,35,36,MRL16-12_36,0.7361,0.070235022,NA,NA,NA,NA,NA,NA,NA,NA,NA,NA,NA,NA,NA,NA,NA,NA,NA,NA
Brown_et_al_2026,Mad River Low,MRL16-12,36,37,MRL16-12_37,0.841,0.074673008,NA,NA,NA,NA,NA,NA,NA,NA,NA,NA,NA,NA,NA,NA,NA,NA,NA,NA
Brown_et_al_2026,Mad River Low,MRL16-12,37,38,MRL16-12_38,0.7279,0.079818656,2.218004975,0.628673693,5.047792599,5.207289815,29.53144911,4.081684288,24.73982345,2.788079227,NA,NA,NA,NA,NA,NA,NA,NA,NA,NA
Brown_et_al_2026,Mad River Low,MRL16-12,38,39,MRL16-12_39,0.7891,0.068685845,NA,NA,NA,NA,NA,NA,NA,NA,NA,NA,NA,NA,NA,NA,NA,NA,NA,NA
Brown_et_al_2026,Mad River Low,MRL16-12,39,40,MRL16-12_40,0.8091,0.060313929,1.397352724,0.550372931,1.830567518,4.894932274,27.48220354,3.725150751,25.7449778,2.775320582,NA,NA,NA,NA,NA,NA,NA,NA,NA,NA
Brown_et_al_2026,Mad River Low,MRL16-12,40,41,MRL16-12_41,0.586,0.20221843,NA,NA,NA,NA,NA,NA,NA,NA,NA,NA,NA,NA,NA,NA,NA,NA,NA,NA
Brown_et_al_2026,Mad River Low,MRL16-12,41,42,MRL16-12_42,0.6451,0.200744071,NA,NA,NA,NA,NA,NA,NA,NA,NA,NA,NA,NA,NA,NA,NA,NA,NA,NA
Brown_et_al_2026,Mad River Low,MRL16-12,42,43,MRL16-12_43,1.0881,0.083815826,NA,NA,NA,NA,NA,NA,NA,NA,NA,NA,NA,NA,NA,NA,NA,NA,NA,NA
Brown_et_al_2026,Mad River Low,MRL16-12,43,44,MRL16-12_44,1.0194,0.080145183,NA,NA,NA,NA,NA,NA,NA,NA,NA,NA,NA,NA,NA,NA,NA,NA,NA,NA
Brown_et_al_2026,Mad River Low,MRL16-12,44,45,MRL16-12_45,1.1801,0.074485213,NA,NA,NA,NA,NA,NA,NA,NA,NA,NA,NA,NA,NA,NA,NA,NA,NA,NA
Brown_et_al_2026,Mad River Low,MRL16-12,45,46,MRL16-12_46,1.2103,0.061802859,NA,NA,NA,NA,NA,NA,NA,NA,NA,NA,NA,NA,NA,NA,NA,NA,NA,NA
Brown_et_al_2026,Mad River Low,MRL16-12,46,47,MRL16-12_47,1.0698,0.074593382,NA,NA,NA,NA,NA,NA,NA,NA,NA,NA,NA,NA,NA,NA,NA,NA,NA,NA
Brown_et_al_2026,Mad River Low,MRL16-12,47,48,MRL16-12_48,1.0914,0.077789995,-0.603664602,0.43339553,2.392040355,4.440491012,28.29041006,3.18859854,26.02053451,2.754665678,NA,NA,NA,NA,NA,NA,NA,NA,NA,NA
Brown_et_al_2026,Mad River Low,MRL16-12,48,49,MRL16-12_49,1.1709,0.064992741,NA,NA,NA,NA,NA,NA,NA,NA,NA,NA,NA,NA,NA,NA,NA,NA,NA,NA
Brown_et_al_2026,Mad River Low,MRL16-12,49,50,MRL16-12_50,1.1768,0.072144799,NA,NA,NA,NA,NA,NA,NA,NA,NA,NA,NA,NA,NA,NA,NA,NA,NA,NA
Brown_et_al_2026,Mad River Low,MRL16-12,50,51,MRL16-12_51,0.9665,0.062700466,NA,NA,NA,NA,NA,NA,NA,NA,NA,NA,NA,NA,NA,NA,NA,NA,NA,NA
Brown_et_al_2026,Mad River Low,MRL16-12,51,52,MRL16-12_52,1.1791,0.056229327,NA,NA,NA,NA,NA,NA,NA,NA,NA,NA,NA,NA,NA,NA,NA,NA,NA,NA
Brown_et_al_2026,Mad River Low,MRL16-12,52,53,MRL16-12_53,1.1141,0.06004847,NA,NA,NA,NA,NA,NA,NA,NA,NA,NA,NA,NA,NA,NA,NA,NA,NA,NA
Brown_et_al_2026,Mad River Low,MRL16-12,53,54,MRL16-12_54,1.0466,0.059430537,NA,NA,NA,NA,NA,NA,NA,NA,NA,NA,NA,NA,NA,NA,NA,NA,NA,NA
Brown_et_al_2026,Mad River Low,MRL16-12,54,55,MRL16-12_55,1.187,0.057961247,NA,NA,NA,NA,NA,NA,NA,NA,NA,NA,NA,NA,NA,NA,NA,NA,NA,NA
Brown_et_al_2026,Mad River Low,MRL16-12,55,56,MRL16-12_56,1.0441,0.05976439,NA,NA,NA,NA,NA,NA,NA,NA,NA,NA,NA,NA,NA,NA,NA,NA,NA,NA
Brown_et_al_2026,Mad River Low,MRL16-12,56,57,MRL16-12_57,1.1726,0.061913696,NA,NA,NA,NA,NA,NA,NA,NA,NA,NA,NA,NA,NA,NA,NA,NA,NA,NA
Brown_et_al_2026,Mad River Low,MRL16-12,57,58,MRL16-12_58,1.0829,0.05485271,NA,NA,NA,NA,NA,NA,NA,NA,NA,NA,NA,NA,NA,NA,NA,NA,NA,NA
Brown_et_al_2026,Mad River Low,MRL16-12,58,59,MRL16-12_59,1.1771,0.051992184,NA,NA,NA,NA,NA,NA,NA,NA,NA,NA,NA,NA,NA,NA,NA,NA,NA,NA
Brown_et_al_2026,Mad River Low,MRL16-12,59,60,MRL16-12_60,1.0211,0.054842817,NA,NA,NA,NA,NA,NA,NA,NA,NA,NA,NA,NA,NA,NA,NA,NA,NA,NA
Brown_et_al_2026,Mad River Low,MRL16-12,60,61,MRL16-12_61,0.9223,0.056597636,NA,NA,NA,NA,NA,NA,NA,NA,NA,NA,NA,NA,NA,NA,NA,NA,NA,NA
Brown_et_al_2026,Mad River Low,MRL16-12,61,62,MRL16-12_62,0.9739,0.069308964,NA,NA,NA,NA,NA,NA,NA,NA,NA,NA,NA,NA,NA,NA,NA,NA,NA,NA
Brown_et_al_2026,Mad River Low,MRL16-12,62,63,MRL16-12_63,1.5076,0.03475723,NA,NA,NA,NA,NA,NA,NA,NA,NA,NA,NA,NA,NA,NA,NA,NA,NA,NA
Brown_et_al_2026,Mad River Low,MRL16-12,63,64,MRL16-12_64,1.0145,0.0639724,NA,NA,NA,NA,NA,NA,NA,NA,NA,NA,NA,NA,NA,NA,NA,NA,NA,NA
Brown_et_al_2026,Mad River Low,MRL16-12,64,65,MRL16-12_65,0.8513,0.064254669,NA,NA,NA,NA,NA,NA,NA,NA,NA,NA,NA,NA,NA,NA,NA,NA,NA,NA
Brown_et_al_2026,Mad River Low,MRL16-12,65,66,MRL16-12_66,0.9332,0.060544363,NA,NA,NA,NA,NA,NA,NA,NA,NA,NA,NA,NA,NA,NA,NA,NA,NA,NA
Brown_et_al_2026,Mad River Low,MRL16-12,66,67,MRL16-12_67,0.9633,0.058548739,NA,NA,NA,NA,NA,NA,NA,NA,NA,NA,NA,NA,NA,NA,NA,NA,NA,NA
Brown_et_al_2026,Mad River Low,MRL16-12,67,68,MRL16-12_68,1.1352,0.05611346,NA,NA,NA,NA,NA,NA,NA,NA,NA,NA,NA,NA,NA,NA,NA,NA,NA,NA
Brown_et_al_2026,Mad River Low,MRL16-12,68,69,MRL16-12_69,1.0675,0.049367681,NA,NA,NA,NA,NA,NA,NA,NA,NA,NA,NA,NA,NA,NA,NA,NA,NA,NA
Brown_et_al_2026,Mad River Low,MRL16-12,69,70,MRL16-12_70,1.0093,0.052214406,NA,NA,NA,NA,NA,NA,NA,NA,NA,NA,NA,NA,NA,NA,NA,NA,NA,NA
Brown_et_al_2026,Mad River Low,MRL16-12,70,71,MRL16-12_71,1.0423,0.052192267,NA,NA,NA,NA,NA,NA,NA,NA,NA,NA,NA,NA,NA,NA,NA,NA,NA,NA
Brown_et_al_2026,Mad River Low,MRL16-12,71,72,MRL16-12_72,0.9931,0.044406404,NA,NA,NA,NA,NA,NA,NA,NA,NA,NA,NA,NA,NA,NA,NA,NA,NA,NA
Brown_et_al_2026,Mad River Low,MRL16-12,72,73,MRL16-12_73,1.2119,0.04191765,NA,NA,NA,NA,NA,NA,NA,NA,NA,NA,NA,NA,NA,NA,NA,NA,NA,NA
Brown_et_al_2026,Mad River Low,MRL16-12,73,74,MRL16-12_74,1.1746,0.047335263,NA,NA,NA,NA,NA,NA,NA,NA,NA,NA,NA,NA,NA,NA,NA,NA,NA,NA
Brown_et_al_2026,Mad River Low,MRL16-12,74,75,MRL16-12_75,1.0368,0.048804012,NA,NA,NA,NA,NA,NA,NA,NA,NA,NA,NA,NA,NA,NA,NA,NA,NA,NA
Brown_et_al_2026,Mad River Low,MRL16-12,75,76,MRL16-12_76,0.9946,0.047958978,NA,NA,NA,NA,NA,NA,NA,NA,NA,NA,NA,NA,NA,NA,NA,NA,NA,NA
Brown_et_al_2026,Mad River Low,MRL16-12,76,77,MRL16-12_77,1.0542,0.046670461,NA,NA,NA,NA,NA,NA,NA,NA,NA,NA,NA,NA,NA,NA,NA,NA,NA,NA
Brown_et_al_2026,Mad River Low,MRL16-12,77,78,MRL16-12_78,0.9722,0.051635466,NA,NA,NA,NA,NA,NA,NA,NA,NA,NA,NA,NA,NA,NA,NA,NA,NA,NA
Brown_et_al_2026,Mad River Low,MRL16-12,78,79,MRL16-12_79,1.0204,0.046060368,NA,NA,NA,NA,NA,NA,NA,NA,NA,NA,NA,NA,NA,NA,NA,NA,NA,NA
Brown_et_al_2026,Mad River Low,MRL16-12,79,80,MRL16-12_80,1.0302,0.043389633,NA,NA,NA,NA,NA,NA,NA,NA,NA,NA,NA,NA,NA,NA,NA,NA,NA,NA
Brown_et_al_2026,Mad River Low,MRL16-12,80,81,MRL16-12_81,1.2111,0.043101313,NA,NA,NA,NA,NA,NA,NA,NA,NA,NA,NA,NA,NA,NA,NA,NA,NA,NA
Brown_et_al_2026,Mad River Low,MRL16-12,81,82,MRL16-12_82,1.0851,0.04617086,NA,NA,NA,NA,NA,NA,NA,NA,NA,NA,NA,NA,NA,NA,NA,NA,NA,NA
Brown_et_al_2026,Mad River Low,MRL16-12,82,83,MRL16-12_83,1.1647,0.044217395,NA,NA,NA,NA,NA,NA,NA,NA,NA,NA,NA,NA,NA,NA,NA,NA,NA,NA
Brown_et_al_2026,Mad River Low,MRL16-12,83,84,MRL16-12_84,1.2285,0.045746846,NA,NA,NA,NA,NA,NA,NA,NA,NA,NA,NA,NA,NA,NA,NA,NA,NA,NA
Brown_et_al_2026,Mad River Low,MRL16-12,84,85,MRL16-12_85,1.2648,0.045066414,NA,NA,NA,NA,NA,NA,NA,NA,NA,NA,NA,NA,NA,NA,NA,NA,NA,NA
Brown_et_al_2026,Mad River Low,MRL16-12,85,86,MRL16-12_86,1.0957,0.043716346,NA,NA,NA,NA,NA,NA,NA,NA,NA,NA,NA,NA,NA,NA,NA,NA,NA,NA
Brown_et_al_2026,Mad River Low,MRL16-12,86,87,MRL16-12_87,1.0624,0.043204066,NA,NA,NA,NA,NA,NA,NA,NA,NA,NA,NA,NA,NA,NA,NA,NA,NA,NA
Brown_et_al_2026,Mad River Low,MRL16-12,87,88,MRL16-12_88,1.093,0.04473925,NA,NA,NA,NA,NA,NA,NA,NA,NA,NA,NA,NA,NA,NA,NA,NA,NA,NA
Brown_et_al_2026,Mad River Low,MRL16-12,88,89,MRL16-12_89,1.0374,0.045305572,NA,NA,NA,NA,NA,NA,NA,NA,NA,NA,NA,NA,NA,NA,NA,NA,NA,NA
Brown_et_al_2026,Mad River Low,MRL16-12,89,90,MRL16-12_90,1.0714,0.043494493,NA,NA,NA,NA,NA,NA,NA,NA,NA,NA,NA,NA,NA,NA,NA,NA,NA,NA
Brown_et_al_2026,Mad River Low,MRL16-12,90,91,MRL16-12_91,0.9366,0.046658125,NA,NA,NA,NA,NA,NA,NA,NA,NA,NA,NA,NA,NA,NA,NA,NA,NA,NA
Brown_et_al_2026,Mad River Low,MRL16-12,91,92,MRL16-12_92,1.327,0.042954032,NA,NA,NA,NA,NA,NA,NA,NA,NA,NA,NA,NA,NA,NA,NA,NA,NA,NA
Brown_et_al_2026,Mad River Low,MRL16-12,92,93,MRL16-12_93,1.1339,0.041626246,NA,NA,NA,NA,NA,NA,NA,NA,NA,NA,NA,NA,NA,NA,NA,NA,NA,NA
Brown_et_al_2026,Mad River Low,MRL16-12,93,94,MRL16-12_94,1.1693,0.044898657,NA,NA,NA,NA,NA,NA,NA,NA,NA,NA,NA,NA,NA,NA,NA,NA,NA,NA
Brown_et_al_2026,Mad River Low,MRL16-12,94,95,MRL16-12_95,1.4099,0.044896801,NA,NA,NA,NA,NA,NA,NA,NA,NA,NA,NA,NA,NA,NA,NA,NA,NA,NA
Brown_et_al_2026,Mad River Low,MRL16-12,95,96,MRL16-12_96,1.4933,0.046273354,NA,NA,NA,NA,NA,NA,NA,NA,NA,NA,NA,NA,NA,NA,NA,NA,NA,NA
Brown_et_al_2026,Mad River Low,MRL16-12,96,97,MRL16-12_97,1.6015,0.047955042,NA,NA,NA,NA,NA,NA,NA,NA,NA,NA,NA,NA,NA,NA,NA,NA,NA,NA
Brown_et_al_2026,Mad River Low,MRL16-12,97,98,MRL16-12_98,1.1251,0.045684828,NA,NA,NA,NA,NA,NA,NA,NA,NA,NA,NA,NA,NA,NA,NA,NA,NA,NA
Brown_et_al_2026,Mad River Low,MRL16-12,98,99,MRL16-12_99,1.1297,0.047534744,NA,NA,NA,NA,NA,NA,NA,NA,NA,NA,NA,NA,NA,NA,NA,NA,NA,NA
Brown_et_al_2026,Mad River Low,MRL16-12,99,100,MRL16-12_100,1.0795,0.049559981,NA,NA,NA,NA,NA,NA,NA,NA,NA,NA,NA,NA,NA,NA,NA,NA,NA,NA
Brown_et_al_2026,Mad River Low,MRL16-13,0,1,MRL16-13_1,0.4939,0.157926706,NA,NA,NA,NA,NA,NA,NA,NA,NA,NA,NA,NA,NA,NA,NA,NA,NA,NA
Brown_et_al_2026,Mad River Low,MRL16-13,1,2,MRL16-13_2,0.2383,0.22660512,NA,NA,NA,NA,NA,NA,NA,NA,NA,NA,NA,NA,NA,NA,NA,NA,NA,NA
Brown_et_al_2026,Mad River Low,MRL16-13,2,3,MRL16-13_3,0.4085,0.201713586,NA,NA,NA,NA,NA,NA,NA,NA,NA,NA,NA,NA,NA,NA,NA,NA,NA,NA
Brown_et_al_2026,Mad River Low,MRL16-13,3,4,MRL16-13_4,0.3563,0.227617177,NA,NA,NA,NA,NA,NA,NA,NA,NA,NA,NA,NA,NA,NA,NA,NA,NA,NA
Brown_et_al_2026,Mad River Low,MRL16-13,4,5,MRL16-13_5,0.5057,0.182321535,NA,NA,NA,NA,NA,NA,NA,NA,NA,NA,NA,NA,NA,NA,NA,NA,NA,NA
Brown_et_al_2026,Mad River Low,MRL16-13,5,6,MRL16-13_6,0.4441,0.180139608,NA,NA,NA,NA,NA,NA,NA,NA,NA,NA,NA,NA,NA,NA,NA,NA,NA,NA
Brown_et_al_2026,Mad River Low,MRL16-13,6,7,MRL16-13_7,0.6614,0.145600242,NA,NA,NA,NA,NA,NA,NA,NA,NA,NA,NA,NA,NA,NA,NA,NA,NA,NA
Brown_et_al_2026,Mad River Low,MRL16-13,7,8,MRL16-13_8,0.601,0.145424293,NA,NA,NA,NA,NA,NA,NA,NA,NA,NA,NA,NA,NA,NA,NA,NA,NA,NA
Brown_et_al_2026,Mad River Low,MRL16-13,8,9,MRL16-13_9,0.5385,0.157103064,NA,NA,NA,NA,NA,NA,NA,NA,NA,NA,NA,NA,NA,NA,NA,NA,NA,NA
Brown_et_al_2026,Mad River Low,MRL16-13,9,10,MRL16-13_10,0.4482,0.195002231,NA,NA,NA,NA,NA,NA,NA,NA,NA,NA,NA,NA,NA,NA,NA,NA,NA,NA
Brown_et_al_2026,Mad River Low,MRL16-13,10,11,MRL16-13_11,0.4597,0.169893409,NA,NA,NA,NA,NA,NA,NA,NA,NA,NA,NA,NA,NA,NA,NA,NA,NA,NA
Brown_et_al_2026,Mad River Low,MRL16-13,11,12,MRL16-13_12,0.4427,0.165800768,NA,NA,NA,NA,NA,NA,NA,NA,NA,NA,NA,NA,NA,NA,NA,NA,NA,NA
Brown_et_al_2026,Mad River Low,MRL16-13,12,13,MRL16-13_13,0.4177,0.180512329,NA,NA,NA,NA,NA,NA,NA,NA,NA,NA,NA,NA,NA,NA,NA,NA,NA,NA
Brown_et_al_2026,Mad River Low,MRL16-13,13,14,MRL16-13_14,0.4869,0.153008831,NA,NA,NA,NA,NA,NA,NA,NA,NA,NA,NA,NA,NA,NA,NA,NA,NA,NA
Brown_et_al_2026,Mad River Low,MRL16-13,14,15,MRL16-13_15,0.4297,0.16197347,NA,NA,NA,NA,NA,NA,NA,NA,NA,NA,NA,NA,NA,NA,NA,NA,NA,NA
Brown_et_al_2026,Mad River Low,MRL16-13,15,16,MRL16-13_16,0.457,0.128008753,NA,NA,NA,NA,NA,NA,NA,NA,NA,NA,NA,NA,NA,NA,NA,NA,NA,NA
Brown_et_al_2026,Mad River Low,MRL16-13,16,17,MRL16-13_17,0.3927,0.159154571,NA,NA,NA,NA,NA,NA,NA,NA,NA,NA,NA,NA,NA,NA,NA,NA,NA,NA
Brown_et_al_2026,Mad River Low,MRL16-13,17,18,MRL16-13_18,0.4733,0.126558208,NA,NA,NA,NA,NA,NA,NA,NA,NA,NA,NA,NA,NA,NA,NA,NA,NA,NA
Brown_et_al_2026,Mad River Low,MRL16-13,18,19,MRL16-13_19,0.3615,0.165698479,NA,NA,NA,NA,NA,NA,NA,NA,NA,NA,NA,NA,NA,NA,NA,NA,NA,NA
Brown_et_al_2026,Mad River Low,MRL16-13,19,20,MRL16-13_20,0.3484,0.184270953,NA,NA,NA,NA,NA,NA,NA,NA,NA,NA,NA,NA,NA,NA,NA,NA,NA,NA
Brown_et_al_2026,Mad River Low,MRL16-13,20,21,MRL16-13_21,0.4141,0.192707076,NA,NA,NA,NA,NA,NA,NA,NA,NA,NA,NA,NA,NA,NA,NA,NA,NA,NA
Brown_et_al_2026,Mad River Low,MRL16-13,21,22,MRL16-13_22,0.2919,0.252483727,NA,NA,NA,NA,NA,NA,NA,NA,NA,NA,NA,NA,NA,NA,NA,NA,NA,NA
Brown_et_al_2026,Mad River Low,MRL16-13,22,23,MRL16-13_23,0.3768,0.207537155,NA,NA,NA,NA,NA,NA,NA,NA,NA,NA,NA,NA,NA,NA,NA,NA,NA,NA
Brown_et_al_2026,Mad River Low,MRL16-13,23,24,MRL16-13_24,0.3943,0.208470708,NA,NA,NA,NA,NA,NA,NA,NA,NA,NA,NA,NA,NA,NA,NA,NA,NA,NA
Brown_et_al_2026,Mad River Low,MRL16-13,24,25,MRL16-13_25,0.5615,0.115405165,NA,NA,NA,NA,NA,NA,NA,NA,NA,NA,NA,NA,NA,NA,NA,NA,NA,NA
Brown_et_al_2026,Mad River Low,MRL16-13,25,26,MRL16-13_26,0.5859,0.110769756,NA,NA,NA,NA,NA,NA,NA,NA,NA,NA,NA,NA,NA,NA,NA,NA,NA,NA
Brown_et_al_2026,Mad River Low,MRL16-13,26,27,MRL16-13_27,0.7402,0.067008917,NA,NA,NA,NA,NA,NA,NA,NA,NA,NA,NA,NA,NA,NA,NA,NA,NA,NA
Brown_et_al_2026,Mad River Low,MRL16-13,27,28,MRL16-13_28,1.0275,0.059951338,NA,NA,NA,NA,NA,NA,NA,NA,NA,NA,NA,NA,NA,NA,NA,NA,NA,NA
Brown_et_al_2026,Mad River Low,MRL16-13,28,29,MRL16-13_29,1.1334,0.052143992,NA,NA,NA,NA,NA,NA,NA,NA,NA,NA,NA,NA,NA,NA,NA,NA,NA,NA
Brown_et_al_2026,Mad River Low,MRL16-13,29,30,MRL16-13_30,0.4354,0.217041801,NA,NA,NA,NA,NA,NA,NA,NA,NA,NA,NA,NA,NA,NA,NA,NA,NA,NA
Brown_et_al_2026,Mad River Low,MRL16-13,30,31,MRL16-13_31,0.4637,0.19452232,NA,NA,NA,NA,NA,NA,NA,NA,NA,NA,NA,NA,NA,NA,NA,NA,NA,NA
Brown_et_al_2026,Mad River Low,MRL16-13,31,32,MRL16-13_32,0.6051,0.170054536,NA,NA,NA,NA,NA,NA,NA,NA,NA,NA,NA,NA,NA,NA,NA,NA,NA,NA
Brown_et_al_2026,Mad River Low,MRL16-13,32,33,MRL16-13_33,0.8072,0.083126858,NA,NA,NA,NA,NA,NA,NA,NA,NA,NA,NA,NA,NA,NA,NA,NA,NA,NA
Brown_et_al_2026,Mad River Low,MRL16-13,33,34,MRL16-13_34,1.0644,0.067267944,NA,NA,NA,NA,NA,NA,NA,NA,NA,NA,NA,NA,NA,NA,NA,NA,NA,NA
Brown_et_al_2026,Mad River Low,MRL16-13,34,35,MRL16-13_35,0.8754,0.079506511,NA,NA,NA,NA,NA,NA,NA,NA,NA,NA,NA,NA,NA,NA,NA,NA,NA,NA
Brown_et_al_2026,Mad River Low,MRL16-13,35,36,MRL16-13_36,0.9108,0.07037769,NA,NA,NA,NA,NA,NA,NA,NA,NA,NA,NA,NA,NA,NA,NA,NA,NA,NA
Brown_et_al_2026,Mad River Low,MRL16-13,36,37,MRL16-13_37,0.8228,0.06781721,NA,NA,NA,NA,NA,NA,NA,NA,NA,NA,NA,NA,NA,NA,NA,NA,NA,NA
Brown_et_al_2026,Mad River Low,MRL16-13,37,38,MRL16-13_38,0.777,0.068983269,NA,NA,NA,NA,NA,NA,NA,NA,NA,NA,NA,NA,NA,NA,NA,NA,NA,NA
Brown_et_al_2026,Mad River Low,MRL16-13,38,39,MRL16-13_39,0.6161,0.074338581,NA,NA,NA,NA,NA,NA,NA,NA,NA,NA,NA,NA,NA,NA,NA,NA,NA,NA
Brown_et_al_2026,Mad River Low,MRL16-13,39,40,MRL16-13_40,0.7228,0.066685113,NA,NA,NA,NA,NA,NA,NA,NA,NA,NA,NA,NA,NA,NA,NA,NA,NA,NA
Brown_et_al_2026,Mad River Low,MRL16-13,40,41,MRL16-13_41,0.753,0.065073041,NA,NA,NA,NA,NA,NA,NA,NA,NA,NA,NA,NA,NA,NA,NA,NA,NA,NA
Brown_et_al_2026,Mad River Low,MRL16-13,41,42,MRL16-13_42,0.5454,0.097176384,NA,NA,NA,NA,NA,NA,NA,NA,NA,NA,NA,NA,NA,NA,NA,NA,NA,NA
Brown_et_al_2026,Mad River Low,MRL16-13,42,43,MRL16-13_43,0.553,0.222061483,NA,NA,NA,NA,NA,NA,NA,NA,NA,NA,NA,NA,NA,NA,NA,NA,NA,NA
Brown_et_al_2026,Mad River Low,MRL16-13,43,44,MRL16-13_44,1.0241,0.078215018,NA,NA,NA,NA,NA,NA,NA,NA,NA,NA,NA,NA,NA,NA,NA,NA,NA,NA
Brown_et_al_2026,Mad River Low,MRL16-13,44,45,MRL16-13_45,1.0617,0.071300744,NA,NA,NA,NA,NA,NA,NA,NA,NA,NA,NA,NA,NA,NA,NA,NA,NA,NA
Brown_et_al_2026,Mad River Low,MRL16-13,45,46,MRL16-13_46,1.2916,0.07533292,NA,NA,NA,NA,NA,NA,NA,NA,NA,NA,NA,NA,NA,NA,NA,NA,NA,NA
Brown_et_al_2026,Mad River Low,MRL16-13,46,47,MRL16-13_47,1.1272,0.063608943,NA,NA,NA,NA,NA,NA,NA,NA,NA,NA,NA,NA,NA,NA,NA,NA,NA,NA
Brown_et_al_2026,Mad River Low,MRL16-13,47,48,MRL16-13_48,1.0136,0.071132597,NA,NA,NA,NA,NA,NA,NA,NA,NA,NA,NA,NA,NA,NA,NA,NA,NA,NA
Brown_et_al_2026,Mad River Low,MRL16-13,48,49,MRL16-13_49,1.3888,0.067756336,NA,NA,NA,NA,NA,NA,NA,NA,NA,NA,NA,NA,NA,NA,NA,NA,NA,NA
Brown_et_al_2026,Mad River Low,MRL16-13,49,50,MRL16-13_50,1.0408,0.051594927,NA,NA,NA,NA,NA,NA,NA,NA,NA,NA,NA,NA,NA,NA,NA,NA,NA,NA
Brown_et_al_2026,Mad River Low,MRL16-13,50,51,MRL16-13_51,1.1869,0.061589013,NA,NA,NA,NA,NA,NA,NA,NA,NA,NA,NA,NA,NA,NA,NA,NA,NA,NA
Brown_et_al_2026,Mad River Low,MRL16-13,51,52,MRL16-13_52,0.9979,0.063032368,NA,NA,NA,NA,NA,NA,NA,NA,NA,NA,NA,NA,NA,NA,NA,NA,NA,NA
Brown_et_al_2026,Mad River Low,MRL16-13,52,53,MRL16-13_53,1.2529,0.05140075,NA,NA,NA,NA,NA,NA,NA,NA,NA,NA,NA,NA,NA,NA,NA,NA,NA,NA
Brown_et_al_2026,Mad River Low,MRL16-13,53,54,MRL16-13_54,1.0858,0.061981949,NA,NA,NA,NA,NA,NA,NA,NA,NA,NA,NA,NA,NA,NA,NA,NA,NA,NA
Brown_et_al_2026,Mad River Low,MRL16-13,54,55,MRL16-13_55,1.1521,0.053033591,NA,NA,NA,NA,NA,NA,NA,NA,NA,NA,NA,NA,NA,NA,NA,NA,NA,NA
Brown_et_al_2026,Mad River Low,MRL16-13,55,56,MRL16-13_56,1.1446,0.057574699,NA,NA,NA,NA,NA,NA,NA,NA,NA,NA,NA,NA,NA,NA,NA,NA,NA,NA
Brown_et_al_2026,Mad River Low,MRL16-13,56,57,MRL16-13_57,1.2477,0.057145147,NA,NA,NA,NA,NA,NA,NA,NA,NA,NA,NA,NA,NA,NA,NA,NA,NA,NA
Brown_et_al_2026,Mad River Low,MRL16-13,57,58,MRL16-13_58,1.2479,0.053129257,NA,NA,NA,NA,NA,NA,NA,NA,NA,NA,NA,NA,NA,NA,NA,NA,NA,NA
Brown_et_al_2026,Mad River Low,MRL16-13,58,59,MRL16-13_59,1.0417,0.061726025,NA,NA,NA,NA,NA,NA,NA,NA,NA,NA,NA,NA,NA,NA,NA,NA,NA,NA
Brown_et_al_2026,Mad River Low,MRL16-13,59,60,MRL16-13_60,1.0496,0.056878811,NA,NA,NA,NA,NA,NA,NA,NA,NA,NA,NA,NA,NA,NA,NA,NA,NA,NA
Brown_et_al_2026,Mad River Low,MRL16-13,60,61,MRL16-13_61,1.0215,0.062163485,NA,NA,NA,NA,NA,NA,NA,NA,NA,NA,NA,NA,NA,NA,NA,NA,NA,NA
Brown_et_al_2026,Mad River Low,MRL16-13,61,62,MRL16-13_62,1.0552,0.057240334,NA,NA,NA,NA,NA,NA,NA,NA,NA,NA,NA,NA,NA,NA,NA,NA,NA,NA
Brown_et_al_2026,Mad River Low,MRL16-13,62,63,MRL16-13_63,1.0295,0.06109762,NA,NA,NA,NA,NA,NA,NA,NA,NA,NA,NA,NA,NA,NA,NA,NA,NA,NA
Brown_et_al_2026,Mad River Low,MRL16-13,63,64,MRL16-13_64,1.1653,0.051317257,NA,NA,NA,NA,NA,NA,NA,NA,NA,NA,NA,NA,NA,NA,NA,NA,NA,NA
Brown_et_al_2026,Mad River Low,MRL16-13,64,65,MRL16-13_65,1.055,0.062464455,NA,NA,NA,NA,NA,NA,NA,NA,NA,NA,NA,NA,NA,NA,NA,NA,NA,NA
Brown_et_al_2026,Mad River Low,MRL16-13,65,66,MRL16-13_66,1.0971,0.058791359,NA,NA,NA,NA,NA,NA,NA,NA,NA,NA,NA,NA,NA,NA,NA,NA,NA,NA
Brown_et_al_2026,Mad River Low,MRL16-13,66,67,MRL16-13_67,0.9851,0.059486347,NA,NA,NA,NA,NA,NA,NA,NA,NA,NA,NA,NA,NA,NA,NA,NA,NA,NA
Brown_et_al_2026,Mad River Low,MRL16-13,67,68,MRL16-13_68,1.0563,0.057843416,NA,NA,NA,NA,NA,NA,NA,NA,NA,NA,NA,NA,NA,NA,NA,NA,NA,NA
Brown_et_al_2026,Mad River Low,MRL16-13,68,69,MRL16-13_69,1.1599,0.053021812,NA,NA,NA,NA,NA,NA,NA,NA,NA,NA,NA,NA,NA,NA,NA,NA,NA,NA
Brown_et_al_2026,Mad River Low,MRL16-13,69,70,MRL16-13_70,1.3173,0.055795946,NA,NA,NA,NA,NA,NA,NA,NA,NA,NA,NA,NA,NA,NA,NA,NA,NA,NA
Brown_et_al_2026,Mad River Low,MRL16-13,70,71,MRL16-13_71,1.06,0.055943396,NA,NA,NA,NA,NA,NA,NA,NA,NA,NA,NA,NA,NA,NA,NA,NA,NA,NA
Brown_et_al_2026,Mad River Low,MRL16-13,71,72,MRL16-13_72,1.4379,0.05584533,NA,NA,NA,NA,NA,NA,NA,NA,NA,NA,NA,NA,NA,NA,NA,NA,NA,NA
Brown_et_al_2026,Mad River Low,MRL16-13,72,73,MRL16-13_73,1.351,0.054330126,NA,NA,NA,NA,NA,NA,NA,NA,NA,NA,NA,NA,NA,NA,NA,NA,NA,NA
Brown_et_al_2026,Mad River Low,MRL16-13,73,74,MRL16-13_74,1.2885,0.055413271,NA,NA,NA,NA,NA,NA,NA,NA,NA,NA,NA,NA,NA,NA,NA,NA,NA,NA
Brown_et_al_2026,Mad River Low,MRL16-13,74,75,MRL16-13_75,1.0633,0.058403085,NA,NA,NA,NA,NA,NA,NA,NA,NA,NA,NA,NA,NA,NA,NA,NA,NA,NA
Brown_et_al_2026,Mad River Low,MRL16-13,75,76,MRL16-13_76,0.9081,0.059354697,NA,NA,NA,NA,NA,NA,NA,NA,NA,NA,NA,NA,NA,NA,NA,NA,NA,NA
Brown_et_al_2026,Mad River Low,MRL16-13,76,77,MRL16-13_77,1.1545,0.057514075,NA,NA,NA,NA,NA,NA,NA,NA,NA,NA,NA,NA,NA,NA,NA,NA,NA,NA
Brown_et_al_2026,Mad River Low,MRL16-13,77,78,MRL16-13_78,1.1253,0.055718475,NA,NA,NA,NA,NA,NA,NA,NA,NA,NA,NA,NA,NA,NA,NA,NA,NA,NA
Brown_et_al_2026,Mad River Low,MRL16-13,78,79,MRL16-13_79,1.1273,0.056506697,NA,NA,NA,NA,NA,NA,NA,NA,NA,NA,NA,NA,NA,NA,NA,NA,NA,NA
Brown_et_al_2026,Mad River Low,MRL16-13,79,80,MRL16-13_80,0.8937,0.059192123,NA,NA,NA,NA,NA,NA,NA,NA,NA,NA,NA,NA,NA,NA,NA,NA,NA,NA
Brown_et_al_2026,Mad River Low,MRL16-13,80,81,MRL16-13_81,1.096,0.061952555,NA,NA,NA,NA,NA,NA,NA,NA,NA,NA,NA,NA,NA,NA,NA,NA,NA,NA
Brown_et_al_2026,Mad River Low,MRL16-13,81,82,MRL16-13_82,1.0644,0.058436678,NA,NA,NA,NA,NA,NA,NA,NA,NA,NA,NA,NA,NA,NA,NA,NA,NA,NA
Brown_et_al_2026,Mad River Low,MRL16-13,82,83,MRL16-13_83,1.0401,0.061820979,NA,NA,NA,NA,NA,NA,NA,NA,NA,NA,NA,NA,NA,NA,NA,NA,NA,NA
Brown_et_al_2026,Mad River Low,MRL16-13,83,84,MRL16-13_84,1.177,0.059388275,NA,NA,NA,NA,NA,NA,NA,NA,NA,NA,NA,NA,NA,NA,NA,NA,NA,NA
Brown_et_al_2026,Mad River Low,MRL16-13,84,85,MRL16-13_85,1.1002,0.057898564,NA,NA,NA,NA,NA,NA,NA,NA,NA,NA,NA,NA,NA,NA,NA,NA,NA,NA
Brown_et_al_2026,Mad River Low,MRL16-13,85,86,MRL16-13_86,1.041,0.051873199,NA,NA,NA,NA,NA,NA,NA,NA,NA,NA,NA,NA,NA,NA,NA,NA,NA,NA
Brown_et_al_2026,Mad River Low,MRL16-13,86,87,MRL16-13_87,1.2471,0.076016358,NA,NA,NA,NA,NA,NA,NA,NA,NA,NA,NA,NA,NA,NA,NA,NA,NA,NA
Brown_et_al_2026,Mad River Low,MRL16-13,87,88,MRL16-13_88,1.3166,0.051040559,NA,NA,NA,NA,NA,NA,NA,NA,NA,NA,NA,NA,NA,NA,NA,NA,NA,NA
Brown_et_al_2026,Mad River Low,MRL16-13,88,89,MRL16-13_89,1.2745,0.05421734,NA,NA,NA,NA,NA,NA,NA,NA,NA,NA,NA,NA,NA,NA,NA,NA,NA,NA
Brown_et_al_2026,Mad River Low,MRL16-13,89,90,MRL16-13_90,1.5279,0.048694286,NA,NA,NA,NA,NA,NA,NA,NA,NA,NA,NA,NA,NA,NA,NA,NA,NA,NA
Brown_et_al_2026,Mad River Low,MRL16-13,90,91,MRL16-13_91,1.3164,0.050440596,NA,NA,NA,NA,NA,NA,NA,NA,NA,NA,NA,NA,NA,NA,NA,NA,NA,NA
Brown_et_al_2026,Mad River Low,MRL16-13,91,92,MRL16-13_92,1.192,0.049328859,NA,NA,NA,NA,NA,NA,NA,NA,NA,NA,NA,NA,NA,NA,NA,NA,NA,NA
Brown_et_al_2026,Mad River Low,MRL16-13,92,93,MRL16-13_93,1.5531,0.051638658,NA,NA,NA,NA,NA,NA,NA,NA,NA,NA,NA,NA,NA,NA,NA,NA,NA,NA
Brown_et_al_2026,Mad River Low,MRL16-13,93,94,MRL16-13_94,1.2144,0.051465744,NA,NA,NA,NA,NA,NA,NA,NA,NA,NA,NA,NA,NA,NA,NA,NA,NA,NA
Brown_et_al_2026,Mad River Low,MRL16-13,94,95,MRL16-13_95,1.0914,0.050119113,NA,NA,NA,NA,NA,NA,NA,NA,NA,NA,NA,NA,NA,NA,NA,NA,NA,NA
Brown_et_al_2026,Mad River Low,MRL16-13,95,96,MRL16-13_96,1.325,0.049811321,NA,NA,NA,NA,NA,NA,NA,NA,NA,NA,NA,NA,NA,NA,NA,NA,NA,NA
Brown_et_al_2026,Mad River Low,MRL16-13,96,97,MRL16-13_97,1.3028,0.048817931,NA,NA,NA,NA,NA,NA,NA,NA,NA,NA,NA,NA,NA,NA,NA,NA,NA,NA
Brown_et_al_2026,Mad River Low,MRL16-13,97,98,MRL16-13_98,1.3036,0.045872967,NA,NA,NA,NA,NA,NA,NA,NA,NA,NA,NA,NA,NA,NA,NA,NA,NA,NA
Brown_et_al_2026,Mad River Low,MRL16-13,98,99,MRL16-13_99,1.1065,0.051604157,NA,NA,NA,NA,NA,NA,NA,NA,NA,NA,NA,NA,NA,NA,NA,NA,NA,NA
Brown_et_al_2026,Mad River Low,MRL16-13,99,100,MRL16-13_100,1.1953,0.053124739,NA,NA,NA,NA,NA,NA,NA,NA,NA,NA,NA,NA,NA,NA,NA,NA,NA,NA
Brown_et_al_2026,Petaluma,PTL15-01,0,1,PTL15-01_1,0.2646,0.301965231,NA,NA,NA,NA,NA,NA,NA,NA,NA,NA,NA,NA,NA,NA,NA,NA,NA,NA
Brown_et_al_2026,Petaluma,PTL15-01,1,2,PTL15-01_2,0.3291,0.271953813,NA,NA,NA,NA,NA,NA,NA,NA,NA,NA,NA,NA,NA,NA,NA,NA,NA,NA
Brown_et_al_2026,Petaluma,PTL15-01,2,3,PTL15-01_3,0.3125,0.30656,NA,NA,NA,NA,NA,NA,NA,NA,NA,NA,NA,NA,NA,NA,NA,NA,NA,NA
Brown_et_al_2026,Petaluma,PTL15-01,3,4,PTL15-01_4,0.3285,0.269406393,4.381831859,1.03062836,59.31874452,8.930402162,84.82571392,8.082030366,26.78035172,3.32348898,NA,NA,NA,NA,NA,NA,NA,NA,NA,NA
Brown_et_al_2026,Petaluma,PTL15-01,4,5,PTL15-01_5,0.3258,0.26335175,NA,NA,NA,NA,NA,NA,NA,NA,NA,NA,NA,NA,NA,NA,NA,NA,NA,NA
Brown_et_al_2026,Petaluma,PTL15-01,5,6,PTL15-01_6,0.3227,0.208862721,NA,NA,NA,NA,NA,NA,NA,NA,NA,NA,NA,NA,NA,NA,NA,NA,NA,NA
Brown_et_al_2026,Petaluma,PTL15-01,6,7,PTL15-01_7,0.3202,0.22767020600000001,NA,NA,NA,NA,NA,NA,NA,NA,NA,NA,NA,NA,NA,NA,NA,NA,NA,NA
Brown_et_al_2026,Petaluma,PTL15-01,7,8,PTL15-01_8,0.3565,0.299298738,29.06571685,1.888460682,19.85031934,7.385430269,43.2406096,6.536126685,23.81971838,3.080453766,NA,NA,NA,NA,NA,NA,NA,NA,NA,NA
Brown_et_al_2026,Petaluma,PTL15-01,8,9,PTL15-01_9,0.3041,0.240052614,NA,NA,NA,NA,NA,NA,NA,NA,NA,NA,NA,NA,NA,NA,NA,NA,NA,NA
Brown_et_al_2026,Petaluma,PTL15-01,9,10,PTL15-01_10,0.3227,0.299969012,NA,NA,NA,NA,NA,NA,NA,NA,NA,NA,NA,NA,NA,NA,NA,NA,NA,NA
Brown_et_al_2026,Petaluma,PTL15-01,10,11,PTL15-01_11,0.3324,0.259326113,NA,NA,NA,NA,NA,NA,NA,NA,NA,NA,NA,NA,NA,NA,NA,NA,NA,NA
Brown_et_al_2026,Petaluma,PTL15-01,11,12,PTL15-01_12,0.4109,0.195911414,0,0,0,0,0,0,0,0,NA,NA,NA,NA,NA,NA,NA,NA,NA,NA
Brown_et_al_2026,Petaluma,PTL15-01,12,13,PTL15-01_13,0.3147,0.263425485,NA,NA,NA,NA,NA,NA,NA,NA,NA,NA,NA,NA,NA,NA,NA,NA,NA,NA
Brown_et_al_2026,Petaluma,PTL15-01,13,14,PTL15-01_14,0.3651,0.204875377,NA,NA,NA,NA,NA,NA,NA,NA,NA,NA,NA,NA,NA,NA,NA,NA,NA,NA
Brown_et_al_2026,Petaluma,PTL15-01,14,15,PTL15-01_15,0.283,0.287985866,NA,NA,NA,NA,NA,NA,NA,NA,NA,NA,NA,NA,NA,NA,NA,NA,NA,NA
Brown_et_al_2026,Petaluma,PTL15-01,15,16,PTL15-01_16,0.333,0.301801802,0,0,0,0,0,0,0,0,NA,NA,NA,NA,NA,NA,NA,NA,NA,NA
Brown_et_al_2026,Petaluma,PTL15-01,16,17,PTL15-01_17,0.419,0.181384248,NA,NA,NA,NA,NA,NA,NA,NA,NA,NA,NA,NA,NA,NA,NA,NA,NA,NA
Brown_et_al_2026,Petaluma,PTL15-01,17,18,PTL15-01_18,0.4864,0.143092105,NA,NA,NA,NA,NA,NA,NA,NA,NA,NA,NA,NA,NA,NA,NA,NA,NA,NA
Brown_et_al_2026,Petaluma,PTL15-01,18,19,PTL15-01_19,0.4329,0.16008316,NA,NA,NA,NA,NA,NA,NA,NA,NA,NA,NA,NA,NA,NA,NA,NA,NA,NA
Brown_et_al_2026,Petaluma,PTL15-01,19,20,PTL15-01_20,0.4371,0.181880577,1.227400802,0.857451135,-0.055455456,7.440819265,36.0539891,6.052725511,36.10813418,4.018045287,NA,NA,NA,NA,NA,NA,NA,NA,NA,NA
Brown_et_al_2026,Petaluma,PTL15-01,20,21,PTL15-01_21,0.39,0.161538462,NA,NA,NA,NA,NA,NA,NA,NA,NA,NA,NA,NA,NA,NA,NA,NA,NA,NA
Brown_et_al_2026,Petaluma,PTL15-01,21,22,PTL15-01_22,0.4684,0.148804441,NA,NA,NA,NA,NA,NA,NA,NA,NA,NA,NA,NA,NA,NA,NA,NA,NA,NA
Brown_et_al_2026,Petaluma,PTL15-01,22,23,PTL15-01_23,0.4548,0.143579595,NA,NA,NA,NA,NA,NA,NA,NA,NA,NA,NA,NA,NA,NA,NA,NA,NA,NA
Brown_et_al_2026,Petaluma,PTL15-01,23,24,PTL15-01_24,0.4087,0.198189381,0.303968957,1.310679137,-9.196937209,9.26979088,31.99586779,7.705286934,40.97395785,4.74518253,NA,NA,NA,NA,NA,NA,NA,NA,NA,NA
Brown_et_al_2026,Petaluma,PTL15-01,24,25,PTL15-01_25,0.3588,0.216555184,NA,NA,NA,NA,NA,NA,NA,NA,NA,NA,NA,NA,NA,NA,NA,NA,NA,NA
Brown_et_al_2026,Petaluma,PTL15-01,25,26,PTL15-01_26,0.3057,0.220804711,NA,NA,NA,NA,NA,NA,NA,NA,NA,NA,NA,NA,NA,NA,NA,NA,NA,NA
Brown_et_al_2026,Petaluma,PTL15-01,26,27,PTL15-01_27,0.2538,0.404255319,NA,NA,NA,NA,NA,NA,NA,NA,NA,NA,NA,NA,NA,NA,NA,NA,NA,NA
Brown_et_al_2026,Petaluma,PTL15-01,27,28,PTL15-01_28,0.3667,0.221434415,NA,NA,NA,NA,NA,NA,NA,NA,NA,NA,NA,NA,NA,NA,NA,NA,NA,NA
Brown_et_al_2026,Petaluma,PTL15-01,28,29,PTL15-01_29,0.3726,0.219538379,NA,NA,NA,NA,NA,NA,NA,NA,NA,NA,NA,NA,NA,NA,NA,NA,NA,NA
Brown_et_al_2026,Petaluma,PTL15-01,29,30,PTL15-01_30,0.4838,0.134146342,NA,NA,NA,NA,NA,NA,NA,NA,NA,NA,NA,NA,NA,NA,NA,NA,NA,NA
Brown_et_al_2026,Petaluma,PTL15-01,30,31,PTL15-01_31,0.3801,0.193370166,NA,NA,NA,NA,NA,NA,NA,NA,NA,NA,NA,NA,NA,NA,NA,NA,NA,NA
Brown_et_al_2026,Petaluma,PTL15-01,31,32,PTL15-01_32,0.4455,0.143434343,0.048205624,0.856153019,-12.38077704,7.945371076,30.96922684,6.141832443,43.05436669,4.73581407,NA,NA,NA,NA,NA,NA,NA,NA,NA,NA
Brown_et_al_2026,Petaluma,PTL15-01,32,33,PTL15-01_33,0.5034,0.15117203,NA,NA,NA,NA,NA,NA,NA,NA,NA,NA,NA,NA,NA,NA,NA,NA,NA,NA
Brown_et_al_2026,Petaluma,PTL15-01,33,34,PTL15-01_34,0.3918,0.233282287,NA,NA,NA,NA,NA,NA,NA,NA,NA,NA,NA,NA,NA,NA,NA,NA,NA,NA
Brown_et_al_2026,Petaluma,PTL15-01,34,35,PTL15-01_35,0.394,0.223857868,NA,NA,NA,NA,NA,NA,NA,NA,NA,NA,NA,NA,NA,NA,NA,NA,NA,NA
Brown_et_al_2026,Petaluma,PTL15-01,35,36,PTL15-01_36,0.3365,0.202377415,NA,NA,NA,NA,NA,NA,NA,NA,NA,NA,NA,NA,NA,NA,NA,NA,NA,NA
Brown_et_al_2026,Petaluma,PTL15-01,36,37,PTL15-01_37,0.294,0.32244898,NA,NA,NA,NA,NA,NA,NA,NA,NA,NA,NA,NA,NA,NA,NA,NA,NA,NA
Brown_et_al_2026,Petaluma,PTL15-01,37,38,PTL15-01_38,0.3588,0.180044593,NA,NA,NA,NA,NA,NA,NA,NA,NA,NA,NA,NA,NA,NA,NA,NA,NA,NA
Brown_et_al_2026,Petaluma,PTL15-01,38,39,PTL15-01_39,0.3339,0.235100329,NA,NA,NA,NA,NA,NA,NA,NA,NA,NA,NA,NA,NA,NA,NA,NA,NA,NA
Brown_et_al_2026,Petaluma,PTL15-01,39,40,PTL15-01_40,0.3009,0.243934862,-0.072162611,1.136907754,-0.303815326,7.484333205,13.73789927,6.776851063,14.03440941,2.72546556,NA,NA,NA,NA,NA,NA,NA,NA,NA,NA
Brown_et_al_2026,Petaluma,PTL15-01,40,41,PTL15-01_41,0.2953,0.246867592,NA,NA,NA,NA,NA,NA,NA,NA,NA,NA,NA,NA,NA,NA,NA,NA,NA,NA
Brown_et_al_2026,Petaluma,PTL15-01,41,42,PTL15-01_42,0.2522,0.244250595,NA,NA,NA,NA,NA,NA,NA,NA,NA,NA,NA,NA,NA,NA,NA,NA,NA,NA
Brown_et_al_2026,Petaluma,PTL15-01,42,43,PTL15-01_43,0.3507,0.207299686,NA,NA,NA,NA,NA,NA,NA,NA,NA,NA,NA,NA,NA,NA,NA,NA,NA,NA
Brown_et_al_2026,Petaluma,PTL15-01,43,44,PTL15-01_44,0.3862,0.17503884,NA,NA,NA,NA,NA,NA,NA,NA,NA,NA,NA,NA,NA,NA,NA,NA,NA,NA
Brown_et_al_2026,Petaluma,PTL15-01,44,45,PTL15-01_45,0.4189,0.209596562,NA,NA,NA,NA,NA,NA,NA,NA,NA,NA,NA,NA,NA,NA,NA,NA,NA,NA
Brown_et_al_2026,Petaluma,PTL15-01,45,46,PTL15-01_46,0.3585,0.193305439,NA,NA,NA,NA,NA,NA,NA,NA,NA,NA,NA,NA,NA,NA,NA,NA,NA,NA
Brown_et_al_2026,Petaluma,PTL15-01,46,47,PTL15-01_47,0.2865,0.279581152,NA,NA,NA,NA,NA,NA,NA,NA,NA,NA,NA,NA,NA,NA,NA,NA,NA,NA
Brown_et_al_2026,Petaluma,PTL15-01,47,48,PTL15-01_48,0.3293,0.208017006,0.411945454,0.742364239,-0.75728091,5.01487911,15.07354574,4.402672468,15.81249216,2.13599312,NA,NA,NA,NA,NA,NA,NA,NA,NA,NA
Brown_et_al_2026,Petaluma,PTL15-01,48,49,PTL15-01_49,0.3295,0.211836115,NA,NA,NA,NA,NA,NA,NA,NA,NA,NA,NA,NA,NA,NA,NA,NA,NA,NA
Brown_et_al_2026,Petaluma,PTL15-01,49,50,PTL15-01_50,0.3771,0.142137364,NA,NA,NA,NA,NA,NA,NA,NA,NA,NA,NA,NA,NA,NA,NA,NA,NA,NA
Brown_et_al_2026,Petaluma,PTL15-01,50,51,PTL15-01_51,0.3838,0.145388223,NA,NA,NA,NA,NA,NA,NA,NA,NA,NA,NA,NA,NA,NA,NA,NA,NA,NA
Brown_et_al_2026,Petaluma,PTL15-01,51,52,PTL15-01_52,0.5147,0.122012823,3.341785368,1.925016208,0.057273227,8.690145514,18.31467371,7.64531098,18.26027923,3.109176776,NA,NA,NA,NA,NA,NA,NA,NA,NA,NA
Brown_et_al_2026,Petaluma,PTL15-01,52,53,PTL15-01_53,0.4582,0.160410301,NA,NA,NA,NA,NA,NA,NA,NA,NA,NA,NA,NA,NA,NA,NA,NA,NA,NA
Brown_et_al_2026,Petaluma,PTL15-01,53,54,PTL15-01_54,0.4165,0.120048019,NA,NA,NA,NA,NA,NA,NA,NA,NA,NA,NA,NA,NA,NA,NA,NA,NA,NA
Brown_et_al_2026,Petaluma,PTL15-01,54,55,PTL15-01_55,0.467,0.123768737,NA,NA,NA,NA,NA,NA,NA,NA,NA,NA,NA,NA,NA,NA,NA,NA,NA,NA
Brown_et_al_2026,Petaluma,PTL15-01,55,56,PTL15-01_56,0.3468,0.162341407,-0.921959374,1.868239689,-2.698685826,7.936853677,12.64439926,7.022849443,15.20700351,2.735046667,NA,NA,NA,NA,NA,NA,NA,NA,NA,NA
Brown_et_al_2026,Petaluma,PTL15-01,56,57,PTL15-01_57,0.305,0.213114754,NA,NA,NA,NA,NA,NA,NA,NA,NA,NA,NA,NA,NA,NA,NA,NA,NA,NA
Brown_et_al_2026,Petaluma,PTL15-01,57,58,PTL15-01_58,0.2585,0.211218569,NA,NA,NA,NA,NA,NA,NA,NA,NA,NA,NA,NA,NA,NA,NA,NA,NA,NA
Brown_et_al_2026,Petaluma,PTL15-01,58,59,PTL15-01_59,0.2241,0.311021865,NA,NA,NA,NA,NA,NA,NA,NA,NA,NA,NA,NA,NA,NA,NA,NA,NA,NA
Brown_et_al_2026,Petaluma,PTL15-01,59,60,PTL15-01_60,0.2754,0.25708061,NA,NA,NA,NA,NA,NA,NA,NA,NA,NA,NA,NA,NA,NA,NA,NA,NA,NA
Brown_et_al_2026,Petaluma,PTL15-01,60,61,PTL15-01_61,0.2281,0.29373082,NA,NA,NA,NA,NA,NA,NA,NA,NA,NA,NA,NA,NA,NA,NA,NA,NA,NA
Brown_et_al_2026,Petaluma,PTL15-01,61,62,PTL15-01_62,0.2671,0.29689255,NA,NA,NA,NA,NA,NA,NA,NA,NA,NA,NA,NA,NA,NA,NA,NA,NA,NA
Brown_et_al_2026,Petaluma,PTL15-01,62,63,PTL15-01_63,0.3172,0.24148802,NA,NA,NA,NA,NA,NA,NA,NA,NA,NA,NA,NA,NA,NA,NA,NA,NA,NA
Brown_et_al_2026,Petaluma,PTL15-01,63,64,PTL15-01_64,0.3913,0.17045745,NA,NA,NA,NA,NA,NA,NA,NA,NA,NA,NA,NA,NA,NA,NA,NA,NA,NA
Brown_et_al_2026,Petaluma,PTL15-01,64,65,PTL15-01_65,0.403,0.185359802,NA,NA,NA,NA,NA,NA,NA,NA,NA,NA,NA,NA,NA,NA,NA,NA,NA,NA
Brown_et_al_2026,Petaluma,PTL15-01,65,66,PTL15-01_66,0.361,0.196398892,NA,NA,NA,NA,NA,NA,NA,NA,NA,NA,NA,NA,NA,NA,NA,NA,NA,NA
Brown_et_al_2026,Petaluma,PTL15-01,66,67,PTL15-01_67,0.3428,0.191948658,NA,NA,NA,NA,NA,NA,NA,NA,NA,NA,NA,NA,NA,NA,NA,NA,NA,NA
Brown_et_al_2026,Petaluma,PTL15-01,67,68,PTL15-01_68,0.3817,0.202515064,NA,NA,NA,NA,NA,NA,NA,NA,NA,NA,NA,NA,NA,NA,NA,NA,NA,NA
Brown_et_al_2026,Petaluma,PTL15-01,68,69,PTL15-01_69,0.4226,0.158069096,NA,NA,NA,NA,NA,NA,NA,NA,NA,NA,NA,NA,NA,NA,NA,NA,NA,NA
Brown_et_al_2026,Petaluma,PTL15-01,69,70,PTL15-01_70,0.3025,0.196033058,NA,NA,NA,NA,NA,NA,NA,NA,NA,NA,NA,NA,NA,NA,NA,NA,NA,NA
Brown_et_al_2026,Petaluma,PTL15-01,70,71,PTL15-01_71,0.3228,0.210346964,NA,NA,NA,NA,NA,NA,NA,NA,NA,NA,NA,NA,NA,NA,NA,NA,NA,NA
Brown_et_al_2026,Petaluma,PTL15-01,71,72,PTL15-01_72,0.3432,0.199009324,NA,NA,NA,NA,NA,NA,NA,NA,NA,NA,NA,NA,NA,NA,NA,NA,NA,NA
Brown_et_al_2026,Petaluma,PTL15-01,72,73,PTL15-01_73,0.3484,0.205510907,NA,NA,NA,NA,NA,NA,NA,NA,NA,NA,NA,NA,NA,NA,NA,NA,NA,NA
Brown_et_al_2026,Petaluma,PTL15-01,73,74,PTL15-01_74,0.3444,0.212543554,NA,NA,NA,NA,NA,NA,NA,NA,NA,NA,NA,NA,NA,NA,NA,NA,NA,NA
Brown_et_al_2026,Petaluma,PTL15-01,74,75,PTL15-01_75,0.3106,0.211848036,NA,NA,NA,NA,NA,NA,NA,NA,NA,NA,NA,NA,NA,NA,NA,NA,NA,NA
Brown_et_al_2026,Petaluma,PTL15-01,75,76,PTL15-01_76,0.2771,0.272825695,NA,NA,NA,NA,NA,NA,NA,NA,NA,NA,NA,NA,NA,NA,NA,NA,NA,NA
Brown_et_al_2026,Petaluma,PTL15-01,76,77,PTL15-01_77,0.3558,0.195053401,NA,NA,NA,NA,NA,NA,NA,NA,NA,NA,NA,NA,NA,NA,NA,NA,NA,NA
Brown_et_al_2026,Petaluma,PTL15-01,77,78,PTL15-01_78,0.3325,0.191278196,NA,NA,NA,NA,NA,NA,NA,NA,NA,NA,NA,NA,NA,NA,NA,NA,NA,NA
Brown_et_al_2026,Petaluma,PTL15-01,78,79,PTL15-01_79,0.393,0.2,NA,NA,NA,NA,NA,NA,NA,NA,NA,NA,NA,NA,NA,NA,NA,NA,NA,NA
Brown_et_al_2026,Petaluma,PTL15-01,79,80,PTL15-01_80,0.3053,0.215853259,NA,NA,NA,NA,NA,NA,NA,NA,NA,NA,NA,NA,NA,NA,NA,NA,NA,NA
Brown_et_al_2026,Petaluma,PTL15-01,80,81,PTL15-01_81,0.2944,0.242527174,NA,NA,NA,NA,NA,NA,NA,NA,NA,NA,NA,NA,NA,NA,NA,NA,NA,NA
Brown_et_al_2026,Petaluma,PTL15-01,81,82,PTL15-01_82,0.2713,0.23811279,NA,NA,NA,NA,NA,NA,NA,NA,NA,NA,NA,NA,NA,NA,NA,NA,NA,NA
Brown_et_al_2026,Petaluma,PTL15-01,82,83,PTL15-01_83,0.3273,0.230369691,NA,NA,NA,NA,NA,NA,NA,NA,NA,NA,NA,NA,NA,NA,NA,NA,NA,NA
Brown_et_al_2026,Petaluma,PTL15-01,83,84,PTL15-01_84,0.3557,0.170368288,NA,NA,NA,NA,NA,NA,NA,NA,NA,NA,NA,NA,NA,NA,NA,NA,NA,NA
Brown_et_al_2026,Petaluma,PTL15-01,84,85,PTL15-01_85,0.4008,0.156936128,NA,NA,NA,NA,NA,NA,NA,NA,NA,NA,NA,NA,NA,NA,NA,NA,NA,NA
Brown_et_al_2026,Petaluma,PTL15-01,85,86,PTL15-01_86,0.3453,0.176078772,NA,NA,NA,NA,NA,NA,NA,NA,NA,NA,NA,NA,NA,NA,NA,NA,NA,NA
Brown_et_al_2026,Petaluma,PTL15-01,86,87,PTL15-01_87,0.4879,0.131994261,NA,NA,NA,NA,NA,NA,NA,NA,NA,NA,NA,NA,NA,NA,NA,NA,NA,NA
Brown_et_al_2026,Petaluma,PTL15-01,87,88,PTL15-01_88,0.4619,0.129032258,NA,NA,NA,NA,NA,NA,NA,NA,NA,NA,NA,NA,NA,NA,NA,NA,NA,NA
Brown_et_al_2026,Petaluma,PTL15-01,88,89,PTL15-01_89,0.4988,0.131515638,NA,NA,NA,NA,NA,NA,NA,NA,NA,NA,NA,NA,NA,NA,NA,NA,NA,NA
Brown_et_al_2026,Petaluma,PTL15-01,89,90,PTL15-01_90,0.39,0.146410256,NA,NA,NA,NA,NA,NA,NA,NA,NA,NA,NA,NA,NA,NA,NA,NA,NA,NA
Brown_et_al_2026,Petaluma,PTL15-01,90,91,PTL15-01_91,0.4023,0.157345265,NA,NA,NA,NA,NA,NA,NA,NA,NA,NA,NA,NA,NA,NA,NA,NA,NA,NA
Brown_et_al_2026,Petaluma,PTL15-01,91,92,PTL15-01_92,0.3875,0.157419355,NA,NA,NA,NA,NA,NA,NA,NA,NA,NA,NA,NA,NA,NA,NA,NA,NA,NA
Brown_et_al_2026,Petaluma,PTL15-01,92,93,PTL15-01_93,0.4179,0.136156975,NA,NA,NA,NA,NA,NA,NA,NA,NA,NA,NA,NA,NA,NA,NA,NA,NA,NA
Brown_et_al_2026,Petaluma,PTL15-01,93,94,PTL15-01_94,0.4382,0.178457325,NA,NA,NA,NA,NA,NA,NA,NA,NA,NA,NA,NA,NA,NA,NA,NA,NA,NA
Brown_et_al_2026,Petaluma,PTL15-01,94,95,PTL15-01_95,0.5004,0.120903277,NA,NA,NA,NA,NA,NA,NA,NA,NA,NA,NA,NA,NA,NA,NA,NA,NA,NA
Brown_et_al_2026,Petaluma,PTL15-01,95,96,PTL15-01_96,0.4814,0.145824678,NA,NA,NA,NA,NA,NA,NA,NA,NA,NA,NA,NA,NA,NA,NA,NA,NA,NA
Brown_et_al_2026,Petaluma,PTL15-01,96,97,PTL15-01_97,0.5338,0.13431997,NA,NA,NA,NA,NA,NA,NA,NA,NA,NA,NA,NA,NA,NA,NA,NA,NA,NA
Brown_et_al_2026,Petaluma,PTL16-02,600,601,PTL16-02_601,NA,NA,NA,NA,NA,NA,NA,NA,NA,NA,4700,60,terrestrial,PTL16-02_601 .044mgC,0.556854203,0.003992544,-443.1457965,3.99254399,NA,NA
Brown_et_al_2026,Petaluma,PTL16-02,987,988,PTL16-02_988,NA,NA,NA,NA,NA,NA,NA,NA,NA,NA,4695,15,terrestrial,PTL16-02_988 .24mgC,0.557474747,9.08e-4,-442.5252528,0.908146999,NA,NA
Brown_et_al_2026,Petaluma,PTL16-02,1106,1107,PTL16-02_1107,NA,NA,NA,NA,NA,NA,NA,NA,NA,NA,130,15,terrestrial,PTL16-02_1107,0.98419939,0.001343284,-15.80061048,1.343284425,NA,NA
Brown_et_al_2026,Petaluma,PTL16-02,1169,1170,PTL16-02_1170,NA,NA,NA,NA,NA,NA,NA,NA,NA,NA,-310,15,terrestrial,PTL16-02 1170,1.0403,0.0017,40.3,1.7,NA,NA
Brown_et_al_2026,Petaluma,PTL16-02,1192,1193,PTL16-02_1193,NA,NA,NA,NA,NA,NA,NA,NA,NA,NA,NA,NA,terrestrial,PTL16-02_1193 Modern,1.086206545,0.001524305,86.20654489,1.524304687,NA,NA
Brown_et_al_2026,Petaluma,PTL16-03,0,1,PTL16-03_1,0.6511,0.16679465499999999,NA,NA,NA,NA,NA,NA,NA,NA,NA,NA,NA,NA,NA,NA,NA,NA,NA,NA
Brown_et_al_2026,Petaluma,PTL16-03,1,2,PTL16-03_2,0.671,0.13338301,NA,NA,NA,NA,NA,NA,NA,NA,NA,NA,NA,NA,NA,NA,NA,NA,NA,NA
Brown_et_al_2026,Petaluma,PTL16-03,2,3,PTL16-03_3,0.5657,0.126215308,NA,NA,NA,NA,NA,NA,NA,NA,NA,NA,NA,NA,NA,NA,NA,NA,NA,NA
Brown_et_al_2026,Petaluma,PTL16-03,3,4,PTL16-03_4,0.719,0.11821975,3.007723852,0.726381575,30.62933043,6.944025418,56.57065894,6.013173726,26.65235644,3.138229665,NA,NA,NA,NA,NA,NA,NA,NA,NA,NA
Brown_et_al_2026,Petaluma,PTL16-03,4,5,PTL16-03_5,0.5142,0.176001556,NA,NA,NA,NA,NA,NA,NA,NA,NA,NA,NA,NA,NA,NA,NA,NA,NA,NA
Brown_et_al_2026,Petaluma,PTL16-03,5,6,PTL16-03_6,0.7432,0.110468245,NA,NA,NA,NA,NA,NA,NA,NA,NA,NA,NA,NA,NA,NA,NA,NA,NA,NA
Brown_et_al_2026,Petaluma,PTL16-03,6,7,PTL16-03_7,0.7277,0.103888965,NA,NA,NA,NA,NA,NA,NA,NA,NA,NA,NA,NA,NA,NA,NA,NA,NA,NA
Brown_et_al_2026,Petaluma,PTL16-03,7,8,PTL16-03_8,0.5894,0.119952494,4.348634903,0.579926989,21.97554019,4.962559029,46.06759248,3.990717338,24.60401815,2.750828923,NA,NA,NA,NA,NA,NA,NA,NA,NA,NA
Brown_et_al_2026,Petaluma,PTL16-03,8,9,PTL16-03_9,0.6064,0.124010554,NA,NA,NA,NA,NA,NA,NA,NA,NA,NA,NA,NA,NA,NA,NA,NA,NA,NA
Brown_et_al_2026,Petaluma,PTL16-03,9,10,PTL16-03_10,0.6005,0.125228976,NA,NA,NA,NA,NA,NA,NA,NA,NA,NA,NA,NA,NA,NA,NA,NA,NA,NA
Brown_et_al_2026,Petaluma,PTL16-03,10,11,PTL16-03_11,0.6585,0.104783599,NA,NA,NA,NA,NA,NA,NA,NA,NA,NA,NA,NA,NA,NA,NA,NA,NA,NA
Brown_et_al_2026,Petaluma,PTL16-03,11,12,PTL16-03_12,0.6914,0.107897021,3.783351352,0.64981724,2.717455202,4.991053622,24.35155174,4.170737993,21.697857,2.521964386,NA,NA,NA,NA,NA,NA,NA,NA,NA,NA
Brown_et_al_2026,Petaluma,PTL16-03,12,13,PTL16-03_13,0.6305,0.114036479,NA,NA,NA,NA,NA,NA,NA,NA,NA,NA,NA,NA,NA,NA,NA,NA,NA,NA
Brown_et_al_2026,Petaluma,PTL16-03,13,14,PTL16-03_14,0.5905,0.124978832,NA,NA,NA,NA,NA,NA,NA,NA,NA,NA,NA,NA,NA,NA,NA,NA,NA,NA
Brown_et_al_2026,Petaluma,PTL16-03,14,15,PTL16-03_15,0.5328,0.165540541,NA,NA,NA,NA,NA,NA,NA,NA,NA,NA,NA,NA,NA,NA,NA,NA,NA,NA
Brown_et_al_2026,Petaluma,PTL16-03,15,16,PTL16-03_16,0.4572,0.13976378,16.02603877,1.215994167,13.25122481,5.350643802,34.04069287,4.564916813,21.10258777,2.540455293,NA,NA,NA,NA,NA,NA,NA,NA,NA,NA
Brown_et_al_2026,Petaluma,PTL16-03,16,17,PTL16-03_17,0.4863,0.136746864,NA,NA,NA,NA,NA,NA,NA,NA,NA,NA,NA,NA,NA,NA,NA,NA,NA,NA
Brown_et_al_2026,Petaluma,PTL16-03,17,18,PTL16-03_18,0.4563,0.128643436,NA,NA,NA,NA,NA,NA,NA,NA,NA,NA,NA,NA,NA,NA,NA,NA,NA,NA
Brown_et_al_2026,Petaluma,PTL16-03,18,19,PTL16-03_19,0.4602,0.16232073,NA,NA,NA,NA,NA,NA,NA,NA,NA,NA,NA,NA,NA,NA,NA,NA,NA,NA
Brown_et_al_2026,Petaluma,PTL16-03,19,20,PTL16-03_20,0.5463,0.156507414,19.90219106,1.194444414,10.83455484,5.053380567,26.4615669,4.475872348,15.8848274,2.074212787,NA,NA,NA,NA,NA,NA,NA,NA,NA,NA
Brown_et_al_2026,Petaluma,PTL16-03,20,21,PTL16-03_21,0.6305,0.111816019,NA,NA,NA,NA,NA,NA,NA,NA,NA,NA,NA,NA,NA,NA,NA,NA,NA,NA
Brown_et_al_2026,Petaluma,PTL16-03,21,22,PTL16-03_22,0.6117,0.112636914,NA,NA,NA,NA,NA,NA,NA,NA,NA,NA,NA,NA,NA,NA,NA,NA,NA,NA
Brown_et_al_2026,Petaluma,PTL16-03,22,23,PTL16-03_23,0.5732,0.107641312,NA,NA,NA,NA,NA,NA,NA,NA,NA,NA,NA,NA,NA,NA,NA,NA,NA,NA
Brown_et_al_2026,Petaluma,PTL16-03,23,24,PTL16-03_24,0.4666,0.131161595,1.817151231,0.756793127,4.410445714,5.153609068,30.0465149,4.116050351,25.74138502,2.892150944,NA,NA,NA,NA,NA,NA,NA,NA,NA,NA
Brown_et_al_2026,Petaluma,PTL16-03,24,25,PTL16-03_25,0.5246,0.132100648,NA,NA,NA,NA,NA,NA,NA,NA,NA,NA,NA,NA,NA,NA,NA,NA,NA,NA
Brown_et_al_2026,Petaluma,PTL16-03,25,26,PTL16-03_26,0.5863,0.101654443,NA,NA,NA,NA,NA,NA,NA,NA,NA,NA,NA,NA,NA,NA,NA,NA,NA,NA
Brown_et_al_2026,Petaluma,PTL16-03,26,27,PTL16-03_27,0.4346,0.137597791,NA,NA,NA,NA,NA,NA,NA,NA,NA,NA,NA,NA,NA,NA,NA,NA,NA,NA
Brown_et_al_2026,Petaluma,PTL16-03,27,28,PTL16-03_28,0.5238,0.141657121,NA,NA,NA,NA,NA,NA,NA,NA,NA,NA,NA,NA,NA,NA,NA,NA,NA,NA
Brown_et_al_2026,Petaluma,PTL16-03,28,29,PTL16-03_29,0.6421,0.113845196,NA,NA,NA,NA,NA,NA,NA,NA,NA,NA,NA,NA,NA,NA,NA,NA,NA,NA
Brown_et_al_2026,Petaluma,PTL16-03,29,30,PTL16-03_30,0.6344,0.090321564,NA,NA,NA,NA,NA,NA,NA,NA,NA,NA,NA,NA,NA,NA,NA,NA,NA,NA
Brown_et_al_2026,Petaluma,PTL16-03,30,31,PTL16-03_31,0.6444,0.089385475,NA,NA,NA,NA,NA,NA,NA,NA,NA,NA,NA,NA,NA,NA,NA,NA,NA,NA
Brown_et_al_2026,Petaluma,PTL16-03,31,32,PTL16-03_32,0.4,0.11875,-0.230561583,0.517941047,2.942986169,4.854300669,30.54117878,3.638292039,27.66895627,3.034385087,NA,NA,NA,NA,NA,NA,NA,NA,NA,NA
Brown_et_al_2026,Petaluma,PTL16-03,32,33,PTL16-03_33,0.4352,0.169806985,NA,NA,NA,NA,NA,NA,NA,NA,NA,NA,NA,NA,NA,NA,NA,NA,NA,NA
Brown_et_al_2026,Petaluma,PTL16-03,33,34,PTL16-03_34,0.3423,0.213555361,NA,NA,NA,NA,NA,NA,NA,NA,NA,NA,NA,NA,NA,NA,NA,NA,NA,NA
Brown_et_al_2026,Petaluma,PTL16-03,34,35,PTL16-03_35,0.4399,0.186178677,NA,NA,NA,NA,NA,NA,NA,NA,NA,NA,NA,NA,NA,NA,NA,NA,NA,NA
Brown_et_al_2026,Petaluma,PTL16-03,35,36,PTL16-03_36,0.5237,0.138056139,NA,NA,NA,NA,NA,NA,NA,NA,NA,NA,NA,NA,NA,NA,NA,NA,NA,NA
Brown_et_al_2026,Petaluma,PTL16-03,36,37,PTL16-03_37,0.3746,0.179925254,NA,NA,NA,NA,NA,NA,NA,NA,NA,NA,NA,NA,NA,NA,NA,NA,NA,NA
Brown_et_al_2026,Petaluma,PTL16-03,37,38,PTL16-03_38,0.3547,0.221877643,NA,NA,NA,NA,NA,NA,NA,NA,NA,NA,NA,NA,NA,NA,NA,NA,NA,NA
Brown_et_al_2026,Petaluma,PTL16-03,38,39,PTL16-03_39,0.3758,0.206226716,NA,NA,NA,NA,NA,NA,NA,NA,NA,NA,NA,NA,NA,NA,NA,NA,NA,NA
Brown_et_al_2026,Petaluma,PTL16-03,39,40,PTL16-03_40,0.409,0.180440098,-0.370053138,0.536028651,-10.98276087,5.78227294,17.00852018,4.611774586,27.72537806,3.250668185,NA,NA,NA,NA,NA,NA,NA,NA,NA,NA
Brown_et_al_2026,Petaluma,PTL16-03,40,41,PTL16-03_41,0.4539,0.15025336,NA,NA,NA,NA,NA,NA,NA,NA,NA,NA,NA,NA,NA,NA,NA,NA,NA,NA
Brown_et_al_2026,Petaluma,PTL16-03,41,42,PTL16-03_42,0.4152,0.184489403,NA,NA,NA,NA,NA,NA,NA,NA,NA,NA,NA,NA,NA,NA,NA,NA,NA,NA
Brown_et_al_2026,Petaluma,PTL16-03,42,43,PTL16-03_43,0.3039,0.24810793,NA,NA,NA,NA,NA,NA,NA,NA,NA,NA,NA,NA,NA,NA,NA,NA,NA,NA
Brown_et_al_2026,Petaluma,PTL16-03,43,44,PTL16-03_44,0.2816,0.226917614,4.414785677,2.866661296,0.124768908,11.97638734,33.8294496,10.22607296,33.71104274,4.960509762,NA,NA,NA,NA,NA,NA,NA,NA,NA,NA
Brown_et_al_2026,Petaluma,PTL16-03,44,45,PTL16-03_45,0.2333,0.355765109,NA,NA,NA,NA,NA,NA,NA,NA,NA,NA,NA,NA,NA,NA,NA,NA,NA,NA
Brown_et_al_2026,Petaluma,PTL16-03,45,46,PTL16-03_46,0.2481,0.353083434,NA,NA,NA,NA,NA,NA,NA,NA,NA,NA,NA,NA,NA,NA,NA,NA,NA,NA
Brown_et_al_2026,Petaluma,PTL16-03,46,47,PTL16-03_47,0.2225,0.308314607,NA,NA,NA,NA,NA,NA,NA,NA,NA,NA,NA,NA,NA,NA,NA,NA,NA,NA
Brown_et_al_2026,Petaluma,PTL16-03,47,48,PTL16-03_48,0.2683,0.291837495,-3.895118624,2.19579411,10.84758757,11.16589124,29.83902129,9.932609765,19.54543498,3.689270704,NA,NA,NA,NA,NA,NA,NA,NA,NA,NA
Brown_et_al_2026,Petaluma,PTL16-03,48,49,PTL16-03_49,0.252,0.330555556,NA,NA,NA,NA,NA,NA,NA,NA,NA,NA,NA,NA,NA,NA,NA,NA,NA,NA
Brown_et_al_2026,Petaluma,PTL16-03,49,50,PTL16-03_50,0.2296,0.397212544,NA,NA,NA,NA,NA,NA,NA,NA,NA,NA,NA,NA,NA,NA,NA,NA,NA,NA
Brown_et_al_2026,Petaluma,PTL16-03,50,51,PTL16-03_51,0.1999,0.492746373,NA,NA,NA,NA,NA,NA,NA,NA,NA,NA,NA,NA,NA,NA,NA,NA,NA,NA
Brown_et_al_2026,Petaluma,PTL16-03,51,52,PTL16-03_52,0.2232,0.398297491,NA,NA,NA,NA,NA,NA,NA,NA,NA,NA,NA,NA,NA,NA,NA,NA,NA,NA
Brown_et_al_2026,Petaluma,PTL16-03,52,53,PTL16-03_53,0.2059,0.45847498800000003,NA,NA,NA,NA,NA,NA,NA,NA,NA,NA,NA,NA,NA,NA,NA,NA,NA,NA
Brown_et_al_2026,Petaluma,PTL16-03,53,54,PTL16-03_54,0.1696,0.504716981,NA,NA,NA,NA,NA,NA,NA,NA,NA,NA,NA,NA,NA,NA,NA,NA,NA,NA
Brown_et_al_2026,Petaluma,PTL16-03,54,55,PTL16-03_55,0.21560000000000001,0.565398887,NA,NA,NA,NA,NA,NA,NA,NA,NA,NA,NA,NA,NA,NA,NA,NA,NA,NA
Brown_et_al_2026,Petaluma,PTL16-03,55,56,PTL16-03_56,0.1701,0.543797766,NA,NA,NA,NA,NA,NA,NA,NA,NA,NA,NA,NA,NA,NA,NA,NA,NA,NA
Brown_et_al_2026,Petaluma,PTL16-03,56,57,PTL16-03_57,0.1918,0.503649635,NA,NA,NA,NA,NA,NA,NA,NA,NA,NA,NA,NA,NA,NA,NA,NA,NA,NA
Brown_et_al_2026,Petaluma,PTL16-03,57,58,PTL16-03_58,0.1908,0.465408805,NA,NA,NA,NA,NA,NA,NA,NA,NA,NA,NA,NA,NA,NA,NA,NA,NA,NA
Brown_et_al_2026,Petaluma,PTL16-03,58,59,PTL16-03_59,0.2011,0.452511189,NA,NA,NA,NA,NA,NA,NA,NA,NA,NA,NA,NA,NA,NA,NA,NA,NA,NA
Brown_et_al_2026,Petaluma,PTL16-03,59,60,PTL16-03_60,0.2304,0.337239583,NA,NA,NA,NA,NA,NA,NA,NA,NA,NA,NA,NA,NA,NA,NA,NA,NA,NA
Brown_et_al_2026,Petaluma,PTL16-03,60,61,PTL16-03_61,0.2599,0.280107734,NA,NA,NA,NA,NA,NA,NA,NA,NA,NA,NA,NA,NA,NA,NA,NA,NA,NA
Brown_et_al_2026,Petaluma,PTL16-03,61,62,PTL16-03_62,0.2184,0.308150183,NA,NA,NA,NA,NA,NA,NA,NA,NA,NA,NA,NA,NA,NA,NA,NA,NA,NA
Brown_et_al_2026,Petaluma,PTL16-03,62,63,PTL16-03_63,0.2231,0.330345137,NA,NA,NA,NA,NA,NA,NA,NA,NA,NA,NA,NA,NA,NA,NA,NA,NA,NA
Brown_et_al_2026,Petaluma,PTL16-03,63,64,PTL16-03_64,0.2328,0.411512028,NA,NA,NA,NA,NA,NA,NA,NA,NA,NA,NA,NA,NA,NA,NA,NA,NA,NA
Brown_et_al_2026,Petaluma,PTL16-03,64,65,PTL16-03_65,0.21,0.399047619,NA,NA,NA,NA,NA,NA,NA,NA,NA,NA,NA,NA,NA,NA,NA,NA,NA,NA
Brown_et_al_2026,Petaluma,PTL16-03,65,66,PTL16-03_66,0.2243,0.346411057,NA,NA,NA,NA,NA,NA,NA,NA,NA,NA,NA,NA,NA,NA,NA,NA,NA,NA
Brown_et_al_2026,Petaluma,PTL16-03,66,67,PTL16-03_67,0.2046,0.367057674,NA,NA,NA,NA,NA,NA,NA,NA,NA,NA,NA,NA,NA,NA,NA,NA,NA,NA
Brown_et_al_2026,Petaluma,PTL16-03,67,68,PTL16-03_68,0.2219,0.362776025,NA,NA,NA,NA,NA,NA,NA,NA,NA,NA,NA,NA,NA,NA,NA,NA,NA,NA
Brown_et_al_2026,Petaluma,PTL16-03,68,69,PTL16-03_69,0.2063,0.410082404,NA,NA,NA,NA,NA,NA,NA,NA,NA,NA,NA,NA,NA,NA,NA,NA,NA,NA
Brown_et_al_2026,Petaluma,PTL16-03,69,70,PTL16-03_70,0.2609,0.325028747,NA,NA,NA,NA,NA,NA,NA,NA,NA,NA,NA,NA,NA,NA,NA,NA,NA,NA
Brown_et_al_2026,Petaluma,PTL16-03,70,71,PTL16-03_71,0.237,0.358649789,NA,NA,NA,NA,NA,NA,NA,NA,NA,NA,NA,NA,NA,NA,NA,NA,NA,NA
Brown_et_al_2026,Petaluma,PTL16-03,71,72,PTL16-03_72,0.2017,0.361923649,NA,NA,NA,NA,NA,NA,NA,NA,NA,NA,NA,NA,NA,NA,NA,NA,NA,NA
Brown_et_al_2026,Petaluma,PTL16-03,72,73,PTL16-03_73,0.2418,0.325062035,NA,NA,NA,NA,NA,NA,NA,NA,NA,NA,NA,NA,NA,NA,NA,NA,NA,NA
Brown_et_al_2026,Petaluma,PTL16-03,73,74,PTL16-03_74,0.2202,0.31017257,NA,NA,NA,NA,NA,NA,NA,NA,NA,NA,NA,NA,NA,NA,NA,NA,NA,NA
Brown_et_al_2026,Petaluma,PTL16-03,74,75,PTL16-03_75,0.2422,0.32535095000000003,NA,NA,NA,NA,NA,NA,NA,NA,NA,NA,NA,NA,NA,NA,NA,NA,NA,NA
Brown_et_al_2026,Petaluma,PTL16-03,75,76,PTL16-03_76,0.21560000000000001,0.422541744,NA,NA,NA,NA,NA,NA,NA,NA,NA,NA,NA,NA,NA,NA,NA,NA,NA,NA
Brown_et_al_2026,Petaluma,PTL16-03,76,77,PTL16-03_77,0.2034,0.439036382,NA,NA,NA,NA,NA,NA,NA,NA,NA,NA,NA,NA,NA,NA,NA,NA,NA,NA
Brown_et_al_2026,Petaluma,PTL16-03,77,78,PTL16-03_78,0.2433,0.424989725,NA,NA,NA,NA,NA,NA,NA,NA,NA,NA,NA,NA,NA,NA,NA,NA,NA,NA
Brown_et_al_2026,Petaluma,PTL16-03,78,79,PTL16-03_79,0.2014,0.431976167,NA,NA,NA,NA,NA,NA,NA,NA,NA,NA,NA,NA,NA,NA,NA,NA,NA,NA
Brown_et_al_2026,Petaluma,PTL16-03,79,80,PTL16-03_80,0.19,0.413157895,NA,NA,NA,NA,NA,NA,NA,NA,NA,NA,NA,NA,NA,NA,NA,NA,NA,NA
Brown_et_al_2026,Petaluma,PTL16-03,80,81,PTL16-03_81,0.193,0.535233161,NA,NA,NA,NA,NA,NA,NA,NA,NA,NA,NA,NA,NA,NA,NA,NA,NA,NA
Brown_et_al_2026,Petaluma,PTL16-03,81,82,PTL16-03_82,0.2424,0.379950495,NA,NA,NA,NA,NA,NA,NA,NA,NA,NA,NA,NA,NA,NA,NA,NA,NA,NA
Brown_et_al_2026,Petaluma,PTL16-03,82,83,PTL16-03_83,0.1961,0.407445181,NA,NA,NA,NA,NA,NA,NA,NA,NA,NA,NA,NA,NA,NA,NA,NA,NA,NA
Brown_et_al_2026,Petaluma,PTL16-03,83,84,PTL16-03_84,0.1718,0.376018626,NA,NA,NA,NA,NA,NA,NA,NA,NA,NA,NA,NA,NA,NA,NA,NA,NA,NA
Brown_et_al_2026,Petaluma,PTL16-03,84,85,PTL16-03_85,0.2062,0.431619787,NA,NA,NA,NA,NA,NA,NA,NA,NA,NA,NA,NA,NA,NA,NA,NA,NA,NA
Brown_et_al_2026,Petaluma,PTL16-03,85,86,PTL16-03_86,0.224,0.363392857,NA,NA,NA,NA,NA,NA,NA,NA,NA,NA,NA,NA,NA,NA,NA,NA,NA,NA
Brown_et_al_2026,Petaluma,PTL16-03,86,87,PTL16-03_87,0.2113,0.353999054,NA,NA,NA,NA,NA,NA,NA,NA,NA,NA,NA,NA,NA,NA,NA,NA,NA,NA
Brown_et_al_2026,Petaluma,PTL16-03,87,88,PTL16-03_88,0.2284,0.381348511,NA,NA,NA,NA,NA,NA,NA,NA,NA,NA,NA,NA,NA,NA,NA,NA,NA,NA
Brown_et_al_2026,Petaluma,PTL16-03,88,89,PTL16-03_89,0.2247,0.335558523,NA,NA,NA,NA,NA,NA,NA,NA,NA,NA,NA,NA,NA,NA,NA,NA,NA,NA
Brown_et_al_2026,Petaluma,PTL16-03,89,90,PTL16-03_90,0.2093,0.368848543,NA,NA,NA,NA,NA,NA,NA,NA,NA,NA,NA,NA,NA,NA,NA,NA,NA,NA
Brown_et_al_2026,Petaluma,PTL16-03,90,91,PTL16-03_91,0.201,0.399502488,NA,NA,NA,NA,NA,NA,NA,NA,NA,NA,NA,NA,NA,NA,NA,NA,NA,NA
Brown_et_al_2026,Petaluma,PTL16-03,91,92,PTL16-03_92,0.1891,0.385510312,NA,NA,NA,NA,NA,NA,NA,NA,NA,NA,NA,NA,NA,NA,NA,NA,NA,NA
Brown_et_al_2026,Petaluma,PTL16-03,92,93,PTL16-03_93,0.2061,0.336244542,NA,NA,NA,NA,NA,NA,NA,NA,NA,NA,NA,NA,NA,NA,NA,NA,NA,NA
Brown_et_al_2026,Petaluma,PTL16-03,93,94,PTL16-03_94,0.2103,0.349500713,NA,NA,NA,NA,NA,NA,NA,NA,NA,NA,NA,NA,NA,NA,NA,NA,NA,NA
Brown_et_al_2026,Petaluma,PTL16-03,94,95,PTL16-03_95,0.1801,0.406996113,NA,NA,NA,NA,NA,NA,NA,NA,NA,NA,NA,NA,NA,NA,NA,NA,NA,NA
Brown_et_al_2026,Petaluma,PTL16-03,95,96,PTL16-03_96,0.2048,0.390625,NA,NA,NA,NA,NA,NA,NA,NA,NA,NA,NA,NA,NA,NA,NA,NA,NA,NA
Brown_et_al_2026,Petaluma,PTL16-03,96,97,PTL16-03_97,0.2157,0.37366713,NA,NA,NA,NA,NA,NA,NA,NA,NA,NA,NA,NA,NA,NA,NA,NA,NA,NA
Brown_et_al_2026,Petaluma,PTL16-03,97,98,PTL16-03_98,0.2607,0.336401995,NA,NA,NA,NA,NA,NA,NA,NA,NA,NA,NA,NA,NA,NA,NA,NA,NA,NA
Brown_et_al_2026,Petaluma,PTL16-03,98,99,PTL16-03_99,0.2043,0.384728341,NA,NA,NA,NA,NA,NA,NA,NA,NA,NA,NA,NA,NA,NA,NA,NA,NA,NA
Brown_et_al_2026,Petaluma,PTL16-03,99,100,PTL16-03_100,0.2692,0.305349183,NA,NA,NA,NA,NA,NA,NA,NA,NA,NA,NA,NA,NA,NA,NA,NA,NA,NA
Brown_et_al_2026,Seal Beach,SB14-01,0,1,SB14-01_1,0.4159,0.17528252,NA,NA,NA,NA,NA,NA,NA,NA,NA,NA,NA,NA,NA,NA,NA,NA,NA,NA
Brown_et_al_2026,Seal Beach,SB14-01,1,2,SB14-01_2,0.4183,0.174754961,NA,NA,NA,NA,NA,NA,NA,NA,NA,NA,NA,NA,NA,NA,NA,NA,NA,NA
Brown_et_al_2026,Seal Beach,SB14-01,2,3,SB14-01_3,0.388,0.157989691,4.279607912691207,4.668663177481316,NA,NA,NA,NA,NA,NA,NA,NA,NA,NA,NA,NA,NA,NA,NA,NA
Brown_et_al_2026,Seal Beach,SB14-01,3,4,SB14-01_4,0.3567,0.188954303,NA,NA,NA,NA,NA,NA,NA,NA,NA,NA,NA,NA,NA,NA,NA,NA,NA,NA
Brown_et_al_2026,Seal Beach,SB14-01,4,5,SB14-01_5,0.4023,0.172259508,5.438095894463986,5.438095894463986,NA,NA,NA,NA,NA,NA,NA,NA,NA,NA,NA,NA,NA,NA,NA,NA
Brown_et_al_2026,Seal Beach,SB14-01,5,6,SB14-01_6,0.4969,0.222781244,NA,NA,NA,NA,NA,NA,NA,NA,NA,NA,NA,NA,NA,NA,NA,NA,NA,NA
Brown_et_al_2026,Seal Beach,SB14-01,6,7,SB14-01_7,0.3899,0.185688638,5.470050517775474,5.0793326236486545,NA,NA,NA,NA,NA,NA,NA,NA,NA,NA,NA,NA,NA,NA,NA,NA
Brown_et_al_2026,Seal Beach,SB14-01,7,8,SB14-01_8,0.3208,0.20542394,NA,NA,NA,NA,NA,NA,NA,NA,NA,NA,NA,NA,NA,NA,NA,NA,NA,NA
Brown_et_al_2026,Seal Beach,SB14-01,8,9,SB14-01_9,0.3769,0.182011144,8.8796426869745,7.893015721755111,NA,NA,NA,NA,NA,NA,NA,NA,NA,NA,NA,NA,NA,NA,NA,NA
Brown_et_al_2026,Seal Beach,SB14-01,9,10,SB14-01_10,0.264,0.217045455,NA,NA,NA,NA,NA,NA,NA,NA,NA,NA,NA,NA,NA,NA,NA,NA,NA,NA
Brown_et_al_2026,Seal Beach,SB14-01,10,11,SB14-01_11,0.2914,0.259780371,14.582346545942569,13.5021727277246,NA,NA,NA,NA,NA,NA,NA,NA,NA,NA,NA,NA,NA,NA,NA,NA
Brown_et_al_2026,Seal Beach,SB14-01,11,12,SB14-01_12,0.2694,0.203786192,NA,NA,NA,NA,NA,NA,NA,NA,NA,NA,NA,NA,NA,NA,NA,NA,NA,NA
Brown_et_al_2026,Seal Beach,SB14-01,12,13,SB14-01_13,0.3526,0.212422008,NA,NA,NA,NA,NA,NA,NA,NA,NA,NA,NA,NA,NA,NA,NA,NA,NA,NA
Brown_et_al_2026,Seal Beach,SB14-01,13,14,SB14-01_14,0.3244,0.197903822,NA,NA,NA,NA,NA,NA,NA,NA,NA,NA,NA,NA,NA,NA,NA,NA,NA,NA
Brown_et_al_2026,Seal Beach,SB14-01,14,15,SB14-01_15,0.3873,0.153369481,15.325396051468307,12.07455446479321,NA,NA,NA,NA,NA,NA,NA,NA,NA,NA,NA,NA,NA,NA,NA,NA
Brown_et_al_2026,Seal Beach,SB14-01,15,16,SB14-01_16,0.4051,0.178474451,NA,NA,NA,NA,NA,NA,NA,NA,NA,NA,NA,NA,NA,NA,NA,NA,NA,NA
Brown_et_al_2026,Seal Beach,SB14-01,16,17,SB14-01_17,0.2846,0.17357695,19.29419111231956,14.216772398551255,NA,NA,NA,NA,NA,NA,NA,NA,NA,NA,NA,NA,NA,NA,NA,NA
Brown_et_al_2026,Seal Beach,SB14-01,17,18,SB14-01_18,0.2868,0.160041841,NA,NA,NA,NA,NA,NA,NA,NA,NA,NA,NA,NA,NA,NA,NA,NA,NA,NA
Brown_et_al_2026,Seal Beach,SB14-01,18,19,SB14-01_19,0.4725,0.191111111,22.534532780474432,12.519184878041354,NA,NA,NA,NA,NA,NA,NA,NA,NA,NA,NA,NA,NA,NA,NA,NA
Brown_et_al_2026,Seal Beach,SB14-01,19,20,SB14-01_20,0.2681,0.267437523,NA,NA,NA,NA,NA,NA,NA,NA,NA,NA,NA,NA,NA,NA,NA,NA,NA,NA
Brown_et_al_2026,Seal Beach,SB14-01,20,21,SB14-01_21,0.2578,0.247478666,21.901780180436997,19.075744028122546,NA,NA,NA,NA,NA,NA,NA,NA,NA,NA,NA,NA,NA,NA,NA,NA
Brown_et_al_2026,Seal Beach,SB14-01,21,22,SB14-01_22,0.3116,0.209242619,NA,NA,NA,NA,NA,NA,NA,NA,NA,NA,NA,NA,NA,NA,NA,NA,NA,NA
Brown_et_al_2026,Seal Beach,SB14-01,22,23,SB14-01_23,1.4072,0.763004548,14.708418706282133,13.657817370119123,NA,NA,NA,NA,NA,NA,NA,NA,NA,NA,NA,NA,NA,NA,NA,NA
Brown_et_al_2026,Seal Beach,SB14-01,24,25,SB14-01_25,0.5691,0.105429626,NA,NA,NA,NA,NA,NA,NA,NA,NA,NA,NA,NA,NA,NA,NA,NA,NA,NA
Brown_et_al_2026,Seal Beach,SB14-01,25,26,SB14-01_26,0.4229,0.119413573,NA,NA,NA,NA,NA,NA,NA,NA,NA,NA,NA,NA,NA,NA,NA,NA,NA,NA
Brown_et_al_2026,Seal Beach,SB14-01,26,27,SB14-01_27,0.5038,0.1232632,NA,NA,NA,NA,NA,NA,NA,NA,NA,NA,NA,NA,NA,NA,NA,NA,NA,NA
Brown_et_al_2026,Seal Beach,SB14-01,27,28,SB14-01_28,0.4085,0.12876377,NA,NA,NA,NA,NA,NA,NA,NA,NA,NA,NA,NA,NA,NA,NA,NA,NA,NA
Brown_et_al_2026,Seal Beach,SB14-01,28,29,SB14-01_29,0.5201,0.176312248,NA,NA,NA,NA,NA,NA,NA,NA,NA,NA,NA,NA,NA,NA,NA,NA,NA,NA
Brown_et_al_2026,Seal Beach,SB14-01,29,30,SB14-01_30,0.5873,0.099438107,NA,NA,NA,NA,NA,NA,NA,NA,NA,NA,NA,NA,NA,NA,NA,NA,NA,NA
Brown_et_al_2026,Seal Beach,SB14-01,30,31,SB14-01_31,0.608,0.107730263,7.679950926956765,7.314238978054062,NA,NA,NA,NA,NA,NA,NA,NA,NA,NA,NA,NA,NA,NA,NA,NA
Brown_et_al_2026,Seal Beach,SB14-01,31,32,SB14-01_32,0.5172,0.099381284,NA,NA,NA,NA,NA,NA,NA,NA,NA,NA,NA,NA,NA,NA,NA,NA,NA,NA
Brown_et_al_2026,Seal Beach,SB14-01,32,33,SB14-01_33,0.4552,0.097759227,NA,NA,NA,NA,NA,NA,NA,NA,NA,NA,NA,NA,NA,NA,NA,NA,NA,NA
Brown_et_al_2026,Seal Beach,SB14-01,33,34,SB14-01_34,0.5077,0.095331889,NA,NA,NA,NA,NA,NA,NA,NA,NA,NA,NA,NA,NA,NA,NA,NA,NA,NA
Brown_et_al_2026,Seal Beach,SB14-01,34,35,SB14-01_35,0.4321,0.113399676,NA,NA,NA,NA,NA,NA,NA,NA,NA,NA,NA,NA,NA,NA,NA,NA,NA,NA
Brown_et_al_2026,Seal Beach,SB14-01,35,36,SB14-01_36,0.4079,0.130178965,NA,NA,NA,NA,NA,NA,NA,NA,NA,NA,NA,NA,NA,NA,NA,NA,NA,NA
Brown_et_al_2026,Seal Beach,SB14-01,36,37,SB14-01_37,0.3178,0.207677785,NA,NA,NA,NA,NA,NA,NA,NA,NA,NA,NA,NA,NA,NA,NA,NA,NA,NA
Brown_et_al_2026,Seal Beach,SB14-01,37,38,SB14-01_38,0.3009,0.228315055,NA,NA,NA,NA,NA,NA,NA,NA,NA,NA,NA,NA,NA,NA,NA,NA,NA,NA
Brown_et_al_2026,Seal Beach,SB14-01,38,39,SB14-01_39,0.3477,0.201035375,6.799515964750841,6.276476275154621,NA,NA,NA,NA,NA,NA,NA,NA,NA,NA,NA,NA,NA,NA,NA,NA
Brown_et_al_2026,Seal Beach,SB14-01,39,40,SB14-01_40,0.2887,0.224800831,NA,NA,NA,NA,NA,NA,NA,NA,NA,NA,NA,NA,NA,NA,NA,NA,NA,NA
Brown_et_al_2026,Seal Beach,SB14-01,40,41,SB14-01_41,0.3665,0.18744884,NA,NA,NA,NA,NA,NA,NA,NA,NA,NA,NA,NA,NA,NA,NA,NA,NA,NA
Brown_et_al_2026,Seal Beach,SB14-01,42,43,SB14-01_43,0.2081,0.198942816,NA,NA,NA,NA,NA,NA,NA,NA,NA,NA,NA,NA,NA,NA,NA,NA,NA,NA
Brown_et_al_2026,Seal Beach,SB14-01,43,44,SB14-01_44,0.3449,0.208466222,NA,NA,NA,NA,NA,NA,NA,NA,NA,NA,NA,NA,NA,NA,NA,NA,NA,NA
Brown_et_al_2026,Seal Beach,SB14-01,44,45,SB14-01_45,0.2853,0.205397827,NA,NA,NA,NA,NA,NA,NA,NA,NA,NA,NA,NA,NA,NA,NA,NA,NA,NA
Brown_et_al_2026,Seal Beach,SB14-01,45,46,SB14-01_46,0.3931,0.167387433,NA,NA,NA,NA,NA,NA,NA,NA,NA,NA,NA,NA,NA,NA,NA,NA,NA,NA
Brown_et_al_2026,Seal Beach,SB14-01,46,47,SB14-01_47,0.3963,0.151652788,NA,NA,NA,NA,NA,NA,NA,NA,NA,NA,NA,NA,NA,NA,NA,NA,NA,NA
Brown_et_al_2026,Seal Beach,SB14-01,47,48,SB14-01_48,0.4001,0.153711572,NA,NA,NA,NA,NA,NA,NA,NA,NA,NA,NA,NA,NA,NA,NA,NA,NA,NA
Brown_et_al_2026,Seal Beach,SB14-01,48,49,SB14-01_49,0.3783,0.163626751,NA,NA,NA,NA,NA,NA,NA,NA,NA,NA,NA,NA,NA,NA,NA,NA,NA,NA
Brown_et_al_2026,Seal Beach,SB14-01,49,50,SB14-01_50,0.3593,0.164764821,NA,NA,NA,NA,NA,NA,NA,NA,NA,NA,NA,NA,NA,NA,NA,NA,NA,NA
Brown_et_al_2026,Seal Beach,SB14-01,50,51,SB14-01_51,0.3585,0.159553696,NA,NA,NA,NA,NA,NA,NA,NA,NA,NA,NA,NA,NA,NA,NA,NA,NA,NA
Brown_et_al_2026,Seal Beach,SB14-01,51,52,SB14-01_52,0.3082,0.171317326,NA,NA,NA,NA,NA,NA,NA,NA,NA,NA,NA,NA,NA,NA,NA,NA,NA,NA
Brown_et_al_2026,Seal Beach,SB14-01,52,53,SB14-01_53,0.2585,0.182205029,NA,NA,NA,NA,NA,NA,NA,NA,NA,NA,NA,NA,NA,NA,NA,NA,NA,NA
Brown_et_al_2026,Seal Beach,SB14-01,53,54,SB14-01_54,0.3393,0.167108753,NA,NA,NA,NA,NA,NA,NA,NA,NA,NA,NA,NA,NA,NA,NA,NA,NA,NA
Brown_et_al_2026,Seal Beach,SB14-01,54,55,SB14-01_55,0.346,0.184104046,NA,NA,NA,NA,NA,NA,NA,NA,NA,NA,NA,NA,NA,NA,NA,NA,NA,NA
Brown_et_al_2026,Seal Beach,SB14-01,55,56,SB14-01_56,0.3678,0.150897227,NA,NA,NA,NA,NA,NA,NA,NA,NA,NA,NA,NA,NA,NA,NA,NA,NA,NA
Brown_et_al_2026,Seal Beach,SB14-01,56,57,SB14-01_57,0.3842,0.169182717,NA,NA,NA,NA,NA,NA,NA,NA,NA,NA,NA,NA,NA,NA,NA,NA,NA,NA
Brown_et_al_2026,Seal Beach,SB14-01,57,58,SB14-01_58,0.3283,0.196162047,NA,NA,NA,NA,NA,NA,NA,NA,NA,NA,NA,NA,NA,NA,NA,NA,NA,NA
Brown_et_al_2026,Seal Beach,SB14-01,58,59,SB14-01_59,0.3616,0.178926991,NA,NA,NA,NA,NA,NA,NA,NA,NA,NA,NA,NA,NA,NA,NA,NA,NA,NA
Brown_et_al_2026,Seal Beach,SB14-01,59,60,SB14-01_60,0.3432,0.190850816,NA,NA,NA,NA,NA,NA,NA,NA,335,20,terrestrial,SB14-01 60cm .15mgC,0.959,0.0022,-41,2.2,NA,NA
Brown_et_al_2026,Seal Beach,SB14-01,60,61,SB14-01_61,0.3318,0.171187462,NA,NA,NA,NA,NA,NA,NA,NA,NA,NA,NA,NA,NA,NA,NA,NA,NA,NA
Brown_et_al_2026,Seal Beach,SB14-01,61,62,SB14-01_62,0.4095,0.166788767,NA,NA,NA,NA,NA,NA,NA,NA,NA,NA,NA,NA,NA,NA,NA,NA,NA,NA
Brown_et_al_2026,Seal Beach,SB14-01,62,63,SB14-01_63,0.3923,0.10476676,NA,NA,NA,NA,NA,NA,NA,NA,NA,NA,NA,NA,NA,NA,NA,NA,NA,NA
Brown_et_al_2026,Seal Beach,SB14-01,63,64,SB14-01_64,0.5175,0.086570048,NA,NA,NA,NA,NA,NA,NA,NA,NA,NA,NA,NA,NA,NA,NA,NA,NA,NA
Brown_et_al_2026,Seal Beach,SB14-01,64,65,SB14-01_65,0.5117,0.080515927,NA,NA,NA,NA,NA,NA,NA,NA,NA,NA,NA,NA,NA,NA,NA,NA,NA,NA
Brown_et_al_2026,Seal Beach,SB14-01,65,66,SB14-01_66,0.8729,0.072631458,NA,NA,NA,NA,NA,NA,NA,NA,NA,NA,NA,NA,NA,NA,NA,NA,NA,NA
Brown_et_al_2026,Seal Beach,SB14-01,66,67,SB14-01_67,0.6713,0.066140325,NA,NA,NA,NA,NA,NA,NA,NA,NA,NA,NA,NA,NA,NA,NA,NA,NA,NA
Brown_et_al_2026,Seal Beach,SB14-01,67,68,SB14-01_68,0.5194,0.112244898,NA,NA,NA,NA,NA,NA,NA,NA,NA,NA,NA,NA,NA,NA,NA,NA,NA,NA
Brown_et_al_2026,Seal Beach,SB14-01,68,69,SB14-01_69,0.4522,0.094869527,NA,NA,NA,NA,NA,NA,NA,NA,NA,NA,NA,NA,NA,NA,NA,NA,NA,NA
Brown_et_al_2026,Seal Beach,SB14-01,69,70,SB14-01_70,0.4514,0.126495348,NA,NA,NA,NA,NA,NA,NA,NA,NA,NA,NA,NA,NA,NA,NA,NA,NA,NA
Brown_et_al_2026,Seal Beach,SB14-01,70,71,SB14-01_71,0.3509,0.12938159,NA,NA,NA,NA,NA,NA,NA,NA,NA,NA,NA,NA,NA,NA,NA,NA,NA,NA
Brown_et_al_2026,Seal Beach,SB14-01,71,72,SB14-01_72,0.314,0.137261147,NA,NA,NA,NA,NA,NA,NA,NA,NA,NA,NA,NA,NA,NA,NA,NA,NA,NA
Brown_et_al_2026,Seal Beach,SB14-01,72,73,SB14-01_73,0.8927,0.067771928,NA,NA,NA,NA,NA,NA,NA,NA,NA,NA,NA,NA,NA,NA,NA,NA,NA,NA
Brown_et_al_2026,Seal Beach,SB14-01,73,74,SB14-01_74,0.3461,0.156602138,NA,NA,NA,NA,NA,NA,NA,NA,NA,NA,NA,NA,NA,NA,NA,NA,NA,NA
Brown_et_al_2026,Seal Beach,SB14-01,74,75,SB14-01_75,0.3987,0.139954853,NA,NA,NA,NA,NA,NA,NA,NA,NA,NA,NA,NA,NA,NA,NA,NA,NA,NA
Brown_et_al_2026,Seal Beach,SB14-01,75,76,SB14-01_76,0.3673,0.133950449,NA,NA,NA,NA,NA,NA,NA,NA,NA,NA,NA,NA,NA,NA,NA,NA,NA,NA
Brown_et_al_2026,Seal Beach,SB14-01,76,77,SB14-01_77,0.4183,0.151087736,NA,NA,NA,NA,NA,NA,NA,NA,NA,NA,NA,NA,NA,NA,NA,NA,NA,NA
Brown_et_al_2026,Seal Beach,SB14-01,77,78,SB14-01_78,0.4837,0.129625801,NA,NA,NA,NA,NA,NA,NA,NA,NA,NA,NA,NA,NA,NA,NA,NA,NA,NA
Brown_et_al_2026,Seal Beach,SB14-01,78,79,SB14-01_79,0.4754,0.12053008,NA,NA,NA,NA,NA,NA,NA,NA,NA,NA,NA,NA,NA,NA,NA,NA,NA,NA
Brown_et_al_2026,Seal Beach,SB14-01,79,80,SB14-01_80,0.4116,0.121963071,NA,NA,NA,NA,NA,NA,NA,NA,NA,NA,NA,NA,NA,NA,NA,NA,NA,NA
Brown_et_al_2026,Seal Beach,SB14-01,80,81,SB14-01_81,0.4793,0.113498853,NA,NA,NA,NA,NA,NA,NA,NA,NA,NA,NA,NA,NA,NA,NA,NA,NA,NA
Brown_et_al_2026,Seal Beach,SB14-01,81,82,SB14-01_82,1.129,0.047829938,NA,NA,NA,NA,NA,NA,NA,NA,NA,NA,NA,NA,NA,NA,NA,NA,NA,NA
Brown_et_al_2026,Seal Beach,SB14-01,83,84,SB14-01_84,0.8399,0.051196571,NA,NA,NA,NA,NA,NA,NA,NA,NA,NA,NA,NA,NA,NA,NA,NA,NA,NA
Brown_et_al_2026,Seal Beach,SB14-01,84,85,SB14-01_85,1.1441,0.042653614,NA,NA,NA,NA,NA,NA,NA,NA,NA,NA,NA,NA,NA,NA,NA,NA,NA,NA
Brown_et_al_2026,Seal Beach,SB14-01,85,86,SB14-01_86,1.0968,0.04868709,NA,NA,NA,NA,NA,NA,NA,NA,NA,NA,NA,NA,NA,NA,NA,NA,NA,NA
Brown_et_al_2026,Seal Beach,SB14-01,86,87,SB14-01_87,0.7974,0.073112616,NA,NA,NA,NA,NA,NA,NA,NA,NA,NA,NA,NA,NA,NA,NA,NA,NA,NA
Brown_et_al_2026,Seal Beach,SB14-01,87,88,SB14-01_88,0.584,0.106164384,NA,NA,NA,NA,NA,NA,NA,NA,NA,NA,NA,NA,NA,NA,NA,NA,NA,NA
Brown_et_al_2026,Seal Beach,SB14-01,88,89,SB14-01_89,0.4371,0.12582933,NA,NA,NA,NA,NA,NA,NA,NA,NA,NA,NA,NA,NA,NA,NA,NA,NA,NA
Brown_et_al_2026,Seal Beach,SB14-01,89,90,SB14-01_90,0.5013,0.119688809,NA,NA,NA,NA,NA,NA,NA,NA,NA,NA,NA,NA,NA,NA,NA,NA,NA,NA
Brown_et_al_2026,Seal Beach,SB14-01,90,91,SB14-01_91,0.4183,0.12646426,NA,NA,NA,NA,NA,NA,NA,NA,NA,NA,NA,NA,NA,NA,NA,NA,NA,NA
Brown_et_al_2026,Seal Beach,SB14-01,91,92,SB14-01_92,0.5165,0.126621491,NA,NA,NA,NA,NA,NA,NA,NA,NA,NA,NA,NA,NA,NA,NA,NA,NA,NA
Brown_et_al_2026,Seal Beach,SB14-01,92,93,SB14-01_93,0.3552,0.149774775,NA,NA,NA,NA,NA,NA,NA,NA,NA,NA,NA,NA,NA,NA,NA,NA,NA,NA
Brown_et_al_2026,Seal Beach,SB14-01,93,94,SB14-01_94,0.4003,0.18810891800000001,NA,NA,NA,NA,NA,NA,NA,NA,NA,NA,NA,NA,NA,NA,NA,NA,NA,NA
Brown_et_al_2026,Seal Beach,SB14-01,94,95,SB14-01_95,0.3805,0.18239159,NA,NA,NA,NA,NA,NA,NA,NA,NA,NA,NA,NA,NA,NA,NA,NA,NA,NA
Brown_et_al_2026,Seal Beach,SB14-01,95,96,SB14-01_96,0.5721,0.127250481,NA,NA,NA,NA,NA,NA,NA,NA,NA,NA,NA,NA,NA,NA,NA,NA,NA,NA
Brown_et_al_2026,Seal Beach,SB14-01,96,97,SB14-01_97,0.2684,0.217958271,NA,NA,NA,NA,NA,NA,NA,NA,NA,NA,NA,NA,NA,NA,NA,NA,NA,NA
Brown_et_al_2026,Seal Beach,SB14-01,97,98,SB14-01_98,0.327,0.219571865,NA,NA,NA,NA,NA,NA,NA,NA,NA,NA,NA,NA,NA,NA,NA,NA,NA,NA
Brown_et_al_2026,Seal Beach,SB14-01,98,99,SB14-01_99,0.3273,0.1918729,NA,NA,NA,NA,NA,NA,NA,NA,NA,NA,NA,NA,NA,NA,NA,NA,NA,NA
Brown_et_al_2026,Seal Beach,SB14-01,99,100,SB14-01_100,0.4859,0.109487549,NA,NA,NA,NA,NA,NA,NA,NA,NA,NA,NA,NA,NA,NA,NA,NA,NA,NA
Brown_et_al_2026,Seal Beach,SB14-01,106,107,SB14-01_107,NA,NA,NA,NA,NA,NA,NA,NA,NA,NA,640,60,terrestrial,SB14-01 107cm .027mgC,0.923,0.0067,-77,6.7,NA,NA
Brown_et_al_2026,Seal Beach,SB14-02,50,51,SB14-02_51,0.3016,0.209880637,NA,NA,NA,NA,NA,NA,NA,NA,NA,NA,NA,NA,NA,NA,NA,NA,NA,NA
Brown_et_al_2026,Seal Beach,SB14-02,51,52,SB14-02_52,0.408,0.17745098,NA,NA,NA,NA,NA,NA,NA,NA,NA,NA,NA,NA,NA,NA,NA,NA,NA,NA
Brown_et_al_2026,Seal Beach,SB14-02,52,53,SB14-02_53,0.378,0.189153439,NA,NA,NA,NA,NA,NA,NA,NA,NA,NA,NA,NA,NA,NA,NA,NA,NA,NA
Brown_et_al_2026,Seal Beach,SB14-02,53,54,SB14-02_54,0.3317,0.206511908,NA,NA,NA,NA,NA,NA,NA,NA,NA,NA,NA,NA,NA,NA,NA,NA,NA,NA
Brown_et_al_2026,Seal Beach,SB14-02,54,55,SB14-02_55,0.3095,0.191599354,NA,NA,NA,NA,NA,NA,NA,NA,NA,NA,NA,NA,NA,NA,NA,NA,NA,NA
Brown_et_al_2026,Seal Beach,SB14-02,55,56,SB14-02_56,0.3596,0.180478309,NA,NA,NA,NA,NA,NA,NA,NA,NA,NA,NA,NA,NA,NA,NA,NA,NA,NA
Brown_et_al_2026,Seal Beach,SB14-02,56,57,SB14-02_57,0.2447,0.209644463,NA,NA,NA,NA,NA,NA,NA,NA,NA,NA,NA,NA,NA,NA,NA,NA,NA,NA
Brown_et_al_2026,Seal Beach,SB14-02,57,58,SB14-02_58,0.3486,0.181009753,NA,NA,NA,NA,NA,NA,NA,NA,NA,NA,NA,NA,NA,NA,NA,NA,NA,NA
Brown_et_al_2026,Seal Beach,SB14-02,58,59,SB14-02_59,0.3462,0.191218949,NA,NA,NA,NA,NA,NA,NA,NA,375,20,terrestrial,SB14-02 59cm .16mgC,0.9543,0.0021,-45.7,2.1,NA,NA
Brown_et_al_2026,Seal Beach,SB14-02,59,60,SB14-02_60,0.3341,0.133193655,NA,NA,NA,NA,NA,NA,NA,NA,NA,NA,NA,NA,NA,NA,NA,NA,NA,NA
Brown_et_al_2026,Seal Beach,SB14-02,60,61,SB14-02_61,0.3479,0.175912619,NA,NA,NA,NA,NA,NA,NA,NA,NA,NA,NA,NA,NA,NA,NA,NA,NA,NA
Brown_et_al_2026,Seal Beach,SB14-02,61,62,SB14-02_62,0.342,0.192982456,NA,NA,NA,NA,NA,NA,NA,NA,NA,NA,NA,NA,NA,NA,NA,NA,NA,NA
Brown_et_al_2026,Seal Beach,SB14-02,62,63,SB14-02_63,0.3134,0.178047224,NA,NA,NA,NA,NA,NA,NA,NA,NA,NA,NA,NA,NA,NA,NA,NA,NA,NA
Brown_et_al_2026,Seal Beach,SB14-02,63,64,SB14-02_64,0.4557,0.091288128,NA,NA,NA,NA,NA,NA,NA,NA,NA,NA,NA,NA,NA,NA,NA,NA,NA,NA
Brown_et_al_2026,Seal Beach,SB14-02,64,65,SB14-02_65,0.7136,0.047085202,NA,NA,NA,NA,NA,NA,NA,NA,NA,NA,NA,NA,NA,NA,NA,NA,NA,NA
Brown_et_al_2026,Seal Beach,SB14-02,65,66,SB14-02_66,0.5724,0.051537386,NA,NA,NA,NA,NA,NA,NA,NA,NA,NA,NA,NA,NA,NA,NA,NA,NA,NA
Brown_et_al_2026,Seal Beach,SB14-02,66,67,SB14-02_67,0.515,0.074563107,NA,NA,NA,NA,NA,NA,NA,NA,NA,NA,NA,NA,NA,NA,NA,NA,NA,NA
Brown_et_al_2026,Seal Beach,SB14-02,67,68,SB14-02_68,0.8058,0.035864979,NA,NA,NA,NA,NA,NA,NA,NA,NA,NA,NA,NA,NA,NA,NA,NA,NA,NA
Brown_et_al_2026,Seal Beach,SB14-02,68,69,SB14-02_69,0.6144,0.041341146,NA,NA,NA,NA,NA,NA,NA,NA,NA,NA,NA,NA,NA,NA,NA,NA,NA,NA
Brown_et_al_2026,Seal Beach,SB14-02,69,70,SB14-02_70,0.5902,0.067265334,NA,NA,NA,NA,NA,NA,NA,NA,NA,NA,NA,NA,NA,NA,NA,NA,NA,NA
Brown_et_al_2026,Seal Beach,SB14-02,70,71,SB14-02_71,0.6248,0.149327785,NA,NA,NA,NA,NA,NA,NA,NA,NA,NA,NA,NA,NA,NA,NA,NA,NA,NA
Brown_et_al_2026,Seal Beach,SB14-02,71,72,SB14-02_72,0.4281,0.192711983,NA,NA,NA,NA,NA,NA,NA,NA,NA,NA,NA,NA,NA,NA,NA,NA,NA,NA
Brown_et_al_2026,Seal Beach,SB14-02,72,73,SB14-02_73,0.5969,0.17942704,NA,NA,NA,NA,NA,NA,NA,NA,NA,NA,NA,NA,NA,NA,NA,NA,NA,NA
Brown_et_al_2026,Seal Beach,SB14-02,73,74,SB14-02_74,0.6512,0.141431204,NA,NA,NA,NA,NA,NA,NA,NA,NA,NA,NA,NA,NA,NA,NA,NA,NA,NA
Brown_et_al_2026,Seal Beach,SB14-02,74,75,SB14-02_75,0.9173,0.110650823,NA,NA,NA,NA,NA,NA,NA,NA,NA,NA,NA,NA,NA,NA,NA,NA,NA,NA
Brown_et_al_2026,Seal Beach,SB14-02,75,76,SB14-02_76,0.8,0.101625,NA,NA,NA,NA,NA,NA,NA,NA,NA,NA,NA,NA,NA,NA,NA,NA,NA,NA
Brown_et_al_2026,Seal Beach,SB14-02,76,77,SB14-02_77,1.1458,0.080904172,NA,NA,NA,NA,NA,NA,NA,NA,NA,NA,NA,NA,NA,NA,NA,NA,NA,NA
Brown_et_al_2026,Seal Beach,SB14-02,77,78,SB14-02_78,1.1165,0.082042096,NA,NA,NA,NA,NA,NA,NA,NA,NA,NA,NA,NA,NA,NA,NA,NA,NA,NA
Brown_et_al_2026,Seal Beach,SB14-02,78,79,SB14-02_79,0.999,0.10100100100000001,NA,NA,NA,NA,NA,NA,NA,NA,NA,NA,NA,NA,NA,NA,NA,NA,NA,NA
Brown_et_al_2026,Seal Beach,SB14-02,79,80,SB14-02_80,0.7072,0.14790724,NA,NA,NA,NA,NA,NA,NA,NA,NA,NA,NA,NA,NA,NA,NA,NA,NA,NA
Brown_et_al_2026,Seal Beach,SB14-02,80,81,SB14-02_81,0.4468,0.235004476,NA,NA,NA,NA,NA,NA,NA,NA,NA,NA,NA,NA,NA,NA,NA,NA,NA,NA
Brown_et_al_2026,Seal Beach,SB14-02,81,82,SB14-02_82,0.3317,0.308712692,NA,NA,NA,NA,NA,NA,NA,NA,NA,NA,NA,NA,NA,NA,NA,NA,NA,NA
Brown_et_al_2026,Seal Beach,SB14-02,82,83,SB14-02_83,0.334,0.355688623,NA,NA,NA,NA,NA,NA,NA,NA,NA,NA,NA,NA,NA,NA,NA,NA,NA,NA
Brown_et_al_2026,Seal Beach,SB14-02,83,84,SB14-02_84,0.3352,0.322792363,NA,NA,NA,NA,NA,NA,NA,NA,NA,NA,NA,NA,NA,NA,NA,NA,NA,NA
Brown_et_al_2026,Seal Beach,SB14-02,84,85,SB14-02_85,0.3187,0.337621588,NA,NA,NA,NA,NA,NA,NA,NA,NA,NA,NA,NA,NA,NA,NA,NA,NA,NA
Brown_et_al_2026,Seal Beach,SB14-02,85,86,SB14-02_86,0.4297,0.234116826,NA,NA,NA,NA,NA,NA,NA,NA,NA,NA,NA,NA,NA,NA,NA,NA,NA,NA
Brown_et_al_2026,Seal Beach,SB14-02,86,87,SB14-02_87,0.4986,0.199558765,NA,NA,NA,NA,NA,NA,NA,NA,NA,NA,NA,NA,NA,NA,NA,NA,NA,NA
Brown_et_al_2026,Seal Beach,SB14-02,87,88,SB14-02_88,0.8072,0.129707631,NA,NA,NA,NA,NA,NA,NA,NA,NA,NA,NA,NA,NA,NA,NA,NA,NA,NA
Brown_et_al_2026,Seal Beach,SB14-02,88,89,SB14-02_89,0.4208,0.299192015,NA,NA,NA,NA,NA,NA,NA,NA,NA,NA,NA,NA,NA,NA,NA,NA,NA,NA
Brown_et_al_2026,Seal Beach,SB14-02,89,90,SB14-02_90,0.3054,0.41486575,NA,NA,NA,NA,NA,NA,NA,NA,NA,NA,NA,NA,NA,NA,NA,NA,NA,NA
Brown_et_al_2026,Seal Beach,SB14-02,90,91,SB14-02_91,0.4128,0.288517442,NA,NA,NA,NA,NA,NA,NA,NA,NA,NA,NA,NA,NA,NA,NA,NA,NA,NA
Brown_et_al_2026,Seal Beach,SB14-02,91,92,SB14-02_92,0.3829,0.29903369,NA,NA,NA,NA,NA,NA,NA,NA,NA,NA,NA,NA,NA,NA,NA,NA,NA,NA
Brown_et_al_2026,Seal Beach,SB14-02,92,93,SB14-02_93,0.3628,0.351157663,NA,NA,NA,NA,NA,NA,NA,NA,NA,NA,NA,NA,NA,NA,NA,NA,NA,NA
Brown_et_al_2026,Seal Beach,SB14-02,93,94,SB14-02_94,0.5408,0.200073965,NA,NA,NA,NA,NA,NA,NA,NA,NA,NA,NA,NA,NA,NA,NA,NA,NA,NA
Brown_et_al_2026,Seal Beach,SB14-02,94,95,SB14-02_95,0.4243,0.300966297,NA,NA,NA,NA,NA,NA,NA,NA,NA,NA,NA,NA,NA,NA,NA,NA,NA,NA
Brown_et_al_2026,Seal Beach,SB14-02,95,96,SB14-02_96,0.6847,0.153643932,NA,NA,NA,NA,NA,NA,NA,NA,NA,NA,NA,NA,NA,NA,NA,NA,NA,NA
Brown_et_al_2026,Seal Beach,SB14-02,96,97,SB14-02_97,0.5316,0.208051166,NA,NA,NA,NA,NA,NA,NA,NA,NA,NA,NA,NA,NA,NA,NA,NA,NA,NA
Brown_et_al_2026,Seal Beach,SB14-02,97,98,SB14-02_98,0.536,0.184328358,NA,NA,NA,NA,NA,NA,NA,NA,NA,NA,NA,NA,NA,NA,NA,NA,NA,NA
Brown_et_al_2026,Seal Beach,SB14-02,98,99,SB14-02_99,0.4665,0.2113612,NA,NA,NA,NA,NA,NA,NA,NA,NA,NA,NA,NA,NA,NA,NA,NA,NA,NA
Brown_et_al_2026,Seal Beach,SB14-02,99,100,SB14-02_100,0.579,0.184455959,NA,NA,NA,NA,NA,NA,NA,NA,NA,NA,NA,NA,NA,NA,NA,NA,NA,NA
Brown_et_al_2026,Seal Beach,SB14-02,119,120,SB14-02_120,NA,NA,NA,NA,NA,NA,NA,NA,NA,NA,1080,25,terrestrial,SB14-02 120cm,0.874,0.0023,-126,2.3,NA,NA
Brown_et_al_2026,Seal Beach,SB14-04,0,1,SB14-04_1,0.8472,0.052880076,NA,NA,NA,NA,NA,NA,NA,NA,NA,NA,NA,NA,NA,NA,NA,NA,NA,NA
Brown_et_al_2026,Seal Beach,SB14-04,1,2,SB14-04_2,0.8814,0.052983889,NA,NA,NA,NA,NA,NA,NA,NA,NA,NA,NA,NA,NA,NA,NA,NA,NA,NA
Brown_et_al_2026,Seal Beach,SB14-04,2,3,SB14-04_3,1.3082,0.031264333,3.5180086247274254,3.3225637011314566,NA,NA,NA,NA,NA,NA,NA,NA,NA,NA,NA,NA,NA,NA,NA,NA
Brown_et_al_2026,Seal Beach,SB14-04,3,4,SB14-04_4,1.2989,0.035876511,NA,NA,NA,NA,NA,NA,NA,NA,NA,NA,NA,NA,NA,NA,NA,NA,NA,NA
Brown_et_al_2026,Seal Beach,SB14-04,4,5,SB14-04_5,1.0283,0.058543227,4.487799863274965,4.113816541335384,NA,NA,NA,NA,NA,NA,NA,NA,NA,NA,NA,NA,NA,NA,NA,NA
Brown_et_al_2026,Seal Beach,SB14-04,5,6,SB14-04_6,1.0807,0.061626723,NA,NA,NA,NA,NA,NA,NA,NA,NA,NA,NA,NA,NA,NA,NA,NA,NA,NA
Brown_et_al_2026,Seal Beach,SB14-04,6,7,SB14-04_7,0.959,0.054223149,NA,NA,NA,NA,NA,NA,NA,NA,NA,NA,NA,NA,NA,NA,NA,NA,NA,NA
Brown_et_al_2026,Seal Beach,SB14-04,7,8,SB14-04_8,0.924,0.051948052,NA,NA,NA,NA,NA,NA,NA,NA,NA,NA,NA,NA,NA,NA,NA,NA,NA,NA
Brown_et_al_2026,Seal Beach,SB14-04,8,9,SB14-04_9,0.8663,0.055754358,9.083674925881025,8.197462737990191,NA,NA,NA,NA,NA,NA,NA,NA,NA,NA,NA,NA,NA,NA,NA,NA
Brown_et_al_2026,Seal Beach,SB14-04,9,10,SB14-04_10,1.0205,0.060656541,NA,NA,NA,NA,NA,NA,NA,NA,NA,NA,NA,NA,NA,NA,NA,NA,NA,NA
Brown_et_al_2026,Seal Beach,SB14-04,10,11,SB14-04_11,0.8408,0.067911513,11.16809217875468,10.196953728428186,NA,NA,NA,NA,NA,NA,NA,NA,NA,NA,NA,NA,NA,NA,NA,NA
Brown_et_al_2026,Seal Beach,SB14-04,11,12,SB14-04_12,0.9885,0.054021244,NA,NA,NA,NA,NA,NA,NA,NA,NA,NA,NA,NA,NA,NA,NA,NA,NA,NA
Brown_et_al_2026,Seal Beach,SB14-04,12,13,SB14-04_13,1.1861,0.049574235,12.334467776810616,10.599933245696622,NA,NA,NA,NA,NA,NA,NA,NA,NA,NA,NA,NA,NA,NA,NA,NA
Brown_et_al_2026,Seal Beach,SB14-04,13,14,SB14-04_14,1.0462,0.044446569,NA,NA,NA,NA,NA,NA,NA,NA,NA,NA,NA,NA,NA,NA,NA,NA,NA,NA
Brown_et_al_2026,Seal Beach,SB14-04,14,15,SB14-04_15,1.1495,0.054110483,12.909759481034056,10.251867823174106,NA,NA,NA,NA,NA,NA,NA,NA,NA,NA,NA,NA,NA,NA,NA,NA
Brown_et_al_2026,Seal Beach,SB14-04,15,16,SB14-04_16,1.0919,0.051836249,NA,NA,NA,NA,NA,NA,NA,NA,NA,NA,NA,NA,NA,NA,NA,NA,NA,NA
Brown_et_al_2026,Seal Beach,SB14-04,16,17,SB14-04_17,1.1061,0.052165265,10.203903381308555,8.812462011130114,NA,NA,NA,NA,NA,NA,NA,NA,NA,NA,NA,NA,NA,NA,NA,NA
Brown_et_al_2026,Seal Beach,SB14-04,17,18,SB14-04_18,0.9899,0.063541772,NA,NA,NA,NA,NA,NA,NA,NA,NA,NA,NA,NA,NA,NA,NA,NA,NA,NA
Brown_et_al_2026,Seal Beach,SB14-04,18,19,SB14-04_19,1.0699,0.067482942,NA,NA,NA,NA,NA,NA,NA,NA,NA,NA,NA,NA,NA,NA,NA,NA,NA,NA
Brown_et_al_2026,Seal Beach,SB14-04,19,20,SB14-04_20,1.1986,0.05731687,NA,NA,NA,NA,NA,NA,NA,NA,NA,NA,NA,NA,NA,NA,NA,NA,NA,NA
Brown_et_al_2026,Seal Beach,SB14-04,20,21,SB14-04_21,0.9149,0.056399607,8.186147837732939,7.367533053959645,NA,NA,NA,NA,NA,NA,NA,NA,NA,NA,NA,NA,NA,NA,NA,NA
Brown_et_al_2026,Seal Beach,SB14-04,21,22,SB14-04_22,1.0731,0.06169043,NA,NA,NA,NA,NA,NA,NA,NA,NA,NA,NA,NA,NA,NA,NA,NA,NA,NA
Brown_et_al_2026,Seal Beach,SB14-04,22,23,SB14-04_23,1.1907,0.059964727,NA,NA,NA,NA,NA,NA,NA,NA,NA,NA,NA,NA,NA,NA,NA,NA,NA,NA
Brown_et_al_2026,Seal Beach,SB14-04,23,24,SB14-04_24,1.1954,0.061402041,NA,NA,NA,NA,NA,NA,NA,NA,NA,NA,NA,NA,NA,NA,NA,NA,NA,NA
Brown_et_al_2026,Seal Beach,SB14-04,24,25,SB14-04_25,1.1495,0.059069161,NA,NA,NA,NA,NA,NA,NA,NA,NA,NA,NA,NA,NA,NA,NA,NA,NA,NA
Brown_et_al_2026,Seal Beach,SB14-04,25,26,SB14-04_26,1.2934,0.050023195,NA,NA,NA,NA,NA,NA,NA,NA,NA,NA,NA,NA,NA,NA,NA,NA,NA,NA
Brown_et_al_2026,Seal Beach,SB14-04,26,27,SB14-04_27,1.1725,0.049296375,NA,NA,NA,NA,NA,NA,NA,NA,NA,NA,NA,NA,NA,NA,NA,NA,NA,NA
Brown_et_al_2026,Seal Beach,SB14-04,27,28,SB14-04_28,1.4167,0.034305075,NA,NA,NA,NA,NA,NA,NA,NA,NA,NA,NA,NA,NA,NA,NA,NA,NA,NA
Brown_et_al_2026,Seal Beach,SB14-04,28,29,SB14-04_29,1.2756,0.030103481,3.991246242235554,3.83773677138034,NA,NA,NA,NA,NA,NA,NA,NA,NA,NA,NA,NA,NA,NA,NA,NA
Brown_et_al_2026,Seal Beach,SB14-04,29,30,SB14-04_30,1.2409,0.036264002,NA,NA,NA,NA,NA,NA,NA,NA,NA,NA,NA,NA,NA,NA,NA,NA,NA,NA
Brown_et_al_2026,Seal Beach,SB14-04,30,31,SB14-04_31,1.3125,0.029638095,NA,NA,NA,NA,NA,NA,NA,NA,NA,NA,NA,NA,NA,NA,NA,NA,NA,NA
Brown_et_al_2026,Seal Beach,SB14-04,31,32,SB14-04_32,1.4387,0.0289845,NA,NA,NA,NA,NA,NA,NA,NA,NA,NA,NA,NA,NA,NA,NA,NA,NA,NA
Brown_et_al_2026,Seal Beach,SB14-04,32,33,SB14-04_33,1.39,0.033021583,NA,NA,NA,NA,NA,NA,NA,NA,NA,NA,NA,NA,NA,NA,NA,NA,NA,NA
Brown_et_al_2026,Seal Beach,SB14-04,33,34,SB14-04_34,1.288,0.049534161,NA,NA,NA,NA,NA,NA,NA,NA,NA,NA,NA,NA,NA,NA,NA,NA,NA,NA
Brown_et_al_2026,Seal Beach,SB14-04,34,35,SB14-04_35,1.3329,0.046290044,NA,NA,NA,NA,NA,NA,NA,NA,NA,NA,NA,NA,NA,NA,NA,NA,NA,NA
Brown_et_al_2026,Seal Beach,SB14-04,35,36,SB14-04_36,1.3573,0.026670596,NA,NA,NA,NA,NA,NA,NA,NA,NA,NA,NA,NA,NA,NA,NA,NA,NA,NA
Brown_et_al_2026,Seal Beach,SB14-04,36,37,SB14-04_37,1.5345,0.016552623,2.5697113993243175,2.4412258293581024,NA,NA,NA,NA,NA,NA,NA,NA,NA,NA,NA,NA,NA,NA,NA,NA
Brown_et_al_2026,Seal Beach,SB14-04,37,38,SB14-04_38,1.6011,0.030416589,NA,NA,NA,NA,NA,NA,NA,NA,NA,NA,NA,NA,NA,NA,NA,NA,NA,NA
Brown_et_al_2026,Seal Beach,SB14-04,38,39,SB14-04_39,1.3592,0.028104768,NA,NA,NA,NA,NA,NA,NA,NA,NA,NA,NA,NA,NA,NA,NA,NA,NA,NA
Brown_et_al_2026,Seal Beach,SB14-04,39,40,SB14-04_40,1.2807,0.026626064,NA,NA,NA,NA,NA,NA,NA,NA,NA,NA,NA,NA,NA,NA,NA,NA,NA,NA
Brown_et_al_2026,Seal Beach,SB14-04,40,41,SB14-04_41,1.7592,0.021316507,NA,NA,NA,NA,NA,NA,NA,NA,NA,NA,NA,NA,NA,NA,NA,NA,NA,NA
Brown_et_al_2026,Seal Beach,SB14-04,41,42,SB14-04_42,1.2652,0.023079355,NA,NA,NA,NA,NA,NA,NA,NA,NA,NA,NA,NA,NA,NA,NA,NA,NA,NA
Brown_et_al_2026,Seal Beach,SB14-04,42,43,SB14-04_43,1.7066,0.025254893,NA,NA,NA,NA,NA,NA,NA,NA,NA,NA,NA,NA,NA,NA,NA,NA,NA,NA
Brown_et_al_2026,Seal Beach,SB14-04,43,44,SB14-04_44,1.709,0.018899941,NA,NA,NA,NA,NA,NA,NA,NA,NA,NA,NA,NA,NA,NA,NA,NA,NA,NA
Brown_et_al_2026,Seal Beach,SB14-04,44,45,SB14-04_45,1.7679,0.018892471,NA,NA,NA,NA,NA,NA,NA,NA,NA,NA,NA,NA,NA,NA,NA,NA,NA,NA
Brown_et_al_2026,Seal Beach,SB14-04,45,46,SB14-04_46,1.4969,0.017970472,NA,NA,NA,NA,NA,NA,NA,NA,NA,NA,NA,NA,NA,NA,NA,NA,NA,NA
Brown_et_al_2026,Seal Beach,SB14-04,46,47,SB14-04_47,1.637,0.014294441,NA,NA,NA,NA,NA,NA,NA,NA,NA,NA,NA,NA,NA,NA,NA,NA,NA,NA
Brown_et_al_2026,Seal Beach,SB14-04,47,48,SB14-04_48,1.6238,0.01564232,NA,NA,NA,NA,NA,NA,NA,NA,NA,NA,NA,NA,NA,NA,NA,NA,NA,NA
Brown_et_al_2026,Seal Beach,SB14-04,48,49,SB14-04_49,1.5822,0.012324611,NA,NA,NA,NA,NA,NA,NA,NA,NA,NA,NA,NA,NA,NA,NA,NA,NA,NA
Brown_et_al_2026,Seal Beach,SB14-05,0,1,SB14-05_1,0.247,0.296761134,NA,NA,NA,NA,NA,NA,NA,NA,NA,NA,NA,NA,NA,NA,NA,NA,NA,NA
Brown_et_al_2026,Seal Beach,SB14-05,1,2,SB14-05_2,0.1952,0.40727459,NA,NA,NA,NA,NA,NA,NA,NA,NA,NA,NA,NA,NA,NA,NA,NA,NA,NA
Brown_et_al_2026,Seal Beach,SB14-05,2,3,SB14-05_3,0.1827,0.421455939,NA,NA,NA,NA,NA,NA,NA,NA,NA,NA,NA,NA,NA,NA,NA,NA,NA,NA
Brown_et_al_2026,Seal Beach,SB14-05,3,4,SB14-05_4,0.173,0.416763006,NA,NA,NA,NA,NA,NA,NA,NA,NA,NA,NA,NA,NA,NA,NA,NA,NA,NA
Brown_et_al_2026,Seal Beach,SB14-05,4,5,SB14-05_5,0.2338,0.376390077,9.32877191256015,10.365302125066833,NA,NA,NA,NA,NA,NA,NA,NA,NA,NA,NA,NA,NA,NA,NA,NA
Brown_et_al_2026,Seal Beach,SB14-05,5,6,SB14-05_6,0.2027,0.365564874,NA,NA,NA,NA,NA,NA,NA,NA,NA,NA,NA,NA,NA,NA,NA,NA,NA,NA
Brown_et_al_2026,Seal Beach,SB14-05,6,7,SB14-05_7,0.1977,0.396560445,NA,NA,NA,NA,NA,NA,NA,NA,NA,NA,NA,NA,NA,NA,NA,NA,NA,NA
Brown_et_al_2026,Seal Beach,SB14-05,7,8,SB14-05_8,0.2272,0.388644366,NA,NA,NA,NA,NA,NA,NA,NA,NA,NA,NA,NA,NA,NA,NA,NA,NA,NA
Brown_et_al_2026,Seal Beach,SB14-05,8,9,SB14-05_9,0.1905,0.380052493,10.617483180752417,9.65225743704765,NA,NA,NA,NA,NA,NA,NA,NA,NA,NA,NA,NA,NA,NA,NA,NA
Brown_et_al_2026,Seal Beach,SB14-05,9,10,SB14-05_10,0.2205,0.440362812,NA,NA,NA,NA,NA,NA,NA,NA,NA,NA,NA,NA,NA,NA,NA,NA,NA,NA
Brown_et_al_2026,Seal Beach,SB14-05,10,11,SB14-05_11,0.1782,0.40291807,NA,NA,NA,NA,NA,NA,NA,NA,NA,NA,NA,NA,NA,NA,NA,NA,NA,NA
Brown_et_al_2026,Seal Beach,SB14-05,11,12,SB14-05_12,0.2165,0.363972286,NA,NA,NA,NA,NA,NA,NA,NA,NA,NA,NA,NA,NA,NA,NA,NA,NA,NA
Brown_et_al_2026,Seal Beach,SB14-05,12,13,SB14-05_13,0.264,0.3125,13.315694381856884,12.206053183368818,NA,NA,NA,NA,NA,NA,NA,NA,NA,NA,NA,NA,NA,NA,NA,NA
Brown_et_al_2026,Seal Beach,SB14-05,13,14,SB14-05_14,0.2397,0.267834794,NA,NA,NA,NA,NA,NA,NA,NA,NA,NA,NA,NA,NA,NA,NA,NA,NA,NA
Brown_et_al_2026,Seal Beach,SB14-05,14,15,SB14-05_15,0.267,0.276779026,NA,NA,NA,NA,NA,NA,NA,NA,NA,NA,NA,NA,NA,NA,NA,NA,NA,NA
Brown_et_al_2026,Seal Beach,SB14-05,15,16,SB14-05_16,0.2853,0.244654749,NA,NA,NA,NA,NA,NA,NA,NA,NA,NA,NA,NA,NA,NA,NA,NA,NA,NA
Brown_et_al_2026,Seal Beach,SB14-05,16,17,SB14-05_17,0.1893,0.384046487,12.29418226944175,11.570995077121651,NA,NA,NA,NA,NA,NA,NA,NA,NA,NA,NA,NA,NA,NA,NA,NA
Brown_et_al_2026,Seal Beach,SB14-05,17,18,SB14-05_18,0.181,0.46519337,NA,NA,NA,NA,NA,NA,NA,NA,NA,NA,NA,NA,NA,NA,NA,NA,NA,NA
Brown_et_al_2026,Seal Beach,SB14-05,18,19,SB14-05_19,0.2146,0.415657036,NA,NA,NA,NA,NA,NA,NA,NA,NA,NA,NA,NA,NA,NA,NA,NA,NA,NA
Brown_et_al_2026,Seal Beach,SB14-05,19,20,SB14-05_20,0.2191,0.360565952,NA,NA,NA,NA,NA,NA,NA,NA,NA,NA,NA,NA,NA,NA,NA,NA,NA,NA
Brown_et_al_2026,Seal Beach,SB14-05,20,21,SB14-05_21,0.2223,0.311291048,18.51446659400205,15.869542794858901,NA,NA,NA,NA,NA,NA,NA,NA,NA,NA,NA,NA,NA,NA,NA,NA
Brown_et_al_2026,Seal Beach,SB14-05,21,22,SB14-05_22,0.281,0.257295374,NA,NA,NA,NA,NA,NA,NA,NA,NA,NA,NA,NA,NA,NA,NA,NA,NA,NA
Brown_et_al_2026,Seal Beach,SB14-05,22,23,SB14-05_23,0.3199,0.260081275,21.77518029500095,19.6679047825815,NA,NA,NA,NA,NA,NA,NA,NA,NA,NA,NA,NA,NA,NA,NA,NA
Brown_et_al_2026,Seal Beach,SB14-05,23,24,SB14-05_24,0.2285,0.238949672,NA,NA,NA,NA,NA,NA,NA,NA,NA,NA,NA,NA,NA,NA,NA,NA,NA,NA
Brown_et_al_2026,Seal Beach,SB14-05,24,25,SB14-05_25,0.3121,0.234219801,24.387399303917668,16.477972502647066,NA,NA,NA,NA,NA,NA,NA,NA,NA,NA,NA,NA,NA,NA,NA,NA
Brown_et_al_2026,Seal Beach,SB14-05,25,26,SB14-05_26,0.3973,0.237603826,NA,NA,NA,NA,NA,NA,NA,NA,NA,NA,NA,NA,NA,NA,NA,NA,NA,NA
Brown_et_al_2026,Seal Beach,SB14-05,26,27,SB14-05_27,0.3583,0.237510466,27.618080579436693,24.856272521493015,NA,NA,NA,NA,NA,NA,NA,NA,NA,NA,NA,NA,NA,NA,NA,NA
Brown_et_al_2026,Seal Beach,SB14-05,27,28,SB14-05_28,0.4175,0.141317365,NA,NA,NA,NA,NA,NA,NA,NA,NA,NA,NA,NA,NA,NA,NA,NA,NA,NA
Brown_et_al_2026,Seal Beach,SB14-05,28,29,SB14-05_29,0.3699,0.175452825,16.202607273269518,13.670949886821168,NA,NA,NA,NA,NA,NA,NA,NA,NA,NA,NA,NA,NA,NA,NA,NA
Brown_et_al_2026,Seal Beach,SB14-05,29,30,SB14-05_30,0.2991,0.214978268,NA,NA,NA,NA,NA,NA,NA,NA,NA,NA,NA,NA,NA,NA,NA,NA,NA,NA
Brown_et_al_2026,Seal Beach,SB14-05,30,31,SB14-05_31,0.2962,0.19480081,NA,NA,NA,NA,NA,NA,NA,NA,NA,NA,NA,NA,NA,NA,NA,NA,NA,NA
Brown_et_al_2026,Seal Beach,SB14-05,31,32,SB14-05_32,0.3271,0.183124427,NA,NA,NA,NA,NA,NA,NA,NA,NA,NA,NA,NA,NA,NA,NA,NA,NA,NA
Brown_et_al_2026,Seal Beach,SB14-05,32,33,SB14-05_33,0.5612,0.112794013,10.37358086947745,9.509115797021002,NA,NA,NA,NA,NA,NA,NA,NA,NA,NA,NA,NA,NA,NA,NA,NA
Brown_et_al_2026,Seal Beach,SB14-05,33,34,SB14-05_34,0.4278,0.159186536,NA,NA,NA,NA,NA,NA,NA,NA,NA,NA,NA,NA,NA,NA,NA,NA,NA,NA
Brown_et_al_2026,Seal Beach,SB14-05,34,35,SB14-05_35,0.3806,0.171833946,NA,NA,NA,NA,NA,NA,NA,NA,NA,NA,NA,NA,NA,NA,NA,NA,NA,NA
Brown_et_al_2026,Seal Beach,SB14-05,35,36,SB14-05_36,0.3608,0.161308204,NA,NA,NA,NA,NA,NA,NA,NA,NA,NA,NA,NA,NA,NA,NA,NA,NA,NA
Brown_et_al_2026,Seal Beach,SB14-05,36,37,SB14-05_37,0.3877,0.164044364,NA,NA,NA,NA,NA,NA,NA,NA,NA,NA,NA,NA,NA,NA,NA,NA,NA,NA
Brown_et_al_2026,Seal Beach,SB14-05,37,38,SB14-05_38,0.3131,0.198658576,NA,NA,NA,NA,NA,NA,NA,NA,NA,NA,NA,NA,NA,NA,NA,NA,NA,NA
Brown_et_al_2026,Seal Beach,SB14-05,38,39,SB14-05_39,0.3573,0.186397985,NA,NA,NA,NA,NA,NA,NA,NA,NA,NA,NA,NA,NA,NA,NA,NA,NA,NA
Brown_et_al_2026,Seal Beach,SB14-05,39,40,SB14-05_40,0.3619,0.17794971,NA,NA,NA,NA,NA,NA,NA,NA,NA,NA,NA,NA,NA,NA,NA,NA,NA,NA
Brown_et_al_2026,Seal Beach,SB14-05,40,41,SB14-05_41,0.3491,0.207676883,9.346075872801,8.87877207916095,NA,NA,NA,NA,NA,NA,NA,NA,NA,NA,NA,NA,NA,NA,NA,NA
Brown_et_al_2026,Seal Beach,SB14-05,41,42,SB14-05_42,0.3217,0.227230339,NA,NA,NA,NA,NA,NA,NA,NA,NA,NA,NA,NA,NA,NA,NA,NA,NA,NA
Brown_et_al_2026,Seal Beach,SB14-05,42,43,SB14-05_43,0.4504,0.19205151,NA,NA,NA,NA,NA,NA,NA,NA,NA,NA,NA,NA,NA,NA,NA,NA,NA,NA
Brown_et_al_2026,Seal Beach,SB14-05,43,44,SB14-05_44,0.3204,0.287141074,NA,NA,NA,NA,NA,NA,NA,NA,NA,NA,NA,NA,NA,NA,NA,NA,NA,NA
Brown_et_al_2026,Seal Beach,SB14-05,44,45,SB14-05_45,0.28,0.328214286,NA,NA,NA,NA,NA,NA,NA,NA,NA,NA,NA,NA,NA,NA,NA,NA,NA,NA
Brown_et_al_2026,Seal Beach,SB14-05,45,46,SB14-05_46,0.3695,0.301488498,NA,NA,NA,NA,NA,NA,NA,NA,NA,NA,NA,NA,NA,NA,NA,NA,NA,NA
Brown_et_al_2026,Seal Beach,SB14-05,46,47,SB14-05_47,0.8973,0.106653293,NA,NA,NA,NA,NA,NA,NA,NA,NA,NA,NA,NA,NA,NA,NA,NA,NA,NA
Brown_et_al_2026,Seal Beach,SB14-05,47,48,SB14-05_48,0.7284,0.097199341,NA,NA,NA,NA,NA,NA,NA,NA,NA,NA,NA,NA,NA,NA,NA,NA,NA,NA
Brown_et_al_2026,Seal Beach,SB14-05,48,49,SB14-05_49,0.7533,0.112704102,4.823323162972883,4.55536076502995,NA,NA,NA,NA,NA,NA,NA,NA,NA,NA,NA,NA,NA,NA,NA,NA
Brown_et_al_2026,Seal Beach,SB14-05,49,50,SB14-05_50,0.5884,0.11267845,NA,NA,NA,NA,NA,NA,NA,NA,NA,NA,NA,NA,NA,NA,NA,NA,NA,NA
Brown_et_al_2026,Seal Beach,SB14-05,50,51,SB14-05_51,0.6483,0.102421718,NA,NA,NA,NA,NA,NA,NA,NA,NA,NA,NA,NA,NA,NA,NA,NA,NA,NA
Brown_et_al_2026,Seal Beach,SB14-05,51,52,SB14-05_52,0.6918,0.125180688,NA,NA,NA,NA,NA,NA,NA,NA,NA,NA,NA,NA,NA,NA,NA,NA,NA,NA
Brown_et_al_2026,Seal Beach,SB14-05,52,53,SB14-05_53,0.6285,0.132060461,NA,NA,NA,NA,NA,NA,NA,NA,NA,NA,NA,NA,NA,NA,NA,NA,NA,NA
Brown_et_al_2026,Seal Beach,SB14-05,53,54,SB14-05_54,0.74,0.099189189,NA,NA,NA,NA,NA,NA,NA,NA,NA,NA,NA,NA,NA,NA,NA,NA,NA,NA
Brown_et_al_2026,Seal Beach,SB14-05,54,55,SB14-05_55,0.7644,0.100078493,NA,NA,NA,NA,NA,NA,NA,NA,NA,NA,NA,NA,NA,NA,NA,NA,NA,NA
Brown_et_al_2026,Seal Beach,SB14-05,55,56,SB14-05_56,0.6716,0.119416319,NA,NA,NA,NA,NA,NA,NA,NA,NA,NA,NA,NA,NA,NA,NA,NA,NA,NA
Brown_et_al_2026,Seal Beach,SB14-05,56,57,SB14-05_57,0.693,0.113131313,3.1201428965336,3.1201428965336,NA,NA,NA,NA,NA,NA,NA,NA,NA,NA,NA,NA,NA,NA,NA,NA
Brown_et_al_2026,Seal Beach,SB14-05,57,58,SB14-05_58,0.7245,0.075224293,NA,NA,NA,NA,NA,NA,NA,NA,NA,NA,NA,NA,NA,NA,NA,NA,NA,NA
Brown_et_al_2026,Seal Beach,SB14-05,58,59,SB14-05_59,0.7533,0.090003982,NA,NA,NA,NA,NA,NA,NA,NA,NA,NA,NA,NA,NA,NA,NA,NA,NA,NA
Brown_et_al_2026,Seal Beach,SB14-05,59,60,SB14-05_60,0.7593,0.117608324,NA,NA,NA,NA,NA,NA,NA,NA,NA,NA,NA,NA,NA,NA,NA,NA,NA,NA
Brown_et_al_2026,Seal Beach,SB14-05,60,61,SB14-05_61,0.8657,0.092757306,NA,NA,NA,NA,NA,NA,NA,NA,NA,NA,NA,NA,NA,NA,NA,NA,NA,NA
Brown_et_al_2026,Seal Beach,SB14-05,61,62,SB14-05_62,0.8232,0.068391642,NA,NA,NA,NA,NA,NA,NA,NA,NA,NA,NA,NA,NA,NA,NA,NA,NA,NA
Brown_et_al_2026,Seal Beach,SB14-05,62,63,SB14-05_63,0.6378,0.082314205,NA,NA,NA,NA,NA,NA,NA,NA,NA,NA,NA,NA,NA,NA,NA,NA,NA,NA
Brown_et_al_2026,Seal Beach,SB14-05,63,64,SB14-05_64,0.7107,0.099901506,NA,NA,NA,NA,NA,NA,NA,NA,NA,NA,NA,NA,NA,NA,NA,NA,NA,NA
Brown_et_al_2026,Seal Beach,SB14-05,64,65,SB14-05_65,0.6997,0.125053594,NA,NA,NA,NA,NA,NA,NA,NA,NA,NA,NA,NA,NA,NA,NA,NA,NA,NA
Brown_et_al_2026,Seal Beach,SB14-05,65,66,SB14-05_66,1.1056,0.068288712,NA,NA,NA,NA,NA,NA,NA,NA,NA,NA,NA,NA,NA,NA,NA,NA,NA,NA
Brown_et_al_2026,Seal Beach,SB14-05,66,67,SB14-05_67,1.053,0.048338082,NA,NA,NA,NA,NA,NA,NA,NA,NA,NA,NA,NA,NA,NA,NA,NA,NA,NA
Brown_et_al_2026,Seal Beach,SB14-05,67,68,SB14-05_68,1.0832,0.049944609,NA,NA,NA,NA,NA,NA,NA,NA,NA,NA,NA,NA,NA,NA,NA,NA,NA,NA
Brown_et_al_2026,Seal Beach,SB14-05,68,69,SB14-05_69,1.1508,0.056482447,NA,NA,NA,NA,NA,NA,NA,NA,NA,NA,NA,NA,NA,NA,NA,NA,NA,NA
Brown_et_al_2026,Seal Beach,SB14-05,69,70,SB14-05_70,1.0464,0.052178899,NA,NA,NA,NA,NA,NA,NA,NA,NA,NA,NA,NA,NA,NA,NA,NA,NA,NA
Brown_et_al_2026,Seal Beach,SB14-05,70,71,SB14-05_71,1.1181,0.034612289,NA,NA,NA,NA,NA,NA,NA,NA,NA,NA,NA,NA,NA,NA,NA,NA,NA,NA
Brown_et_al_2026,Seal Beach,SB14-05,71,72,SB14-05_72,0.9939,0.048395211,NA,NA,NA,NA,NA,NA,NA,NA,NA,NA,NA,NA,NA,NA,NA,NA,NA,NA
Brown_et_al_2026,Seal Beach,SB14-05,72,73,SB14-05_73,1.1465,0.036894898,NA,NA,NA,NA,NA,NA,NA,NA,NA,NA,NA,NA,NA,NA,NA,NA,NA,NA
Brown_et_al_2026,Seal Beach,SB14-05,73,74,SB14-05_74,1.0235,0.048754275,NA,NA,NA,NA,NA,NA,NA,NA,NA,NA,NA,NA,NA,NA,NA,NA,NA,NA
Brown_et_al_2026,Seal Beach,SB14-05,74,75,SB14-05_75,1.2073,0.047709766,NA,NA,NA,NA,NA,NA,NA,NA,NA,NA,NA,NA,NA,NA,NA,NA,NA,NA
Brown_et_al_2026,Seal Beach,SB14-05,75,76,SB14-05_76,1.2826,0.043583346,NA,NA,NA,NA,NA,NA,NA,NA,NA,NA,NA,NA,NA,NA,NA,NA,NA,NA
Brown_et_al_2026,Seal Beach,SB14-05,76,77,SB14-05_77,1.1592,0.029330573,NA,NA,NA,NA,NA,NA,NA,NA,NA,NA,NA,NA,NA,NA,NA,NA,NA,NA
Brown_et_al_2026,Seal Beach,SB14-05,77,78,SB14-05_78,0.9647,0.049238105,NA,NA,NA,NA,NA,NA,NA,NA,NA,NA,NA,NA,NA,NA,NA,NA,NA,NA
Brown_et_al_2026,Seal Beach,SB14-05,78,79,SB14-05_79,1.2302,0.045602341,NA,NA,NA,NA,NA,NA,NA,NA,NA,NA,NA,NA,NA,NA,NA,NA,NA,NA
Brown_et_al_2026,Seal Beach,SB14-05,79,80,SB14-05_80,1.2745,0.042683405,NA,NA,NA,NA,NA,NA,NA,NA,NA,NA,NA,NA,NA,NA,NA,NA,NA,NA
Brown_et_al_2026,Seal Beach,SB14-05,80,81,SB14-05_81,1.0413,0.042350908,NA,NA,NA,NA,NA,NA,NA,NA,NA,NA,NA,NA,NA,NA,NA,NA,NA,NA
Brown_et_al_2026,Seal Beach,SB14-05,81,82,SB14-05_82,1.0587,0.041088127,NA,NA,NA,NA,NA,NA,NA,NA,NA,NA,NA,NA,NA,NA,NA,NA,NA,NA
Brown_et_al_2026,Seal Beach,SB14-05,82,83,SB14-05_83,1.221,0.031695332,NA,NA,NA,NA,NA,NA,NA,NA,NA,NA,NA,NA,NA,NA,NA,NA,NA,NA
Brown_et_al_2026,Seal Beach,SB14-05,83,84,SB14-05_84,1.2036,0.037554005,NA,NA,NA,NA,NA,NA,NA,NA,NA,NA,NA,NA,NA,NA,NA,NA,NA,NA
Brown_et_al_2026,Seal Beach,SB14-05,84,85,SB14-05_85,1.219,0.048974569,NA,NA,NA,NA,NA,NA,NA,NA,NA,NA,NA,NA,NA,NA,NA,NA,NA,NA
Brown_et_al_2026,Seal Beach,SB14-05,85,86,SB14-05_86,1.1453,0.045752205,NA,NA,NA,NA,NA,NA,NA,NA,NA,NA,NA,NA,NA,NA,NA,NA,NA,NA
Brown_et_al_2026,Seal Beach,SB14-05,86,87,SB14-05_87,1.1912,0.050285426,NA,NA,NA,NA,NA,NA,NA,NA,NA,NA,NA,NA,NA,NA,NA,NA,NA,NA
Brown_et_al_2026,Seal Beach,SB14-05,87,88,SB14-05_88,1.1187,0.047555198,NA,NA,NA,NA,NA,NA,NA,NA,NA,NA,NA,NA,NA,NA,NA,NA,NA,NA
Brown_et_al_2026,Seal Beach,SB14-05,88,89,SB14-05_89,0.9966,0.054786273,NA,NA,NA,NA,NA,NA,NA,NA,NA,NA,NA,NA,NA,NA,NA,NA,NA,NA
Brown_et_al_2026,Seal Beach,SB14-05,89,90,SB14-05_90,0.7584,0.07278481,NA,NA,NA,NA,NA,NA,NA,NA,NA,NA,NA,NA,NA,NA,NA,NA,NA,NA
Brown_et_al_2026,Seal Beach,SB14-05,90,91,SB14-05_91,0.8791,0.071322944,NA,NA,NA,NA,NA,NA,NA,NA,NA,NA,NA,NA,NA,NA,NA,NA,NA,NA
Brown_et_al_2026,Seal Beach,SB14-05,91,92,SB14-05_92,0.8641,0.071866682,NA,NA,NA,NA,NA,NA,NA,NA,NA,NA,NA,NA,NA,NA,NA,NA,NA,NA
Brown_et_al_2026,Seal Beach,SB14-05,92,93,SB14-05_93,0.8099,0.067292258,NA,NA,NA,NA,NA,NA,NA,NA,NA,NA,NA,NA,NA,NA,NA,NA,NA,NA
Brown_et_al_2026,Seal Beach,SB14-05,93,94,SB14-05_94,0.8836,0.070733364,NA,NA,NA,NA,NA,NA,NA,NA,NA,NA,NA,NA,NA,NA,NA,NA,NA,NA
Brown_et_al_2026,Seal Beach,SB14-05,94,95,SB14-05_95,0.4393,0.18870931,NA,NA,NA,NA,NA,NA,NA,NA,NA,NA,NA,NA,NA,NA,NA,NA,NA,NA
Brown_et_al_2026,Seal Beach,SB14-05,95,96,SB14-05_96,0.5787,0.172455504,NA,NA,NA,NA,NA,NA,NA,NA,NA,NA,NA,NA,NA,NA,NA,NA,NA,NA
Brown_et_al_2026,Seal Beach,SB14-05,96,97,SB14-05_97,0.4704,0.15497449,NA,NA,NA,NA,NA,NA,NA,NA,NA,NA,NA,NA,NA,NA,NA,NA,NA,NA
Brown_et_al_2026,Seal Beach,SB14-05,97,98,SB14-05_98,0.6633,0.144881652,NA,NA,NA,NA,NA,NA,NA,NA,NA,NA,NA,NA,NA,NA,NA,NA,NA,NA
Brown_et_al_2026,Seal Beach,SB14-05,98,99,SB14-05_99,0.668,0.083832335,NA,NA,NA,NA,NA,NA,NA,NA,NA,NA,NA,NA,NA,NA,NA,NA,NA,NA
Brown_et_al_2026,Seal Beach,SB14-05,99,100,SB14-05_100,0.645,0.14248062,NA,NA,NA,NA,NA,NA,NA,NA,NA,NA,NA,NA,NA,NA,NA,NA,NA,NA
Brown_et_al_2026,Seal Beach,SB14-05,129,130,SB14-05_130,NA,NA,NA,NA,NA,NA,NA,NA,NA,NA,255,20,terrestrial,SB14-05 130cm,0.9686,0.0022,-31.4,2.2,NA,NA
Brown_et_al_2026,Seal Beach,SB14-05,272,273,SB14-05_273,NA,NA,NA,NA,NA,NA,NA,NA,NA,NA,2010,25,terrestrial,SB14-05 273cm,0.7788,0.002,-221.2,2,NA,NA
Brown_et_al_2026,Seal Beach,SB14-05,293,294,SB14-05_294,NA,NA,NA,NA,NA,NA,NA,NA,NA,NA,2395,20,terrestrial,SB14-05 294 .19mgC,0.7424,0.0017,-257.6,1.7,NA,NA
Brown_et_al_2026,Seal Beach,SB15-06,0,1,SB15-06_1,0.231,0.24025974,NA,NA,NA,NA,NA,NA,NA,NA,NA,NA,NA,NA,NA,NA,NA,NA,NA,NA
Brown_et_al_2026,Seal Beach,SB15-06,1,2,SB15-06_2,0.213,0.261971831,NA,NA,NA,NA,NA,NA,NA,NA,NA,NA,NA,NA,NA,NA,NA,NA,NA,NA
Brown_et_al_2026,Seal Beach,SB15-06,2,3,SB15-06_3,0.201,0.210447761,7.508162471,1.399251198,80.29779338,12.34172646,103.031653,11.67429786,23.84000694,3.444030802,NA,NA,NA,NA,NA,NA,NA,NA,NA,NA
Brown_et_al_2026,Seal Beach,SB15-06,3,4,SB15-06_4,0.3947,0.256650621,NA,NA,NA,NA,NA,NA,NA,NA,NA,NA,NA,NA,NA,NA,NA,NA,NA,NA
Brown_et_al_2026,Seal Beach,SB15-06,4,5,SB15-06_5,0.2437,0.238818219,NA,NA,NA,NA,NA,NA,NA,NA,NA,NA,NA,NA,NA,NA,NA,NA,NA,NA
Brown_et_al_2026,Seal Beach,SB15-06,5,6,SB15-06_6,0.2667,0.263967004,NA,NA,NA,NA,NA,NA,NA,NA,NA,NA,NA,NA,NA,NA,NA,NA,NA,NA
Brown_et_al_2026,Seal Beach,SB15-06,6,7,SB15-06_7,0.338,0.225147929,NA,NA,NA,NA,NA,NA,NA,NA,NA,NA,NA,NA,NA,NA,NA,NA,NA,NA
Brown_et_al_2026,Seal Beach,SB15-06,7,8,SB15-06_8,0.2671,0.244852115,2.393927916,0.977878688,38.10919109,9.532937952,65.14479369,8.731145566,27.57017218,3.48028257,NA,NA,NA,NA,NA,NA,NA,NA,NA,NA
Brown_et_al_2026,Seal Beach,SB15-06,8,9,SB15-06_9,0.2912,0.241071429,NA,NA,NA,NA,NA,NA,NA,NA,NA,NA,NA,NA,NA,NA,NA,NA,NA,NA
Brown_et_al_2026,Seal Beach,SB15-06,9,10,SB15-06_10,0.3069,0.208862822,NA,NA,NA,NA,NA,NA,NA,NA,NA,NA,NA,NA,NA,NA,NA,NA,NA,NA
Brown_et_al_2026,Seal Beach,SB15-06,10,11,SB15-06_11,0.2646,0.143235072,NA,NA,NA,NA,NA,NA,NA,NA,NA,NA,NA,NA,NA,NA,NA,NA,NA,NA
Brown_et_al_2026,Seal Beach,SB15-06,11,12,SB15-06_12,0.3138,0.152644997,6.701204568,0.95055193,44.77672535,7.689293417,76.87736798,6.626056373,32.73249671,3.682896364,NA,NA,NA,NA,NA,NA,NA,NA,NA,NA
Brown_et_al_2026,Seal Beach,SB15-06,12,13,SB15-06_13,0.3715,0.166890983,NA,NA,NA,NA,NA,NA,NA,NA,NA,NA,NA,NA,NA,NA,NA,NA,NA,NA
Brown_et_al_2026,Seal Beach,SB15-06,13,14,SB15-06_14,0.3394,0.150854449,NA,NA,NA,NA,NA,NA,NA,NA,NA,NA,NA,NA,NA,NA,NA,NA,NA,NA
Brown_et_al_2026,Seal Beach,SB15-06,14,15,SB15-06_15,0.2634,0.184510251,NA,NA,NA,NA,NA,NA,NA,NA,NA,NA,NA,NA,NA,NA,NA,NA,NA,NA
Brown_et_al_2026,Seal Beach,SB15-06,15,16,SB15-06_16,0.2119,0.286927796,6.280585864,1.254602881,15.46417237,8.048977555,41.36723837,7.249700797,26.12647313,3.220171289,NA,NA,NA,NA,NA,NA,NA,NA,NA,NA
Brown_et_al_2026,Seal Beach,SB15-06,16,17,SB15-06_17,0.2813,0.198364735,NA,NA,NA,NA,NA,NA,NA,NA,NA,NA,NA,NA,NA,NA,NA,NA,NA,NA
Brown_et_al_2026,Seal Beach,SB15-06,17,18,SB15-06_18,0.2961,0.196217494,NA,NA,NA,NA,NA,NA,NA,NA,NA,NA,NA,NA,NA,NA,NA,NA,NA,NA
Brown_et_al_2026,Seal Beach,SB15-06,18,19,SB15-06_19,0.3035,0.208566722,NA,NA,NA,NA,NA,NA,NA,NA,NA,NA,NA,NA,NA,NA,NA,NA,NA,NA
Brown_et_al_2026,Seal Beach,SB15-06,19,20,SB15-06_20,0.2182,0.230522457,10.84948789,1.321742168,14.00635351,8.26913138,38.53772674,7.509980135,24.73841771,3.15786412,NA,NA,NA,NA,NA,NA,NA,NA,NA,NA
Brown_et_al_2026,Seal Beach,SB15-06,20,21,SB15-06_21,0.3186,0.200878845,NA,NA,NA,NA,NA,NA,NA,NA,NA,NA,NA,NA,NA,NA,NA,NA,NA,NA
Brown_et_al_2026,Seal Beach,SB15-06,21,22,SB15-06_22,0.2992,0.219919786,NA,NA,NA,NA,NA,NA,NA,NA,NA,NA,NA,NA,NA,NA,NA,NA,NA,NA
Brown_et_al_2026,Seal Beach,SB15-06,22,23,SB15-06_23,0.2762,0.208906589,NA,NA,NA,NA,NA,NA,NA,NA,NA,NA,NA,NA,NA,NA,NA,NA,NA,NA
Brown_et_al_2026,Seal Beach,SB15-06,23,24,SB15-06_24,0.4309,0.166395916,18.76559008,1.650853539,18.04962738,8.817111824,44.03441303,8.012399172,26.25613792,3.350076242,NA,NA,NA,NA,NA,NA,NA,NA,NA,NA
Brown_et_al_2026,Seal Beach,SB15-06,24,25,SB15-06_25,0.3558,0.14980326,NA,NA,NA,NA,NA,NA,NA,NA,NA,NA,NA,NA,NA,NA,NA,NA,NA,NA
Brown_et_al_2026,Seal Beach,SB15-06,25,26,SB15-06_26,0.3204,0.152621723,NA,NA,NA,NA,NA,NA,NA,NA,NA,NA,NA,NA,NA,NA,NA,NA,NA,NA
Brown_et_al_2026,Seal Beach,SB15-06,26,27,SB15-06_27,0.4444,0.127587759,NA,NA,NA,NA,NA,NA,NA,NA,NA,NA,NA,NA,NA,NA,NA,NA,NA,NA
Brown_et_al_2026,Seal Beach,SB15-06,27,28,SB15-06_28,0.3891,0.152659985,NA,NA,NA,NA,NA,NA,NA,NA,NA,NA,NA,NA,NA,NA,NA,NA,NA,NA
Brown_et_al_2026,Seal Beach,SB15-06,28,29,SB15-06_29,0.3401,0.199353131,NA,NA,NA,NA,NA,NA,NA,NA,NA,NA,NA,NA,NA,NA,NA,NA,NA,NA
Brown_et_al_2026,Seal Beach,SB15-06,29,30,SB15-06_30,0.3205,0.177223089,NA,NA,NA,NA,NA,NA,NA,NA,NA,NA,NA,NA,NA,NA,NA,NA,NA,NA
Brown_et_al_2026,Seal Beach,SB15-06,30,31,SB15-06_31,0.3714,0.151050081,NA,NA,NA,NA,NA,NA,NA,NA,NA,NA,NA,NA,NA,NA,NA,NA,NA,NA
Brown_et_al_2026,Seal Beach,SB15-06,31,32,SB15-06_32,0.6262,0.11450016,3.803047571,0.794134955,-3.694645207,6.604864683,28.76108209,5.401260682,32.39863509,3.621161907,NA,NA,NA,NA,NA,NA,NA,NA,NA,NA
Brown_et_al_2026,Seal Beach,SB15-06,32,33,SB15-06_33,0.8605,0.087972109,NA,NA,NA,NA,NA,NA,NA,NA,NA,NA,NA,NA,NA,NA,NA,NA,NA,NA
Brown_et_al_2026,Seal Beach,SB15-06,33,34,SB15-06_34,0.5057,0.095115681,NA,NA,NA,NA,NA,NA,NA,NA,NA,NA,NA,NA,NA,NA,NA,NA,NA,NA
Brown_et_al_2026,Seal Beach,SB15-06,34,35,SB15-06_35,0.888,0.06509009,NA,NA,NA,NA,NA,NA,NA,NA,NA,NA,NA,NA,NA,NA,NA,NA,NA,NA
Brown_et_al_2026,Seal Beach,SB15-06,35,36,SB15-06_36,0.7762,0.075496006,NA,NA,NA,NA,NA,NA,NA,NA,NA,NA,NA,NA,NA,NA,NA,NA,NA,NA
Brown_et_al_2026,Seal Beach,SB15-06,36,37,SB15-06_37,0.8819,0.076879465,NA,NA,NA,NA,NA,NA,NA,NA,NA,NA,NA,NA,NA,NA,NA,NA,NA,NA
Brown_et_al_2026,Seal Beach,SB15-06,37,38,SB15-06_38,0.5734,0.096442274,NA,NA,NA,NA,NA,NA,NA,NA,NA,NA,NA,NA,NA,NA,NA,NA,NA,NA
Brown_et_al_2026,Seal Beach,SB15-06,38,39,SB15-06_39,0.6421,0.106836941,NA,NA,NA,NA,NA,NA,NA,NA,NA,NA,NA,NA,NA,NA,NA,NA,NA,NA
Brown_et_al_2026,Seal Beach,SB15-06,39,40,SB15-06_40,0.6229,0.107561406,0.279735347,0.559091236,-4.09323602,6.203536992,29.39561898,4.948053501,33.40917535,3.537930603,NA,NA,NA,NA,NA,NA,NA,NA,NA,NA
Brown_et_al_2026,Seal Beach,SB15-06,40,41,SB15-06_41,0.6118,0.1085322,NA,NA,NA,NA,NA,NA,NA,NA,NA,NA,NA,NA,NA,NA,NA,NA,NA,NA
Brown_et_al_2026,Seal Beach,SB15-06,41,42,SB15-06_42,0.7401,0.087825969,NA,NA,NA,NA,NA,NA,NA,NA,NA,NA,NA,NA,NA,NA,NA,NA,NA,NA
Brown_et_al_2026,Seal Beach,SB15-06,42,43,SB15-06_43,0.6635,0.060587792,NA,NA,NA,NA,NA,NA,NA,NA,NA,NA,NA,NA,NA,NA,NA,NA,NA,NA
Brown_et_al_2026,Seal Beach,SB15-06,43,44,SB15-06_44,0.7323,0.056943875,NA,NA,NA,NA,NA,NA,NA,NA,NA,NA,NA,NA,NA,NA,NA,NA,NA,NA
Brown_et_al_2026,Seal Beach,SB15-06,44,45,SB15-06_45,0.8192,0.063842773,NA,NA,NA,NA,NA,NA,NA,NA,NA,NA,NA,NA,NA,NA,NA,NA,NA,NA
Brown_et_al_2026,Seal Beach,SB15-06,45,46,SB15-06_46,0.7217,0.067479562,NA,NA,NA,NA,NA,NA,NA,NA,NA,NA,NA,NA,NA,NA,NA,NA,NA,NA
Brown_et_al_2026,Seal Beach,SB15-06,46,47,SB15-06_47,0.7396,0.072877231,NA,NA,NA,NA,NA,NA,NA,NA,NA,NA,NA,NA,NA,NA,NA,NA,NA,NA
Brown_et_al_2026,Seal Beach,SB15-06,47,48,SB15-06_48,0.8071,0.065791104,NA,NA,NA,NA,NA,NA,NA,NA,NA,NA,NA,NA,NA,NA,NA,NA,NA,NA
Brown_et_al_2026,Seal Beach,SB15-06,48,49,SB15-06_49,0.5789,0.064950769,NA,NA,NA,NA,NA,NA,NA,NA,NA,NA,NA,NA,NA,NA,NA,NA,NA,NA
Brown_et_al_2026,Seal Beach,SB15-06,49,50,SB15-06_50,0.825,0.058181818,NA,NA,NA,NA,NA,NA,NA,NA,NA,NA,NA,NA,NA,NA,NA,NA,NA,NA
Brown_et_al_2026,Seal Beach,SB15-06,50,51,SB15-06_51,0.6626,0.042257772,NA,NA,NA,NA,NA,NA,NA,NA,NA,NA,NA,NA,NA,NA,NA,NA,NA,NA
Brown_et_al_2026,Seal Beach,SB15-06,51,52,SB15-06_52,0.6295,0.047498014,NA,NA,NA,NA,NA,NA,NA,NA,NA,NA,NA,NA,NA,NA,NA,NA,NA,NA
Brown_et_al_2026,Seal Beach,SB15-06,52,53,SB15-06_53,0.7052,0.051191151,NA,NA,NA,NA,NA,NA,NA,NA,NA,NA,NA,NA,NA,NA,NA,NA,NA,NA
Brown_et_al_2026,Seal Beach,SB15-06,53,54,SB15-06_54,0.7629,0.045746494,NA,NA,NA,NA,NA,NA,NA,NA,NA,NA,NA,NA,NA,NA,NA,NA,NA,NA
Brown_et_al_2026,Seal Beach,SB15-06,54,55,SB15-06_55,0.7769,0.051229244,NA,NA,NA,NA,NA,NA,NA,NA,NA,NA,NA,NA,NA,NA,NA,NA,NA,NA
Brown_et_al_2026,Seal Beach,SB15-06,55,56,SB15-06_56,0.8198,0.056843132,NA,NA,NA,NA,NA,NA,NA,NA,NA,NA,NA,NA,NA,NA,NA,NA,NA,NA
Brown_et_al_2026,Seal Beach,SB15-06,56,57,SB15-06_57,0.7924,0.051489147,NA,NA,NA,NA,NA,NA,NA,NA,NA,NA,NA,NA,NA,NA,NA,NA,NA,NA
Brown_et_al_2026,Seal Beach,SB15-06,57,58,SB15-06_58,0.7007,0.061795348,NA,NA,NA,NA,NA,NA,NA,NA,NA,NA,NA,NA,NA,NA,NA,NA,NA,NA
Brown_et_al_2026,Seal Beach,SB15-06,58,59,SB15-06_59,0.6105,0.061588862,NA,NA,NA,NA,NA,NA,NA,NA,NA,NA,NA,NA,NA,NA,NA,NA,NA,NA
Brown_et_al_2026,Seal Beach,SB15-06,59,60,SB15-06_60,0.7173,0.053952321,NA,NA,NA,NA,NA,NA,NA,NA,NA,NA,NA,NA,NA,NA,NA,NA,NA,NA
Brown_et_al_2026,Seal Beach,SB15-06,60,61,SB15-06_61,0.6645,0.056734387,NA,NA,NA,NA,NA,NA,NA,NA,NA,NA,NA,NA,NA,NA,NA,NA,NA,NA
Brown_et_al_2026,Seal Beach,SB15-06,61,62,SB15-06_62,0.6751,0.058213598,NA,NA,NA,NA,NA,NA,NA,NA,NA,NA,NA,NA,NA,NA,NA,NA,NA,NA
Brown_et_al_2026,Seal Beach,SB15-06,62,63,SB15-06_63,0.701,0.061055635,NA,NA,NA,NA,NA,NA,NA,NA,NA,NA,NA,NA,NA,NA,NA,NA,NA,NA
Brown_et_al_2026,Seal Beach,SB15-06,63,64,SB15-06_64,0.6503,0.063201599,NA,NA,NA,NA,NA,NA,NA,NA,NA,NA,NA,NA,NA,NA,NA,NA,NA,NA
Brown_et_al_2026,Seal Beach,SB15-06,64,65,SB15-06_65,0.7348,0.057702776,NA,NA,NA,NA,NA,NA,NA,NA,NA,NA,NA,NA,NA,NA,NA,NA,NA,NA
Brown_et_al_2026,Seal Beach,SB15-06,65,66,SB15-06_66,0.7203,0.069415521,NA,NA,NA,NA,NA,NA,NA,NA,NA,NA,NA,NA,NA,NA,NA,NA,NA,NA
Brown_et_al_2026,Seal Beach,SB15-06,66,67,SB15-06_67,0.6208,0.064110825,NA,NA,NA,NA,NA,NA,NA,NA,NA,NA,NA,NA,NA,NA,NA,NA,NA,NA
Brown_et_al_2026,Seal Beach,SB15-06,67,68,SB15-06_68,0.6536,0.079100367,NA,NA,NA,NA,NA,NA,NA,NA,NA,NA,NA,NA,NA,NA,NA,NA,NA,NA
Brown_et_al_2026,Seal Beach,SB15-06,68,69,SB15-06_69,0.4692,0.149829497,NA,NA,NA,NA,NA,NA,NA,NA,NA,NA,NA,NA,NA,NA,NA,NA,NA,NA
Brown_et_al_2026,Seal Beach,SB15-06,69,70,SB15-06_70,0.5841,0.106317411,NA,NA,NA,NA,NA,NA,NA,NA,NA,NA,NA,NA,NA,NA,NA,NA,NA,NA
Brown_et_al_2026,Seal Beach,SB15-06,70,71,SB15-06_71,0.675,0.07037037,NA,NA,NA,NA,NA,NA,NA,NA,NA,NA,NA,NA,NA,NA,NA,NA,NA,NA
Brown_et_al_2026,Seal Beach,SB15-06,71,72,SB15-06_72,0.6821,0.071836974,NA,NA,NA,NA,NA,NA,NA,NA,NA,NA,NA,NA,NA,NA,NA,NA,NA,NA
Brown_et_al_2026,Seal Beach,SB15-06,72,73,SB15-06_73,0.6687,0.06071482,NA,NA,NA,NA,NA,NA,NA,NA,NA,NA,NA,NA,NA,NA,NA,NA,NA,NA
Brown_et_al_2026,Seal Beach,SB15-06,73,74,SB15-06_74,0.6391,0.067907996,NA,NA,NA,NA,NA,NA,NA,NA,NA,NA,NA,NA,NA,NA,NA,NA,NA,NA
Brown_et_al_2026,Seal Beach,SB15-06,74,75,SB15-06_75,0.7736,0.077430196,NA,NA,NA,NA,NA,NA,NA,NA,NA,NA,NA,NA,NA,NA,NA,NA,NA,NA
Brown_et_al_2026,Seal Beach,SB15-06,75,76,SB15-06_76,0.6886,0.085245426,NA,NA,NA,NA,NA,NA,NA,NA,NA,NA,NA,NA,NA,NA,NA,NA,NA,NA
Brown_et_al_2026,Seal Beach,SB15-06,76,77,SB15-06_77,0.819,0.066178266,NA,NA,NA,NA,NA,NA,NA,NA,NA,NA,NA,NA,NA,NA,NA,NA,NA,NA
Brown_et_al_2026,Seal Beach,SB15-06,77,78,SB15-06_78,0.7936,0.062626008,NA,NA,NA,NA,NA,NA,NA,NA,NA,NA,NA,NA,NA,NA,NA,NA,NA,NA
Brown_et_al_2026,Seal Beach,SB15-06,78,79,SB15-06_79,0.5691,0.068177825,NA,NA,NA,NA,NA,NA,NA,NA,NA,NA,NA,NA,NA,NA,NA,NA,NA,NA
Brown_et_al_2026,Seal Beach,SB15-06,79,80,SB15-06_80,0.7738,0.072499354,NA,NA,NA,NA,NA,NA,NA,NA,NA,NA,NA,NA,NA,NA,NA,NA,NA,NA
Brown_et_al_2026,Seal Beach,SB15-06,80,81,SB15-06_81,0.8078,0.06684823,NA,NA,NA,NA,NA,NA,NA,NA,NA,NA,NA,NA,NA,NA,NA,NA,NA,NA
Brown_et_al_2026,Seal Beach,SB15-06,81,82,SB15-06_82,0.7597,0.067526655,NA,NA,NA,NA,NA,NA,NA,NA,NA,NA,NA,NA,NA,NA,NA,NA,NA,NA
Brown_et_al_2026,Seal Beach,SB15-06,82,83,SB15-06_83,0.8078,0.056944788,NA,NA,NA,NA,NA,NA,NA,NA,NA,NA,NA,NA,NA,NA,NA,NA,NA,NA
Brown_et_al_2026,Seal Beach,SB15-06,83,84,SB15-06_84,0.845,0.055502959,NA,NA,NA,NA,NA,NA,NA,NA,NA,NA,NA,NA,NA,NA,NA,NA,NA,NA
Brown_et_al_2026,Seal Beach,SB15-06,84,85,SB15-06_85,0.7837,0.059589128,NA,NA,NA,NA,NA,NA,NA,NA,NA,NA,NA,NA,NA,NA,NA,NA,NA,NA
Brown_et_al_2026,Seal Beach,SB15-06,85,86,SB15-06_86,0.8592,0.057378957,NA,NA,NA,NA,NA,NA,NA,NA,NA,NA,NA,NA,NA,NA,NA,NA,NA,NA
Brown_et_al_2026,Seal Beach,SB15-06,86,87,SB15-06_87,1.1085,0.044835363,NA,NA,NA,NA,NA,NA,NA,NA,NA,NA,NA,NA,NA,NA,NA,NA,NA,NA
Brown_et_al_2026,Seal Beach,SB15-06,87,88,SB15-06_88,0.9785,0.055288707,NA,NA,NA,NA,NA,NA,NA,NA,NA,NA,NA,NA,NA,NA,NA,NA,NA,NA
Brown_et_al_2026,Seal Beach,SB15-06,88,89,SB15-06_89,0.8091,0.054010629,NA,NA,NA,NA,NA,NA,NA,NA,NA,NA,NA,NA,NA,NA,NA,NA,NA,NA
Brown_et_al_2026,Seal Beach,SB15-06,89,90,SB15-06_90,0.8865,0.047038917,NA,NA,NA,NA,NA,NA,NA,NA,NA,NA,NA,NA,NA,NA,NA,NA,NA,NA
Brown_et_al_2026,Seal Beach,SB15-06,90,91,SB15-06_91,0.8155,0.054199877,NA,NA,NA,NA,NA,NA,NA,NA,NA,NA,NA,NA,NA,NA,NA,NA,NA,NA
Brown_et_al_2026,Seal Beach,SB15-06,91,92,SB15-06_92,0.8618,0.056625667,NA,NA,NA,NA,NA,NA,NA,NA,NA,NA,NA,NA,NA,NA,NA,NA,NA,NA
Brown_et_al_2026,Seal Beach,SB15-06,92,93,SB15-06_93,0.9348,0.055947796,NA,NA,NA,NA,NA,NA,NA,NA,NA,NA,NA,NA,NA,NA,NA,NA,NA,NA
Brown_et_al_2026,Seal Beach,SB15-06,93,94,SB15-06_94,0.9633,0.046922039,NA,NA,NA,NA,NA,NA,NA,NA,NA,NA,NA,NA,NA,NA,NA,NA,NA,NA
Brown_et_al_2026,Seal Beach,SB15-06,94,95,SB15-06_95,0.972,0.051954733,NA,NA,NA,NA,NA,NA,NA,NA,NA,NA,NA,NA,NA,NA,NA,NA,NA,NA
Brown_et_al_2026,Seal Beach,SB15-06,95,96,SB15-06_96,0.9749,0.051800185,NA,NA,NA,NA,NA,NA,NA,NA,NA,NA,NA,NA,NA,NA,NA,NA,NA,NA
Brown_et_al_2026,Seal Beach,SB15-06,96,97,SB15-06_97,0.8639,0.048500984,NA,NA,NA,NA,NA,NA,NA,NA,NA,NA,NA,NA,NA,NA,NA,NA,NA,NA
Brown_et_al_2026,Seal Beach,SB15-06,97,98,SB15-06_98,0.9178,0.057528873,NA,NA,NA,NA,NA,NA,NA,NA,NA,NA,NA,NA,NA,NA,NA,NA,NA,NA
Brown_et_al_2026,Seal Beach,SB15-06,98,99,SB15-06_99,0.9121,0.048678873,NA,NA,NA,NA,NA,NA,NA,NA,340,15,terrestrial,SB15-06 99,0.9584,0.0017,-41.6,1.7,NA,NA
Brown_et_al_2026,Seal Beach,SB15-06,99,100,SB15-06_100,1.0192,0.047488226,NA,NA,NA,NA,NA,NA,NA,NA,NA,NA,NA,NA,NA,NA,NA,NA,NA,NA
Brown_et_al_2026,Seal Beach,SB15-08,0,1,SB15-08_1,0.2853,0.30424115,NA,NA,NA,NA,NA,NA,NA,NA,NA,NA,NA,NA,NA,NA,NA,NA,NA,NA
Brown_et_al_2026,Seal Beach,SB15-08,1,2,SB15-08_2,0.2665,0.281050657,NA,NA,NA,NA,NA,NA,NA,NA,NA,NA,NA,NA,NA,NA,NA,NA,NA,NA
Brown_et_al_2026,Seal Beach,SB15-08,2,3,SB15-08_3,0.267,0.228089888,NA,NA,NA,NA,NA,NA,NA,NA,NA,NA,NA,NA,NA,NA,NA,NA,NA,NA
Brown_et_al_2026,Seal Beach,SB15-08,3,4,SB15-08_4,0.2372,0.261804385,NA,NA,NA,NA,NA,NA,NA,NA,NA,NA,NA,NA,NA,NA,NA,NA,NA,NA
Brown_et_al_2026,Seal Beach,SB15-08,4,5,SB15-08_5,0.2512,0.228901274,NA,NA,NA,NA,NA,NA,NA,NA,NA,NA,NA,NA,NA,NA,NA,NA,NA,NA
Brown_et_al_2026,Seal Beach,SB15-08,5,6,SB15-08_6,0.2258,0.228077945,NA,NA,NA,NA,NA,NA,NA,NA,NA,NA,NA,NA,NA,NA,NA,NA,NA,NA
Brown_et_al_2026,Seal Beach,SB15-08,6,7,SB15-08_7,0.2376,0.213383838,NA,NA,NA,NA,NA,NA,NA,NA,NA,NA,NA,NA,NA,NA,NA,NA,NA,NA
Brown_et_al_2026,Seal Beach,SB15-08,7,8,SB15-08_8,0.3327,0.189660355,NA,NA,NA,NA,NA,NA,NA,NA,NA,NA,NA,NA,NA,NA,NA,NA,NA,NA
Brown_et_al_2026,Seal Beach,SB15-08,8,9,SB15-08_9,0.3182,0.197988686,NA,NA,NA,NA,NA,NA,NA,NA,NA,NA,NA,NA,NA,NA,NA,NA,NA,NA
Brown_et_al_2026,Seal Beach,SB15-08,9,10,SB15-08_10,0.2654,0.220045215,NA,NA,NA,NA,NA,NA,NA,NA,NA,NA,NA,NA,NA,NA,NA,NA,NA,NA
Brown_et_al_2026,Seal Beach,SB15-08,10,11,SB15-08_11,0.2816,0.177556818,NA,NA,NA,NA,NA,NA,NA,NA,NA,NA,NA,NA,NA,NA,NA,NA,NA,NA
Brown_et_al_2026,Seal Beach,SB15-08,11,12,SB15-08_12,0.2962,0.200540176,NA,NA,NA,NA,NA,NA,NA,NA,NA,NA,NA,NA,NA,NA,NA,NA,NA,NA
Brown_et_al_2026,Seal Beach,SB15-08,12,13,SB15-08_13,0.2345,0.220895522,NA,NA,NA,NA,NA,NA,NA,NA,NA,NA,NA,NA,NA,NA,NA,NA,NA,NA
Brown_et_al_2026,Seal Beach,SB15-08,13,14,SB15-08_14,0.3489,0.181713958,NA,NA,NA,NA,NA,NA,NA,NA,NA,NA,NA,NA,NA,NA,NA,NA,NA,NA
Brown_et_al_2026,Seal Beach,SB15-08,14,15,SB15-08_15,0.2429,0.179909428,NA,NA,NA,NA,NA,NA,NA,NA,NA,NA,NA,NA,NA,NA,NA,NA,NA,NA
Brown_et_al_2026,Seal Beach,SB15-08,15,16,SB15-08_16,0.3774,0.134605193,NA,NA,NA,NA,NA,NA,NA,NA,NA,NA,NA,NA,NA,NA,NA,NA,NA,NA
Brown_et_al_2026,Seal Beach,SB15-08,16,17,SB15-08_17,0.4149,0.139310677,NA,NA,NA,NA,NA,NA,NA,NA,NA,NA,NA,NA,NA,NA,NA,NA,NA,NA
Brown_et_al_2026,Seal Beach,SB15-08,17,18,SB15-08_18,0.452,0.145575221,NA,NA,NA,NA,NA,NA,NA,NA,NA,NA,NA,NA,NA,NA,NA,NA,NA,NA
Brown_et_al_2026,Seal Beach,SB15-08,18,19,SB15-08_19,0.4924,0.117384241,NA,NA,NA,NA,NA,NA,NA,NA,NA,NA,NA,NA,NA,NA,NA,NA,NA,NA
Brown_et_al_2026,Seal Beach,SB15-08,19,20,SB15-08_20,0.4808,0.114808652,NA,NA,NA,NA,NA,NA,NA,NA,NA,NA,NA,NA,NA,NA,NA,NA,NA,NA
Brown_et_al_2026,Seal Beach,SB15-08,20,21,SB15-08_21,0.3957,0.122314885,NA,NA,NA,NA,NA,NA,NA,NA,NA,NA,NA,NA,NA,NA,NA,NA,NA,NA
Brown_et_al_2026,Seal Beach,SB15-08,21,22,SB15-08_22,0.3788,0.145459345,NA,NA,NA,NA,NA,NA,NA,NA,NA,NA,NA,NA,NA,NA,NA,NA,NA,NA
Brown_et_al_2026,Seal Beach,SB15-08,22,23,SB15-08_23,0.4785,0.118286311,NA,NA,NA,NA,NA,NA,NA,NA,NA,NA,NA,NA,NA,NA,NA,NA,NA,NA
Brown_et_al_2026,Seal Beach,SB15-08,23,24,SB15-08_24,0.6303,0.109154371,NA,NA,NA,NA,NA,NA,NA,NA,NA,NA,NA,NA,NA,NA,NA,NA,NA,NA
Brown_et_al_2026,Seal Beach,SB15-08,24,25,SB15-08_25,0.7384,0.07868364,NA,NA,NA,NA,NA,NA,NA,NA,NA,NA,NA,NA,NA,NA,NA,NA,NA,NA
Brown_et_al_2026,Seal Beach,SB15-08,25,26,SB15-08_26,0.7531,0.084716505,NA,NA,NA,NA,NA,NA,NA,NA,NA,NA,NA,NA,NA,NA,NA,NA,NA,NA
Brown_et_al_2026,Seal Beach,SB15-08,26,27,SB15-08_27,0.5061,0.097609168,NA,NA,NA,NA,NA,NA,NA,NA,NA,NA,NA,NA,NA,NA,NA,NA,NA,NA
Brown_et_al_2026,Seal Beach,SB15-08,27,28,SB15-08_28,0.5477,0.080518532,NA,NA,NA,NA,NA,NA,NA,NA,NA,NA,NA,NA,NA,NA,NA,NA,NA,NA
Brown_et_al_2026,Seal Beach,SB15-08,28,29,SB15-08_29,0.6317,0.077410163,NA,NA,NA,NA,NA,NA,NA,NA,NA,NA,NA,NA,NA,NA,NA,NA,NA,NA
Brown_et_al_2026,Seal Beach,SB15-08,29,30,SB15-08_30,0.6284,0.093889243,NA,NA,NA,NA,NA,NA,NA,NA,NA,NA,NA,NA,NA,NA,NA,NA,NA,NA
Brown_et_al_2026,Seal Beach,SB15-08,30,31,SB15-08_31,0.6445,0.097439876,NA,NA,NA,NA,NA,NA,NA,NA,NA,NA,NA,NA,NA,NA,NA,NA,NA,NA
Brown_et_al_2026,Seal Beach,SB15-08,31,32,SB15-08_32,0.739,0.074830853,NA,NA,NA,NA,NA,NA,NA,NA,NA,NA,NA,NA,NA,NA,NA,NA,NA,NA
Brown_et_al_2026,Seal Beach,SB15-08,32,33,SB15-08_33,0.8653,0.069686814,NA,NA,NA,NA,NA,NA,NA,NA,NA,NA,NA,NA,NA,NA,NA,NA,NA,NA
Brown_et_al_2026,Seal Beach,SB15-08,33,34,SB15-08_34,0.7695,0.066016894,NA,NA,NA,NA,NA,NA,NA,NA,NA,NA,NA,NA,NA,NA,NA,NA,NA,NA
Brown_et_al_2026,Seal Beach,SB15-08,34,35,SB15-08_35,0.6402,0.072789753,NA,NA,NA,NA,NA,NA,NA,NA,NA,NA,NA,NA,NA,NA,NA,NA,NA,NA
Brown_et_al_2026,Seal Beach,SB15-08,35,36,SB15-08_36,0.7664,0.067066806,NA,NA,NA,NA,NA,NA,NA,NA,NA,NA,NA,NA,NA,NA,NA,NA,NA,NA
Brown_et_al_2026,Seal Beach,SB15-08,36,37,SB15-08_37,0.8117,0.065664654,NA,NA,NA,NA,NA,NA,NA,NA,NA,NA,NA,NA,NA,NA,NA,NA,NA,NA
Brown_et_al_2026,Seal Beach,SB15-08,37,38,SB15-08_38,0.9662,0.064375906,NA,NA,NA,NA,NA,NA,NA,NA,NA,NA,NA,NA,NA,NA,NA,NA,NA,NA
Brown_et_al_2026,Seal Beach,SB15-08,38,39,SB15-08_39,0.6581,0.065795472,NA,NA,NA,NA,NA,NA,NA,NA,NA,NA,NA,NA,NA,NA,NA,NA,NA,NA
Brown_et_al_2026,Seal Beach,SB15-08,39,40,SB15-08_40,0.9718,0.059580161,NA,NA,NA,NA,NA,NA,NA,NA,NA,NA,NA,NA,NA,NA,NA,NA,NA,NA
Brown_et_al_2026,Seal Beach,SB15-08,40,41,SB15-08_41,1.0114,0.055467669,NA,NA,NA,NA,NA,NA,NA,NA,NA,NA,NA,NA,NA,NA,NA,NA,NA,NA
Brown_et_al_2026,Seal Beach,SB15-08,41,42,SB15-08_42,0.8938,0.054262699,NA,NA,NA,NA,NA,NA,NA,NA,NA,NA,NA,NA,NA,NA,NA,NA,NA,NA
Brown_et_al_2026,Seal Beach,SB15-08,42,43,SB15-08_43,0.8517,0.052013620000000003,NA,NA,NA,NA,NA,NA,NA,NA,NA,NA,NA,NA,NA,NA,NA,NA,NA,NA
Brown_et_al_2026,Seal Beach,SB15-08,43,44,SB15-08_44,0.9533,0.059582503,NA,NA,NA,NA,NA,NA,NA,NA,NA,NA,NA,NA,NA,NA,NA,NA,NA,NA
Brown_et_al_2026,Seal Beach,SB15-08,44,45,SB15-08_45,0.7658,0.055497519,NA,NA,NA,NA,NA,NA,NA,NA,NA,NA,NA,NA,NA,NA,NA,NA,NA,NA
Brown_et_al_2026,Seal Beach,SB15-08,45,46,SB15-08_46,0.7625,0.082622951,NA,NA,NA,NA,NA,NA,NA,NA,NA,NA,NA,NA,NA,NA,NA,NA,NA,NA
Brown_et_al_2026,Seal Beach,SB15-08,46,47,SB15-08_47,0.6623,0.098293825,NA,NA,NA,NA,NA,NA,NA,NA,NA,NA,NA,NA,NA,NA,NA,NA,NA,NA
Brown_et_al_2026,Seal Beach,SB15-08,47,48,SB15-08_48,0.7861,0.079633634,NA,NA,NA,NA,NA,NA,NA,NA,NA,NA,NA,NA,NA,NA,NA,NA,NA,NA
Brown_et_al_2026,Seal Beach,SB15-08,48,49,SB15-08_49,1.0029,0.068800479,NA,NA,NA,NA,NA,NA,NA,NA,NA,NA,NA,NA,NA,NA,NA,NA,NA,NA
Brown_et_al_2026,Seal Beach,SB15-08,49,50,SB15-08_50,0.7665,0.082844097,NA,NA,NA,NA,NA,NA,NA,NA,NA,NA,NA,NA,NA,NA,NA,NA,NA,NA
Brown_et_al_2026,Seal Beach,SB15-08,50,51,SB15-08_51,0.6792,0.060217903,NA,NA,NA,NA,NA,NA,NA,NA,NA,NA,NA,NA,NA,NA,NA,NA,NA,NA
Brown_et_al_2026,Seal Beach,SB15-08,51,52,SB15-08_52,0.7538,0.018572566,NA,NA,NA,NA,NA,NA,NA,NA,NA,NA,NA,NA,NA,NA,NA,NA,NA,NA
Brown_et_al_2026,Seal Beach,SB15-08,52,53,SB15-08_53,0.7684,0.095262884,NA,NA,NA,NA,NA,NA,NA,NA,NA,NA,NA,NA,NA,NA,NA,NA,NA,NA
Brown_et_al_2026,Seal Beach,SB15-08,53,54,SB15-08_54,0.7881,0.049612993,NA,NA,NA,NA,NA,NA,NA,NA,NA,NA,NA,NA,NA,NA,NA,NA,NA,NA
Brown_et_al_2026,Seal Beach,SB15-08,54,55,SB15-08_55,0.8671,0.048898628,NA,NA,NA,NA,NA,NA,NA,NA,NA,NA,NA,NA,NA,NA,NA,NA,NA,NA
Brown_et_al_2026,Seal Beach,SB15-08,55,56,SB15-08_56,0.8132,0.050418101,NA,NA,NA,NA,NA,NA,NA,NA,NA,NA,NA,NA,NA,NA,NA,NA,NA,NA
Brown_et_al_2026,Seal Beach,SB15-08,56,57,SB15-08_57,0.791,0.0482933,NA,NA,NA,NA,NA,NA,NA,NA,NA,NA,NA,NA,NA,NA,NA,NA,NA,NA
Brown_et_al_2026,Seal Beach,SB15-08,57,58,SB15-08_58,0.6704,0.059218377,NA,NA,NA,NA,NA,NA,NA,NA,NA,NA,NA,NA,NA,NA,NA,NA,NA,NA
Brown_et_al_2026,Seal Beach,SB15-08,58,59,SB15-08_59,0.8774,0.045817187,NA,NA,NA,NA,NA,NA,NA,NA,NA,NA,NA,NA,NA,NA,NA,NA,NA,NA
Brown_et_al_2026,Seal Beach,SB15-08,59,60,SB15-08_60,0.8721,0.049420938,NA,NA,NA,NA,NA,NA,NA,NA,NA,NA,NA,NA,NA,NA,NA,NA,NA,NA
Brown_et_al_2026,Seal Beach,SB15-08,60,61,SB15-08_61,1.0017,0.043426176,NA,NA,NA,NA,NA,NA,NA,NA,NA,NA,NA,NA,NA,NA,NA,NA,NA,NA
Brown_et_al_2026,Seal Beach,SB15-08,61,62,SB15-08_62,0.9653,0.041230705,NA,NA,NA,NA,NA,NA,NA,NA,NA,NA,NA,NA,NA,NA,NA,NA,NA,NA
Brown_et_al_2026,Seal Beach,SB15-08,62,63,SB15-08_63,0.8103,0.041342713,NA,NA,NA,NA,NA,NA,NA,NA,NA,NA,NA,NA,NA,NA,NA,NA,NA,NA
Brown_et_al_2026,Seal Beach,SB15-08,63,64,SB15-08_64,0.6867,0.054900248,NA,NA,NA,NA,NA,NA,NA,NA,NA,NA,NA,NA,NA,NA,NA,NA,NA,NA
Brown_et_al_2026,Seal Beach,SB15-08,64,65,SB15-08_65,0.7163,0.05486528,NA,NA,NA,NA,NA,NA,NA,NA,NA,NA,NA,NA,NA,NA,NA,NA,NA,NA
Brown_et_al_2026,Seal Beach,SB15-08,65,66,SB15-08_66,0.9395,0.046407664,NA,NA,NA,NA,NA,NA,NA,NA,NA,NA,NA,NA,NA,NA,NA,NA,NA,NA
Brown_et_al_2026,Seal Beach,SB15-08,66,67,SB15-08_67,0.8773,0.047532201,NA,NA,NA,NA,NA,NA,NA,NA,NA,NA,NA,NA,NA,NA,NA,NA,NA,NA
Brown_et_al_2026,Seal Beach,SB15-08,67,68,SB15-08_68,0.84,0.048333333,NA,NA,NA,NA,NA,NA,NA,NA,NA,NA,NA,NA,NA,NA,NA,NA,NA,NA
Brown_et_al_2026,Seal Beach,SB15-08,68,69,SB15-08_69,0.9081,0.043937892,NA,NA,NA,NA,NA,NA,NA,NA,NA,NA,NA,NA,NA,NA,NA,NA,NA,NA
Brown_et_al_2026,Seal Beach,SB15-08,69,70,SB15-08_70,0.8222,0.050474337,NA,NA,NA,NA,NA,NA,NA,NA,NA,NA,NA,NA,NA,NA,NA,NA,NA,NA
Brown_et_al_2026,Seal Beach,SB15-08,70,71,SB15-08_71,0.81982,0.048913176,NA,NA,NA,NA,NA,NA,NA,NA,NA,NA,NA,NA,NA,NA,NA,NA,NA,NA
Brown_et_al_2026,Seal Beach,SB15-08,71,72,SB15-08_72,0.6718,0.053140816,NA,NA,NA,NA,NA,NA,NA,NA,NA,NA,NA,NA,NA,NA,NA,NA,NA,NA
Brown_et_al_2026,Seal Beach,SB15-08,72,73,SB15-08_73,0.6849,0.059862754,NA,NA,NA,NA,NA,NA,NA,NA,NA,NA,NA,NA,NA,NA,NA,NA,NA,NA
Brown_et_al_2026,Seal Beach,SB15-08,73,74,SB15-08_74,0.7567,0.067530065,NA,NA,NA,NA,NA,NA,NA,NA,NA,NA,NA,NA,NA,NA,NA,NA,NA,NA
Brown_et_al_2026,Seal Beach,SB15-08,74,75,SB15-08_75,0.8051,0.052167433,NA,NA,NA,NA,NA,NA,NA,NA,NA,NA,NA,NA,NA,NA,NA,NA,NA,NA
Brown_et_al_2026,Seal Beach,SB15-08,75,76,SB15-08_76,0.8935,0.055176273,NA,NA,NA,NA,NA,NA,NA,NA,NA,NA,NA,NA,NA,NA,NA,NA,NA,NA
Brown_et_al_2026,Seal Beach,SB15-08,76,77,SB15-08_77,0.9284,0.051271004,NA,NA,NA,NA,NA,NA,NA,NA,NA,NA,NA,NA,NA,NA,NA,NA,NA,NA
Brown_et_al_2026,Seal Beach,SB15-08,77,78,SB15-08_78,0.9696,0.047442244,NA,NA,NA,NA,NA,NA,NA,NA,NA,NA,NA,NA,NA,NA,NA,NA,NA,NA
Brown_et_al_2026,Seal Beach,SB15-08,78,79,SB15-08_79,0.986,0.047363083,NA,NA,NA,NA,NA,NA,NA,NA,NA,NA,NA,NA,NA,NA,NA,NA,NA,NA
Brown_et_al_2026,Seal Beach,SB15-08,79,80,SB15-08_80,1.0091,0.051630165,NA,NA,NA,NA,NA,NA,NA,NA,NA,NA,NA,NA,NA,NA,NA,NA,NA,NA
Brown_et_al_2026,Seal Beach,SB15-08,80,81,SB15-08_81,0.9379,0.053097345,NA,NA,NA,NA,NA,NA,NA,NA,NA,NA,NA,NA,NA,NA,NA,NA,NA,NA
Brown_et_al_2026,Seal Beach,SB15-08,81,82,SB15-08_82,0.8593,0.049807983,NA,NA,NA,NA,NA,NA,NA,NA,NA,NA,NA,NA,NA,NA,NA,NA,NA,NA
Brown_et_al_2026,Seal Beach,SB15-08,82,83,SB15-08_83,0.9008,0.04973357,NA,NA,NA,NA,NA,NA,NA,NA,NA,NA,NA,NA,NA,NA,NA,NA,NA,NA
Brown_et_al_2026,Seal Beach,SB15-08,83,84,SB15-08_84,0.9777,0.043264805,NA,NA,NA,NA,NA,NA,NA,NA,NA,NA,NA,NA,NA,NA,NA,NA,NA,NA
Brown_et_al_2026,Seal Beach,SB15-08,84,85,SB15-08_85,0.8737,0.049902713,NA,NA,NA,NA,NA,NA,NA,NA,NA,NA,NA,NA,NA,NA,NA,NA,NA,NA
Brown_et_al_2026,Seal Beach,SB15-08,85,86,SB15-08_86,0.8197,0.046236428,NA,NA,NA,NA,NA,NA,NA,NA,NA,NA,NA,NA,NA,NA,NA,NA,NA,NA
Brown_et_al_2026,Seal Beach,SB15-08,86,87,SB15-08_87,0.9173,0.049493078,NA,NA,NA,NA,NA,NA,NA,NA,NA,NA,NA,NA,NA,NA,NA,NA,NA,NA
Brown_et_al_2026,Seal Beach,SB15-08,87,88,SB15-08_88,0.8236,0.051117047,NA,NA,NA,NA,NA,NA,NA,NA,NA,NA,NA,NA,NA,NA,NA,NA,NA,NA
Brown_et_al_2026,Seal Beach,SB15-08,88,89,SB15-08_89,0.7998,0.058014504,NA,NA,NA,NA,NA,NA,NA,NA,NA,NA,NA,NA,NA,NA,NA,NA,NA,NA
Brown_et_al_2026,Seal Beach,SB15-08,89,90,SB15-08_90,0.8328,0.053914505,NA,NA,NA,NA,NA,NA,NA,NA,NA,NA,NA,NA,NA,NA,NA,NA,NA,NA
Brown_et_al_2026,Seal Beach,SB15-08,90,91,SB15-08_91,0.7938,0.057193248,NA,NA,NA,NA,NA,NA,NA,NA,NA,NA,NA,NA,NA,NA,NA,NA,NA,NA
Brown_et_al_2026,Seal Beach,SB15-08,91,92,SB15-08_92,0.8708,0.048576022,NA,NA,NA,NA,NA,NA,NA,NA,NA,NA,NA,NA,NA,NA,NA,NA,NA,NA
Brown_et_al_2026,Seal Beach,SB15-08,92,93,SB15-08_93,0.755,0.057483444,NA,NA,NA,NA,NA,NA,NA,NA,NA,NA,NA,NA,NA,NA,NA,NA,NA,NA
Brown_et_al_2026,Seal Beach,SB15-08,93,94,SB15-08_94,0.713,0.072510519,NA,NA,NA,NA,NA,NA,NA,NA,NA,NA,NA,NA,NA,NA,NA,NA,NA,NA
Brown_et_al_2026,Seal Beach,SB15-08,94,95,SB15-08_95,0.6177,0.064108791,NA,NA,NA,NA,NA,NA,NA,NA,NA,NA,NA,NA,NA,NA,NA,NA,NA,NA
Brown_et_al_2026,Seal Beach,SB15-08,95,96,SB15-08_96,0.7335,0.060122699,NA,NA,NA,NA,NA,NA,NA,NA,NA,NA,NA,NA,NA,NA,NA,NA,NA,NA
Brown_et_al_2026,Seal Beach,SB15-08,96,97,SB15-08_97,0.7806,0.060210095,NA,NA,NA,NA,NA,NA,NA,NA,NA,NA,NA,NA,NA,NA,NA,NA,NA,NA
Brown_et_al_2026,Seal Beach,SB15-08,97,98,SB15-08_98,0.9576,0.048245614,NA,NA,NA,NA,NA,NA,NA,NA,NA,NA,NA,NA,NA,NA,NA,NA,NA,NA
Brown_et_al_2026,Seal Beach,SB15-08,98,99,SB15-08_99,0.8228,0.056149733,NA,NA,NA,NA,NA,NA,NA,NA,NA,NA,NA,NA,NA,NA,NA,NA,NA,NA
Brown_et_al_2026,Seal Beach,SB15-08,99,100,SB15-08_100,0.7509,0.056998269,NA,NA,NA,NA,NA,NA,NA,NA,NA,NA,NA,NA,NA,NA,NA,NA,NA,NA
Brown_et_al_2026,Seal Beach,SB15-09,0,1,SB15-09_1,0.1937,0.38822922,NA,NA,NA,NA,NA,NA,NA,NA,NA,NA,NA,NA,NA,NA,NA,NA,NA,NA
Brown_et_al_2026,Seal Beach,SB15-09,1,2,SB15-09_2,0.2328,0.357817869,NA,NA,NA,NA,NA,NA,NA,NA,NA,NA,NA,NA,NA,NA,NA,NA,NA,NA
Brown_et_al_2026,Seal Beach,SB15-09,2,3,SB15-09_3,0.2125,0.384470588,NA,NA,NA,NA,NA,NA,NA,NA,NA,NA,NA,NA,NA,NA,NA,NA,NA,NA
Brown_et_al_2026,Seal Beach,SB15-09,3,4,SB15-09_4,0.2056,0.368677043,4.553468945,1.264343516,58.41817602,8.503940429,79.10428946,7.870798348,21.54966159,2.87146863,NA,NA,NA,NA,NA,NA,NA,NA,NA,NA
Brown_et_al_2026,Seal Beach,SB15-09,4,5,SB15-09_5,0.2225,0.354606742,NA,NA,NA,NA,NA,NA,NA,NA,NA,NA,NA,NA,NA,NA,NA,NA,NA,NA
Brown_et_al_2026,Seal Beach,SB15-09,5,6,SB15-09_6,0.2212,0.384267631,NA,NA,NA,NA,NA,NA,NA,NA,NA,NA,NA,NA,NA,NA,NA,NA,NA,NA
Brown_et_al_2026,Seal Beach,SB15-09,6,7,SB15-09_7,0.2275,0.356483517,NA,NA,NA,NA,NA,NA,NA,NA,NA,NA,NA,NA,NA,NA,NA,NA,NA,NA
Brown_et_al_2026,Seal Beach,SB15-09,7,8,SB15-09_8,0.1966,0.367243133,5.299741818,1.34975468,29.45096292,9.680083401,45.47856147,9.164619988,16.47035482,2.630114352,NA,NA,NA,NA,NA,NA,NA,NA,NA,NA
Brown_et_al_2026,Seal Beach,SB15-09,8,9,SB15-09_9,0.2339,0.38477982,NA,NA,NA,NA,NA,NA,NA,NA,NA,NA,NA,NA,NA,NA,NA,NA,NA,NA
Brown_et_al_2026,Seal Beach,SB15-09,9,10,SB15-09_10,0.2173,0.330878969,NA,NA,NA,NA,NA,NA,NA,NA,NA,NA,NA,NA,NA,NA,NA,NA,NA,NA
Brown_et_al_2026,Seal Beach,SB15-09,10,11,SB15-09_11,0.2777,0.26971552,NA,NA,NA,NA,NA,NA,NA,NA,NA,NA,NA,NA,NA,NA,NA,NA,NA,NA
Brown_et_al_2026,Seal Beach,SB15-09,11,12,SB15-09_12,0.2717,0.265366213,9.670505834,1.429118692,23.24200787,8.74758623,47.30488341,8.008084834,24.42202713,3.169262681,NA,NA,NA,NA,NA,NA,NA,NA,NA,NA
Brown_et_al_2026,Seal Beach,SB15-09,12,13,SB15-09_13,0.233,0.289699571,NA,NA,NA,NA,NA,NA,NA,NA,NA,NA,NA,NA,NA,NA,NA,NA,NA,NA
Brown_et_al_2026,Seal Beach,SB15-09,13,14,SB15-09_14,0.2506,0.259776536,NA,NA,NA,NA,NA,NA,NA,NA,NA,NA,NA,NA,NA,NA,NA,NA,NA,NA
Brown_et_al_2026,Seal Beach,SB15-09,14,15,SB15-09_15,0.2338,0.269033362,NA,NA,NA,NA,NA,NA,NA,NA,NA,NA,NA,NA,NA,NA,NA,NA,NA,NA
Brown_et_al_2026,Seal Beach,SB15-09,15,16,SB15-09_16,0.2287,0.319195453,12.15360673,2.329095019,-0.597127713,10.65853781,20.76345393,9.798748269,21.35125436,3.750682668,NA,NA,NA,NA,NA,NA,NA,NA,NA,NA
Brown_et_al_2026,Seal Beach,SB15-09,16,17,SB15-09_17,0.2011,0.355544505,NA,NA,NA,NA,NA,NA,NA,NA,NA,NA,NA,NA,NA,NA,NA,NA,NA,NA
Brown_et_al_2026,Seal Beach,SB15-09,17,18,SB15-09_18,0.1929,0.364437532,NA,NA,NA,NA,NA,NA,NA,NA,NA,NA,NA,NA,NA,NA,NA,NA,NA,NA
Brown_et_al_2026,Seal Beach,SB15-09,18,19,SB15-09_19,0.2293,0.327082425,NA,NA,NA,NA,NA,NA,NA,NA,NA,NA,NA,NA,NA,NA,NA,NA,NA,NA
Brown_et_al_2026,Seal Beach,SB15-09,19,20,SB15-09_20,0.2165,0.356120092,12.91625161,1.356697173,0.099190459,7.368030502,24.15537294,6.546635691,24.0577734,3.114795711,NA,NA,NA,NA,NA,NA,NA,NA,NA,NA
Brown_et_al_2026,Seal Beach,SB15-09,20,21,SB15-09_21,0.2534,0.267561168,NA,NA,NA,NA,NA,NA,NA,NA,NA,NA,NA,NA,NA,NA,NA,NA,NA,NA
Brown_et_al_2026,Seal Beach,SB15-09,21,22,SB15-09_22,0.2353,0.286867828,NA,NA,NA,NA,NA,NA,NA,NA,NA,NA,NA,NA,NA,NA,NA,NA,NA,NA
Brown_et_al_2026,Seal Beach,SB15-09,22,23,SB15-09_23,0.2507,0.28320702,NA,NA,NA,NA,NA,NA,NA,NA,NA,NA,NA,NA,NA,NA,NA,NA,NA,NA
Brown_et_al_2026,Seal Beach,SB15-09,23,24,SB15-09_24,0.2683,0.355944838,26.7432162,1.784181882,-2.307272456,11.79069669,22.76029134,11.09047671,25.02785423,3.358240248,NA,NA,NA,NA,NA,NA,NA,NA,NA,NA
Brown_et_al_2026,Seal Beach,SB15-09,24,25,SB15-09_25,0.2532,0.296208531,NA,NA,NA,NA,NA,NA,NA,NA,NA,NA,NA,NA,NA,NA,NA,NA,NA,NA
Brown_et_al_2026,Seal Beach,SB15-09,25,26,SB15-09_26,0.3236,0.295117429,NA,NA,NA,NA,NA,NA,NA,NA,NA,NA,NA,NA,NA,NA,NA,NA,NA,NA
Brown_et_al_2026,Seal Beach,SB15-09,26,27,SB15-09_27,0.32,0.2515625,NA,NA,NA,NA,NA,NA,NA,NA,NA,NA,NA,NA,NA,NA,NA,NA,NA,NA
Brown_et_al_2026,Seal Beach,SB15-09,27,28,SB15-09_28,0.3468,0.203863899,NA,NA,NA,NA,NA,NA,NA,NA,NA,NA,NA,NA,NA,NA,NA,NA,NA,NA
Brown_et_al_2026,Seal Beach,SB15-09,28,29,SB15-09_29,0.2959,0.251436296,NA,NA,NA,NA,NA,NA,NA,NA,NA,NA,NA,NA,NA,NA,NA,NA,NA,NA
Brown_et_al_2026,Seal Beach,SB15-09,29,30,SB15-09_30,0.3777,0.180037067,NA,NA,NA,NA,NA,NA,NA,NA,NA,NA,NA,NA,NA,NA,NA,NA,NA,NA
Brown_et_al_2026,Seal Beach,SB15-09,30,31,SB15-09_31,0.3564,0.168350168,NA,NA,NA,NA,NA,NA,NA,NA,NA,NA,NA,NA,NA,NA,NA,NA,NA,NA
Brown_et_al_2026,Seal Beach,SB15-09,31,32,SB15-09_32,0.3385,0.187592319,1.4979759,1.805919464,-14.8499876,12.87758371,6.293716876,12.21871981,20.88440167,3.285461984,NA,NA,NA,NA,NA,NA,NA,NA,NA,NA
Brown_et_al_2026,Seal Beach,SB15-09,32,33,SB15-09_33,0.2943,0.253143051,NA,NA,NA,NA,NA,NA,NA,NA,NA,NA,NA,NA,NA,NA,NA,NA,NA,NA
Brown_et_al_2026,Seal Beach,SB15-09,33,34,SB15-09_34,0.2993,0.278316071,NA,NA,NA,NA,NA,NA,NA,NA,NA,NA,NA,NA,NA,NA,NA,NA,NA,NA
Brown_et_al_2026,Seal Beach,SB15-09,34,35,SB15-09_35,0.2885,0.257885615,NA,NA,NA,NA,NA,NA,NA,NA,NA,NA,NA,NA,NA,NA,NA,NA,NA,NA
Brown_et_al_2026,Seal Beach,SB15-09,35,36,SB15-09_36,0.3144,0.204834606,NA,NA,NA,NA,NA,NA,NA,NA,NA,NA,NA,NA,NA,NA,NA,NA,NA,NA
Brown_et_al_2026,Seal Beach,SB15-09,36,37,SB15-09_37,0.3971,0.174515236,NA,NA,NA,NA,NA,NA,NA,NA,NA,NA,NA,NA,NA,NA,NA,NA,NA,NA
Brown_et_al_2026,Seal Beach,SB15-09,37,38,SB15-09_38,0.4702,0.126754573,NA,NA,NA,NA,NA,NA,NA,NA,NA,NA,NA,NA,NA,NA,NA,NA,NA,NA
Brown_et_al_2026,Seal Beach,SB15-09,38,39,SB15-09_39,0.6015,0.098753117,NA,NA,NA,NA,NA,NA,NA,NA,NA,NA,NA,NA,NA,NA,NA,NA,NA,NA
Brown_et_al_2026,Seal Beach,SB15-09,39,40,SB15-09_40,0.8404,0.083650643,0.701689241,0.597399724,-10.85959377,6.284758157,37.99634019,3.599431728,48.66449347,5.01616867,NA,NA,NA,NA,NA,NA,NA,NA,NA,NA
Brown_et_al_2026,Seal Beach,SB15-09,40,41,SB15-09_41,0.9835,0.082257245,NA,NA,NA,NA,NA,NA,NA,NA,NA,NA,NA,NA,NA,NA,NA,NA,NA,NA
Brown_et_al_2026,Seal Beach,SB15-09,41,42,SB15-09_42,0.9535,0.083901416,NA,NA,NA,NA,NA,NA,NA,NA,NA,NA,NA,NA,NA,NA,NA,NA,NA,NA
Brown_et_al_2026,Seal Beach,SB15-09,42,43,SB15-09_43,0.7703,0.09814358,NA,NA,NA,NA,NA,NA,NA,NA,NA,NA,NA,NA,NA,NA,NA,NA,NA,NA
Brown_et_al_2026,Seal Beach,SB15-09,43,44,SB15-09_44,0.5667,0.134462679,NA,NA,NA,NA,NA,NA,NA,NA,NA,NA,NA,NA,NA,NA,NA,NA,NA,NA
Brown_et_al_2026,Seal Beach,SB15-09,44,45,SB15-09_45,0.5462,0.146466496,NA,NA,NA,NA,NA,NA,NA,NA,NA,NA,NA,NA,NA,NA,NA,NA,NA,NA
Brown_et_al_2026,Seal Beach,SB15-09,45,46,SB15-09_46,0.4039,0.186927457,NA,NA,NA,NA,NA,NA,NA,NA,NA,NA,NA,NA,NA,NA,NA,NA,NA,NA
Brown_et_al_2026,Seal Beach,SB15-09,46,47,SB15-09_47,0.3164,0.237041719,NA,NA,NA,NA,NA,NA,NA,NA,NA,NA,NA,NA,NA,NA,NA,NA,NA,NA
Brown_et_al_2026,Seal Beach,SB15-09,47,48,SB15-09_48,0.3001,0.243585471,NA,NA,NA,NA,NA,NA,NA,NA,NA,NA,NA,NA,NA,NA,NA,NA,NA,NA
Brown_et_al_2026,Seal Beach,SB15-09,48,49,SB15-09_49,0.7853,0.089901948,NA,NA,NA,NA,NA,NA,NA,NA,NA,NA,NA,NA,NA,NA,NA,NA,NA,NA
Brown_et_al_2026,Seal Beach,SB15-09,49,50,SB15-09_50,0.2619,0.279114166,NA,NA,NA,NA,NA,NA,NA,NA,NA,NA,NA,NA,NA,NA,NA,NA,NA,NA
Brown_et_al_2026,Seal Beach,SB15-09,50,51,SB15-09_51,0.3576,0.256711409,NA,NA,NA,NA,NA,NA,NA,NA,NA,NA,NA,NA,NA,NA,NA,NA,NA,NA
Brown_et_al_2026,Seal Beach,SB15-09,51,52,SB15-09_52,0.3506,0.233029093,NA,NA,NA,NA,NA,NA,NA,NA,NA,NA,NA,NA,NA,NA,NA,NA,NA,NA
Brown_et_al_2026,Seal Beach,SB15-09,52,53,SB15-09_53,0.3024,0.278769841,NA,NA,NA,NA,NA,NA,NA,NA,NA,NA,NA,NA,NA,NA,NA,NA,NA,NA
Brown_et_al_2026,Seal Beach,SB15-09,53,54,SB15-09_54,0.2823,0.30534892,NA,NA,NA,NA,NA,NA,NA,NA,NA,NA,NA,NA,NA,NA,NA,NA,NA,NA
Brown_et_al_2026,Seal Beach,SB15-09,54,55,SB15-09_55,0.2935,0.235775128,NA,NA,NA,NA,NA,NA,NA,NA,NA,NA,NA,NA,NA,NA,NA,NA,NA,NA
Brown_et_al_2026,Seal Beach,SB15-09,55,56,SB15-09_56,0.3483,0.241745622,NA,NA,NA,NA,NA,NA,NA,NA,NA,NA,NA,NA,NA,NA,NA,NA,NA,NA
Brown_et_al_2026,Seal Beach,SB15-09,56,57,SB15-09_57,0.3544,0.218961625,NA,NA,NA,NA,NA,NA,NA,NA,NA,NA,NA,NA,NA,NA,NA,NA,NA,NA
Brown_et_al_2026,Seal Beach,SB15-09,57,58,SB15-09_58,0.3889,0.200051427,NA,NA,NA,NA,NA,NA,NA,NA,NA,NA,NA,NA,NA,NA,NA,NA,NA,NA
Brown_et_al_2026,Seal Beach,SB15-09,58,59,SB15-09_59,0.3872,0.180785124,NA,NA,NA,NA,NA,NA,NA,NA,NA,NA,NA,NA,NA,NA,NA,NA,NA,NA
Brown_et_al_2026,Seal Beach,SB15-09,59,60,SB15-09_60,0.3929,0.199796386,NA,NA,NA,NA,NA,NA,NA,NA,NA,NA,NA,NA,NA,NA,NA,NA,NA,NA
Brown_et_al_2026,Seal Beach,SB15-09,60,61,SB15-09_61,0.3842,0.172306091,NA,NA,NA,NA,NA,NA,NA,NA,NA,NA,NA,NA,NA,NA,NA,NA,NA,NA
Brown_et_al_2026,Seal Beach,SB15-09,61,62,SB15-09_62,0.3018,0.249171637,NA,NA,NA,NA,NA,NA,NA,NA,NA,NA,NA,NA,NA,NA,NA,NA,NA,NA
Brown_et_al_2026,Seal Beach,SB15-09,62,63,SB15-09_63,0.3036,0.214756258,NA,NA,NA,NA,NA,NA,NA,NA,NA,NA,NA,NA,NA,NA,NA,NA,NA,NA
Brown_et_al_2026,Seal Beach,SB15-09,63,64,SB15-09_64,0.3835,0.184093872,NA,NA,NA,NA,NA,NA,NA,NA,NA,NA,NA,NA,NA,NA,NA,NA,NA,NA
Brown_et_al_2026,Seal Beach,SB15-09,64,65,SB15-09_65,0.4996,0.142914332,NA,NA,NA,NA,NA,NA,NA,NA,NA,NA,NA,NA,NA,NA,NA,NA,NA,NA
Brown_et_al_2026,Seal Beach,SB15-09,65,66,SB15-09_66,0.4337,0.160710168,NA,NA,NA,NA,NA,NA,NA,NA,NA,NA,NA,NA,NA,NA,NA,NA,NA,NA
Brown_et_al_2026,Seal Beach,SB15-09,66,67,SB15-09_67,0.3758,0.211548696,NA,NA,NA,NA,NA,NA,NA,NA,NA,NA,NA,NA,NA,NA,NA,NA,NA,NA
Brown_et_al_2026,Seal Beach,SB15-09,67,68,SB15-09_68,0.3597,0.182096191,NA,NA,NA,NA,NA,NA,NA,NA,NA,NA,NA,NA,NA,NA,NA,NA,NA,NA
Brown_et_al_2026,Seal Beach,SB15-09,68,69,SB15-09_69,0.395,0.172405063,NA,NA,NA,NA,NA,NA,NA,NA,NA,NA,NA,NA,NA,NA,NA,NA,NA,NA
Brown_et_al_2026,Seal Beach,SB15-09,69,70,SB15-09_70,0.4945,0.127199191,NA,NA,NA,NA,NA,NA,NA,NA,NA,NA,NA,NA,NA,NA,NA,NA,NA,NA
Brown_et_al_2026,Seal Beach,SB15-09,70,71,SB15-09_71,0.6216,0.091698842,NA,NA,NA,NA,NA,NA,NA,NA,NA,NA,NA,NA,NA,NA,NA,NA,NA,NA
Brown_et_al_2026,Seal Beach,SB15-09,71,72,SB15-09_72,0.7806,0.079810402,NA,NA,NA,NA,NA,NA,NA,NA,NA,NA,NA,NA,NA,NA,NA,NA,NA,NA
Brown_et_al_2026,Seal Beach,SB15-09,72,73,SB15-09_73,0.5618,0.114631541,NA,NA,NA,NA,NA,NA,NA,NA,NA,NA,NA,NA,NA,NA,NA,NA,NA,NA
Brown_et_al_2026,Seal Beach,SB15-09,73,74,SB15-09_74,0.7367,0.076693362,NA,NA,NA,NA,NA,NA,NA,NA,NA,NA,NA,NA,NA,NA,NA,NA,NA,NA
Brown_et_al_2026,Seal Beach,SB15-09,74,75,SB15-09_75,0.7762,0.050760113,NA,NA,NA,NA,NA,NA,NA,NA,NA,NA,NA,NA,NA,NA,NA,NA,NA,NA
Brown_et_al_2026,Seal Beach,SB15-09,75,76,SB15-09_76,0.8399,0.063459936,NA,NA,NA,NA,NA,NA,NA,NA,NA,NA,NA,NA,NA,NA,NA,NA,NA,NA
Brown_et_al_2026,Seal Beach,SB15-09,76,77,SB15-09_77,0.4945,0.10859454,NA,NA,NA,NA,NA,NA,NA,NA,NA,NA,NA,NA,NA,NA,NA,NA,NA,NA
Brown_et_al_2026,Seal Beach,SB15-09,77,78,SB15-09_78,0.6673,0.082571557,NA,NA,NA,NA,NA,NA,NA,NA,NA,NA,NA,NA,NA,NA,NA,NA,NA,NA
Brown_et_al_2026,Seal Beach,SB15-09,78,79,SB15-09_79,0.5351,0.121846384,NA,NA,NA,NA,NA,NA,NA,NA,NA,NA,NA,NA,NA,NA,NA,NA,NA,NA
Brown_et_al_2026,Seal Beach,SB15-09,79,80,SB15-09_80,0.4678,0.126977341,NA,NA,NA,NA,NA,NA,NA,NA,NA,NA,NA,NA,NA,NA,NA,NA,NA,NA
Brown_et_al_2026,Seal Beach,SB15-09,80,81,SB15-09_81,0.5537,0.097706339,NA,NA,NA,NA,NA,NA,NA,NA,NA,NA,NA,NA,NA,NA,NA,NA,NA,NA
Brown_et_al_2026,Seal Beach,SB15-09,81,82,SB15-09_82,0.7032,0.08930603,NA,NA,NA,NA,NA,NA,NA,NA,NA,NA,NA,NA,NA,NA,NA,NA,NA,NA
Brown_et_al_2026,Seal Beach,SB15-09,82,83,SB15-09_83,1.0315,0.053999031,NA,NA,NA,NA,NA,NA,NA,NA,NA,NA,NA,NA,NA,NA,NA,NA,NA,NA
Brown_et_al_2026,Seal Beach,SB15-09,83,84,SB15-09_84,0.925,0.063567568,NA,NA,NA,NA,NA,NA,NA,NA,NA,NA,NA,NA,NA,NA,NA,NA,NA,NA
Brown_et_al_2026,Seal Beach,SB15-09,84,85,SB15-09_85,0.7865,0.086458996,NA,NA,NA,NA,NA,NA,NA,NA,NA,NA,NA,NA,NA,NA,NA,NA,NA,NA
Brown_et_al_2026,Seal Beach,SB15-09,85,86,SB15-09_86,0.4183,0.153956491,NA,NA,NA,NA,NA,NA,NA,NA,NA,NA,NA,NA,NA,NA,NA,NA,NA,NA
Brown_et_al_2026,Seal Beach,SB15-09,86,87,SB15-09_87,0.3852,0.193925234,NA,NA,NA,NA,NA,NA,NA,NA,NA,NA,NA,NA,NA,NA,NA,NA,NA,NA
Brown_et_al_2026,Seal Beach,SB15-09,87,88,SB15-09_88,0.4349,0.14899977,NA,NA,NA,NA,NA,NA,NA,NA,NA,NA,NA,NA,NA,NA,NA,NA,NA,NA
Brown_et_al_2026,Seal Beach,SB15-09,88,89,SB15-09_89,0.5122,0.096056228,NA,NA,NA,NA,NA,NA,NA,NA,NA,NA,NA,NA,NA,NA,NA,NA,NA,NA
Brown_et_al_2026,Seal Beach,SB15-09,89,90,SB15-09_90,0.7276,0.083562397,NA,NA,NA,NA,NA,NA,NA,NA,NA,NA,NA,NA,NA,NA,NA,NA,NA,NA
Brown_et_al_2026,Seal Beach,SB15-09,90,91,SB15-09_91,0.8236,0.07540068,NA,NA,NA,NA,NA,NA,NA,NA,NA,NA,NA,NA,NA,NA,NA,NA,NA,NA
Brown_et_al_2026,Seal Beach,SB15-09,91,92,SB15-09_92,0.5424,0.102323009,NA,NA,NA,NA,NA,NA,NA,NA,NA,NA,NA,NA,NA,NA,NA,NA,NA,NA
Brown_et_al_2026,Seal Beach,SB15-09,92,93,SB15-09_93,0.5036,0.133637808,NA,NA,NA,NA,NA,NA,NA,NA,NA,NA,NA,NA,NA,NA,NA,NA,NA,NA
Brown_et_al_2026,Seal Beach,SB15-09,93,94,SB15-09_94,0.5498,0.10731175,NA,NA,NA,NA,NA,NA,NA,NA,NA,NA,NA,NA,NA,NA,NA,NA,NA,NA
Brown_et_al_2026,Seal Beach,SB15-09,94,95,SB15-09_95,0.4609,0.146235626,NA,NA,NA,NA,NA,NA,NA,NA,NA,NA,NA,NA,NA,NA,NA,NA,NA,NA
Brown_et_al_2026,Seal Beach,SB15-09,95,96,SB15-09_96,0.3933,0.180523773,NA,NA,NA,NA,NA,NA,NA,NA,NA,NA,NA,NA,NA,NA,NA,NA,NA,NA
Brown_et_al_2026,Seal Beach,SB15-09,96,97,SB15-09_97,0.5249,0.124404648,NA,NA,NA,NA,NA,NA,NA,NA,NA,NA,NA,NA,NA,NA,NA,NA,NA,NA
Brown_et_al_2026,Seal Beach,SB15-09,97,98,SB15-09_98,0.578,0.120069204,NA,NA,NA,NA,NA,NA,NA,NA,NA,NA,NA,NA,NA,NA,NA,NA,NA,NA
Brown_et_al_2026,Seal Beach,SB15-09,98,99,SB15-09_99,0.5309,0.13580712,NA,NA,NA,NA,NA,NA,NA,NA,NA,NA,NA,NA,NA,NA,NA,NA,NA,NA
Brown_et_al_2026,Seal Beach,SB15-09,99,100,SB15-09_100,0.4988,0.096030473,NA,NA,NA,NA,NA,NA,NA,NA,NA,NA,NA,NA,NA,NA,NA,NA,NA,NA
Brown_et_al_2026,Seal Beach,SB15-10,170,171,SB15-10_171,NA,NA,NA,NA,NA,NA,NA,NA,NA,NA,1440,15,terrestrial,SB15-10-171,0.8358,0.0014,-164.2,1.4,NA,NA
Brown_et_al_2026,Seal Beach,SB15-11,0,1,SB15-11_1,0.2357,0.330504879,NA,NA,NA,NA,NA,NA,NA,NA,NA,NA,NA,NA,NA,NA,NA,NA,NA,NA
Brown_et_al_2026,Seal Beach,SB15-11,1,2,SB15-11_2,0.2406,0.323358271,NA,NA,NA,NA,NA,NA,NA,NA,NA,NA,NA,NA,NA,NA,NA,NA,NA,NA
Brown_et_al_2026,Seal Beach,SB15-11,2,3,SB15-11_3,0.2582,0.278079009,NA,NA,NA,NA,NA,NA,NA,NA,NA,NA,NA,NA,NA,NA,NA,NA,NA,NA
Brown_et_al_2026,Seal Beach,SB15-11,3,4,SB15-11_4,0.2481,0.279322854,5.611470422,1.473842225,76.65231583,11.71021973,99.67509478,10.87398917,24.68102229,3.607861295,NA,NA,NA,NA,NA,NA,NA,NA,NA,NA
Brown_et_al_2026,Seal Beach,SB15-11,4,5,SB15-11_5,0.2726,0.232208364,NA,NA,NA,NA,NA,NA,NA,NA,NA,NA,NA,NA,NA,NA,NA,NA,NA,NA
Brown_et_al_2026,Seal Beach,SB15-11,5,6,SB15-11_6,0.2927,0.240519303,NA,NA,NA,NA,NA,NA,NA,NA,NA,NA,NA,NA,NA,NA,NA,NA,NA,NA
Brown_et_al_2026,Seal Beach,SB15-11,6,7,SB15-11_7,0.2912,0.231112637,NA,NA,NA,NA,NA,NA,NA,NA,NA,NA,NA,NA,NA,NA,NA,NA,NA,NA
Brown_et_al_2026,Seal Beach,SB15-11,7,8,SB15-11_8,1.2753,0.839880812,9.532659786,1.120356898,39.8916117,7.827993869,64.92954128,6.985035592,25.90755932,3.137548577,NA,NA,NA,NA,NA,NA,NA,NA,NA,NA
Brown_et_al_2026,Seal Beach,SB15-11,8,9,SB15-11_9,0.2827,0.231340644,NA,NA,NA,NA,NA,NA,NA,NA,NA,NA,NA,NA,NA,NA,NA,NA,NA,NA
Brown_et_al_2026,Seal Beach,SB15-11,9,10,SB15-11_10,0.2655,0.273446328,NA,NA,NA,NA,NA,NA,NA,NA,NA,NA,NA,NA,NA,NA,NA,NA,NA,NA
Brown_et_al_2026,Seal Beach,SB15-11,10,11,SB15-11_11,0.2149,0.260586319,NA,NA,NA,NA,NA,NA,NA,NA,NA,NA,NA,NA,NA,NA,NA,NA,NA,NA
Brown_et_al_2026,Seal Beach,SB15-11,11,12,SB15-11_12,0.2492,0.268860353,11.29950525,1.574762661,26.41516626,9.679317764,51.98262437,8.796708918,26.14989979,3.495862056,NA,NA,NA,NA,NA,NA,NA,NA,NA,NA
Brown_et_al_2026,Seal Beach,SB15-11,12,13,SB15-11_13,0.2597,0.252984213,NA,NA,NA,NA,NA,NA,NA,NA,NA,NA,NA,NA,NA,NA,NA,NA,NA,NA
Brown_et_al_2026,Seal Beach,SB15-11,13,14,SB15-11_14,0.252,0.275793651,NA,NA,NA,NA,NA,NA,NA,NA,NA,NA,NA,NA,NA,NA,NA,NA,NA,NA
Brown_et_al_2026,Seal Beach,SB15-11,14,15,SB15-11_15,1.2616,0.849476855,NA,NA,NA,NA,NA,NA,NA,NA,NA,NA,NA,NA,NA,NA,NA,NA,NA,NA
Brown_et_al_2026,Seal Beach,SB15-11,15,16,SB15-11_16,0.2656,0.221762048,16.3463265,1.695214818,-2.504205606,9.055701641,30.76448174,7.82097386,33.21305404,4.151494097,NA,NA,NA,NA,NA,NA,NA,NA,NA,NA
Brown_et_al_2026,Seal Beach,SB15-11,16,17,SB15-11_17,0.3279,0.194876487,NA,NA,NA,NA,NA,NA,NA,NA,NA,NA,NA,NA,NA,NA,NA,NA,NA,NA
Brown_et_al_2026,Seal Beach,SB15-11,17,18,SB15-11_18,0.3132,0.220945083,NA,NA,NA,NA,NA,NA,NA,NA,NA,NA,NA,NA,NA,NA,NA,NA,NA,NA
Brown_et_al_2026,Seal Beach,SB15-11,18,19,SB15-11_19,0.3852,0.176272067,NA,NA,NA,NA,NA,NA,NA,NA,NA,NA,NA,NA,NA,NA,NA,NA,NA,NA
Brown_et_al_2026,Seal Beach,SB15-11,19,20,SB15-11_20,0.3851,0.159179434,7.959296096,1.053253539,-0.074208697,6.430448854,32.77461162,5.063558168,32.84715935,3.725683245,NA,NA,NA,NA,NA,NA,NA,NA,NA,NA
Brown_et_al_2026,Seal Beach,SB15-11,20,21,SB15-11_21,0.362,0.186740332,NA,NA,NA,NA,NA,NA,NA,NA,NA,NA,NA,NA,NA,NA,NA,NA,NA,NA
Brown_et_al_2026,Seal Beach,SB15-11,21,22,SB15-11_22,0.3326,0.193926639,NA,NA,NA,NA,NA,NA,NA,NA,NA,NA,NA,NA,NA,NA,NA,NA,NA,NA
Brown_et_al_2026,Seal Beach,SB15-11,22,23,SB15-11_23,0.3268,0.188494492,NA,NA,NA,NA,NA,NA,NA,NA,NA,NA,NA,NA,NA,NA,NA,NA,NA,NA
Brown_et_al_2026,Seal Beach,SB15-11,23,24,SB15-11_24,0.3852,0.160955348,2.727469945,1.004454668,3.640139531,6.743044054,32.33393336,5.656465306,28.77617714,3.382047906,NA,NA,NA,NA,NA,NA,NA,NA,NA,NA
Brown_et_al_2026,Seal Beach,SB15-11,24,25,SB15-11_25,0.2948,0.176729986,NA,NA,NA,NA,NA,NA,NA,NA,NA,NA,NA,NA,NA,NA,NA,NA,NA,NA
Brown_et_al_2026,Seal Beach,SB15-11,25,26,SB15-11_26,0.3821,0.169850824,NA,NA,NA,NA,NA,NA,NA,NA,NA,NA,NA,NA,NA,NA,NA,NA,NA,NA
Brown_et_al_2026,Seal Beach,SB15-11,26,27,SB15-11_27,0.6228,0.115285806,NA,NA,NA,NA,NA,NA,NA,NA,NA,NA,NA,NA,NA,NA,NA,NA,NA,NA
Brown_et_al_2026,Seal Beach,SB15-11,27,28,SB15-11_28,0.489,0.13210634,NA,NA,NA,NA,NA,NA,NA,NA,NA,NA,NA,NA,NA,NA,NA,NA,NA,NA
Brown_et_al_2026,Seal Beach,SB15-11,28,29,SB15-11_29,0.5566,0.113007546,NA,NA,NA,NA,NA,NA,NA,NA,NA,NA,NA,NA,NA,NA,NA,NA,NA,NA
Brown_et_al_2026,Seal Beach,SB15-11,29,30,SB15-11_30,0.5806,0.104891492,NA,NA,NA,NA,NA,NA,NA,NA,NA,NA,NA,NA,NA,NA,NA,NA,NA,NA
Brown_et_al_2026,Seal Beach,SB15-11,30,31,SB15-11_31,0.5415,0.119852262,NA,NA,NA,NA,NA,NA,NA,NA,NA,NA,NA,NA,NA,NA,NA,NA,NA,NA
Brown_et_al_2026,Seal Beach,SB15-11,31,32,SB15-11_32,0.4803,0.120341453,2.140499485,1.1401396,4.578291737,6.576821514,26.35360516,5.779872747,21.87969044,2.810316214,NA,NA,NA,NA,NA,NA,NA,NA,NA,NA
Brown_et_al_2026,Seal Beach,SB15-11,32,33,SB15-11_33,0.2249,0.270342374,NA,NA,NA,NA,NA,NA,NA,NA,NA,NA,NA,NA,NA,NA,NA,NA,NA,NA
Brown_et_al_2026,Seal Beach,SB15-11,33,34,SB15-11_34,0.5096,0.126373626,NA,NA,NA,NA,NA,NA,NA,NA,NA,NA,NA,NA,NA,NA,NA,NA,NA,NA
Brown_et_al_2026,Seal Beach,SB15-11,34,35,SB15-11_35,0.6261,0.104615876,NA,NA,NA,NA,NA,NA,NA,NA,NA,NA,NA,NA,NA,NA,NA,NA,NA,NA
Brown_et_al_2026,Seal Beach,SB15-11,35,36,SB15-11_36,1.6113,0.664122137,NA,NA,NA,NA,NA,NA,NA,NA,NA,NA,NA,NA,NA,NA,NA,NA,NA,NA
Brown_et_al_2026,Seal Beach,SB15-11,36,37,SB15-11_37,0.5585,0.115666965,NA,NA,NA,NA,NA,NA,NA,NA,NA,NA,NA,NA,NA,NA,NA,NA,NA,NA
Brown_et_al_2026,Seal Beach,SB15-11,37,38,SB15-11_38,0.5091,0.110980161,NA,NA,NA,NA,NA,NA,NA,NA,NA,NA,NA,NA,NA,NA,NA,NA,NA,NA
Brown_et_al_2026,Seal Beach,SB15-11,38,39,SB15-11_39,0.425,0.137176471,NA,NA,NA,NA,NA,NA,NA,NA,NA,NA,NA,NA,NA,NA,NA,NA,NA,NA
Brown_et_al_2026,Seal Beach,SB15-11,39,40,SB15-11_40,0.4247,0.147869084,0.032914814,0.873472986,4.976061658,6.385607993,33.39262565,5.354570867,28.53083702,3.202071172,NA,NA,NA,NA,NA,NA,NA,NA,NA,NA
Brown_et_al_2026,Seal Beach,SB15-11,40,41,SB15-11_41,0.4432,0.153880866,NA,NA,NA,NA,NA,NA,NA,NA,NA,NA,NA,NA,NA,NA,NA,NA,NA,NA
Brown_et_al_2026,Seal Beach,SB15-11,41,42,SB15-11_42,0.4325,0.16416185,NA,NA,NA,NA,NA,NA,NA,NA,NA,NA,NA,NA,NA,NA,NA,NA,NA,NA
Brown_et_al_2026,Seal Beach,SB15-11,42,43,SB15-11_43,0.4092,0.180840665,NA,NA,NA,NA,NA,NA,NA,NA,NA,NA,NA,NA,NA,NA,NA,NA,NA,NA
Brown_et_al_2026,Seal Beach,SB15-11,43,44,SB15-11_44,1.482,0.728744939,NA,NA,NA,NA,NA,NA,NA,NA,NA,NA,NA,NA,NA,NA,NA,NA,NA,NA
Brown_et_al_2026,Seal Beach,SB15-11,44,45,SB15-11_45,0.4917,0.16392109,NA,NA,NA,NA,NA,NA,NA,NA,NA,NA,NA,NA,NA,NA,NA,NA,NA,NA
Brown_et_al_2026,Seal Beach,SB15-11,45,46,SB15-11_46,0.4034,0.196826971,NA,NA,NA,NA,NA,NA,NA,NA,NA,NA,NA,NA,NA,NA,NA,NA,NA,NA
Brown_et_al_2026,Seal Beach,SB15-11,46,47,SB15-11_47,0.5264,0.152165654,NA,NA,NA,NA,NA,NA,NA,NA,NA,NA,NA,NA,NA,NA,NA,NA,NA,NA
Brown_et_al_2026,Seal Beach,SB15-11,47,48,SB15-11_48,0.4548,0.172163588,NA,NA,NA,NA,NA,NA,NA,NA,NA,NA,NA,NA,NA,NA,NA,NA,NA,NA
Brown_et_al_2026,Seal Beach,SB15-11,48,49,SB15-11_49,0.5479,0.147654682,NA,NA,NA,NA,NA,NA,NA,NA,NA,NA,NA,NA,NA,NA,NA,NA,NA,NA
Brown_et_al_2026,Seal Beach,SB15-11,49,50,SB15-11_50,0.5663,0.120077697,NA,NA,NA,NA,NA,NA,NA,NA,NA,NA,NA,NA,NA,NA,NA,NA,NA,NA
Brown_et_al_2026,Seal Beach,SB15-11,50,51,SB15-11_51,0.6032,0.103945623,NA,NA,NA,NA,NA,NA,NA,NA,NA,NA,NA,NA,NA,NA,NA,NA,NA,NA
Brown_et_al_2026,Seal Beach,SB15-11,51,52,SB15-11_52,0.6503,0.10625865,NA,NA,NA,NA,NA,NA,NA,NA,NA,NA,NA,NA,NA,NA,NA,NA,NA,NA
Brown_et_al_2026,Seal Beach,SB15-11,52,53,SB15-11_53,0.6706,0.09394572,NA,NA,NA,NA,NA,NA,NA,NA,NA,NA,NA,NA,NA,NA,NA,NA,NA,NA
Brown_et_al_2026,Seal Beach,SB15-11,53,54,SB15-11_54,0.6946,0.093866974,NA,NA,NA,NA,NA,NA,NA,NA,NA,NA,NA,NA,NA,NA,NA,NA,NA,NA
Brown_et_al_2026,Seal Beach,SB15-11,54,55,SB15-11_55,0.548,0.114963504,NA,NA,NA,NA,NA,NA,NA,NA,NA,NA,NA,NA,NA,NA,NA,NA,NA,NA
Brown_et_al_2026,Seal Beach,SB15-11,55,56,SB15-11_56,0.8445,0.069153345,NA,NA,NA,NA,NA,NA,NA,NA,NA,NA,NA,NA,NA,NA,NA,NA,NA,NA
Brown_et_al_2026,Seal Beach,SB15-11,56,57,SB15-11_57,0.5404,0.082531458,NA,NA,NA,NA,NA,NA,NA,NA,NA,NA,NA,NA,NA,NA,NA,NA,NA,NA
Brown_et_al_2026,Seal Beach,SB15-11,57,58,SB15-11_58,0.5017,0.128961531,NA,NA,NA,NA,NA,NA,NA,NA,NA,NA,NA,NA,NA,NA,NA,NA,NA,NA
Brown_et_al_2026,Seal Beach,SB15-11,58,59,SB15-11_59,0.5086,0.129178136,NA,NA,NA,NA,NA,NA,NA,NA,NA,NA,NA,NA,NA,NA,NA,NA,NA,NA
Brown_et_al_2026,Seal Beach,SB15-11,59,60,SB15-11_60,0.5846,0.091344509,NA,NA,NA,NA,NA,NA,NA,NA,NA,NA,NA,NA,NA,NA,NA,NA,NA,NA
Brown_et_al_2026,Seal Beach,SB15-11,60,61,SB15-11_61,0.8974,0.057722309,NA,NA,NA,NA,NA,NA,NA,NA,NA,NA,NA,NA,NA,NA,NA,NA,NA,NA
Brown_et_al_2026,Seal Beach,SB15-11,61,62,SB15-11_62,0.9379,0.052244376,NA,NA,NA,NA,NA,NA,NA,NA,NA,NA,NA,NA,NA,NA,NA,NA,NA,NA
Brown_et_al_2026,Seal Beach,SB15-11,62,63,SB15-11_63,0.9941,0.050699125,NA,NA,NA,NA,NA,NA,NA,NA,NA,NA,NA,NA,NA,NA,NA,NA,NA,NA
Brown_et_al_2026,Seal Beach,SB15-11,63,64,SB15-11_64,1.0938,0.053300421,NA,NA,NA,NA,NA,NA,NA,NA,NA,NA,NA,NA,NA,NA,NA,NA,NA,NA
Brown_et_al_2026,Seal Beach,SB15-11,64,65,SB15-11_65,0.9341,0.048709988,NA,NA,NA,NA,NA,NA,NA,NA,NA,NA,NA,NA,NA,NA,NA,NA,NA,NA
Brown_et_al_2026,Seal Beach,SB15-11,65,66,SB15-11_66,0.8639,0.05567774,NA,NA,NA,NA,NA,NA,NA,NA,NA,NA,NA,NA,NA,NA,NA,NA,NA,NA
Brown_et_al_2026,Seal Beach,SB15-11,66,67,SB15-11_67,0.6147,0.05124451,NA,NA,NA,NA,NA,NA,NA,NA,NA,NA,NA,NA,NA,NA,NA,NA,NA,NA
Brown_et_al_2026,Seal Beach,SB15-11,67,68,SB15-11_68,0.8644,0.056455345,NA,NA,NA,NA,NA,NA,NA,NA,NA,NA,NA,NA,NA,NA,NA,NA,NA,NA
Brown_et_al_2026,Seal Beach,SB15-11,68,69,SB15-11_69,0.7123,0.080443633,NA,NA,NA,NA,NA,NA,NA,NA,NA,NA,NA,NA,NA,NA,NA,NA,NA,NA
Brown_et_al_2026,Seal Beach,SB15-11,69,70,SB15-11_70,0.5967,0.101893749,NA,NA,NA,NA,NA,NA,NA,NA,NA,NA,NA,NA,NA,NA,NA,NA,NA,NA
Brown_et_al_2026,Seal Beach,SB15-11,70,71,SB15-11_71,0.6837,0.095948515,NA,NA,NA,NA,NA,NA,NA,NA,NA,NA,NA,NA,NA,NA,NA,NA,NA,NA
Brown_et_al_2026,Seal Beach,SB15-11,71,72,SB15-11_72,0.6269,0.103046738,NA,NA,NA,NA,NA,NA,NA,NA,NA,NA,NA,NA,NA,NA,NA,NA,NA,NA
Brown_et_al_2026,Seal Beach,SB15-11,72,73,SB15-11_73,0.6428,0.097386434,NA,NA,NA,NA,NA,NA,NA,NA,NA,NA,NA,NA,NA,NA,NA,NA,NA,NA
Brown_et_al_2026,Seal Beach,SB15-11,73,74,SB15-11_74,0.6786,0.069702328,NA,NA,NA,NA,NA,NA,NA,NA,NA,NA,NA,NA,NA,NA,NA,NA,NA,NA
Brown_et_al_2026,Seal Beach,SB15-11,74,75,SB15-11_75,1.056,0.054734848,NA,NA,NA,NA,NA,NA,NA,NA,NA,NA,NA,NA,NA,NA,NA,NA,NA,NA
Brown_et_al_2026,Seal Beach,SB15-11,75,76,SB15-11_76,0.9531,0.047634036,NA,NA,NA,NA,NA,NA,NA,NA,NA,NA,NA,NA,NA,NA,NA,NA,NA,NA
Brown_et_al_2026,Seal Beach,SB15-11,76,77,SB15-11_77,0.6037,0.089448402,NA,NA,NA,NA,NA,NA,NA,NA,NA,NA,NA,NA,NA,NA,NA,NA,NA,NA
Brown_et_al_2026,Seal Beach,SB15-11,77,78,SB15-11_78,0.381,0.167454068,NA,NA,NA,NA,NA,NA,NA,NA,NA,NA,NA,NA,NA,NA,NA,NA,NA,NA
Brown_et_al_2026,Seal Beach,SB15-11,78,79,SB15-11_79,0.4469,0.147236518,NA,NA,NA,NA,NA,NA,NA,NA,NA,NA,NA,NA,NA,NA,NA,NA,NA,NA
Brown_et_al_2026,Seal Beach,SB15-11,79,80,SB15-11_80,0.3376,0.220082938,NA,NA,NA,NA,NA,NA,NA,NA,NA,NA,NA,NA,NA,NA,NA,NA,NA,NA
Brown_et_al_2026,Seal Beach,SB15-11,80,81,SB15-11_81,0.4303,0.154310946,NA,NA,NA,NA,NA,NA,NA,NA,NA,NA,NA,NA,NA,NA,NA,NA,NA,NA
Brown_et_al_2026,Seal Beach,SB15-11,81,82,SB15-11_82,0.404,0.184653465,NA,NA,NA,NA,NA,NA,NA,NA,NA,NA,NA,NA,NA,NA,NA,NA,NA,NA
Brown_et_al_2026,Seal Beach,SB15-11,82,83,SB15-11_83,0.4581,0.118533071,NA,NA,NA,NA,NA,NA,NA,NA,NA,NA,NA,NA,NA,NA,NA,NA,NA,NA
Brown_et_al_2026,Seal Beach,SB15-11,83,84,SB15-11_84,0.5941,0.106211076,NA,NA,NA,NA,NA,NA,NA,NA,NA,NA,NA,NA,NA,NA,NA,NA,NA,NA
Brown_et_al_2026,Seal Beach,SB15-11,84,85,SB15-11_85,0.7227,0.075273281,NA,NA,NA,NA,NA,NA,NA,NA,NA,NA,NA,NA,NA,NA,NA,NA,NA,NA
Brown_et_al_2026,Seal Beach,SB15-11,85,86,SB15-11_86,0.5428,0.128408253,NA,NA,NA,NA,NA,NA,NA,NA,NA,NA,NA,NA,NA,NA,NA,NA,NA,NA
Brown_et_al_2026,Seal Beach,SB15-11,86,87,SB15-11_87,0.4667,0.147632312,NA,NA,NA,NA,NA,NA,NA,NA,NA,NA,NA,NA,NA,NA,NA,NA,NA,NA
Brown_et_al_2026,Seal Beach,SB15-11,87,88,SB15-11_88,0.4904,0.136215334,NA,NA,NA,NA,NA,NA,NA,NA,NA,NA,NA,NA,NA,NA,NA,NA,NA,NA
Brown_et_al_2026,Seal Beach,SB15-11,88,89,SB15-11_89,0.4837,0.13045276,NA,NA,NA,NA,NA,NA,NA,NA,NA,NA,NA,NA,NA,NA,NA,NA,NA,NA
Brown_et_al_2026,Seal Beach,SB15-11,89,90,SB15-11_90,0.534,0.123220974,NA,NA,NA,NA,NA,NA,NA,NA,NA,NA,NA,NA,NA,NA,NA,NA,NA,NA
Brown_et_al_2026,Seal Beach,SB15-11,90,91,SB15-11_91,0.4324,0.154949121,NA,NA,NA,NA,NA,NA,NA,NA,NA,NA,NA,NA,NA,NA,NA,NA,NA,NA
Brown_et_al_2026,Seal Beach,SB15-11,91,92,SB15-11_92,0.6988,0.0930166,NA,NA,NA,NA,NA,NA,NA,NA,NA,NA,NA,NA,NA,NA,NA,NA,NA,NA
Brown_et_al_2026,Seal Beach,SB15-11,92,93,SB15-11_93,0.5125,0.138731707,NA,NA,NA,NA,NA,NA,NA,NA,NA,NA,NA,NA,NA,NA,NA,NA,NA,NA
Brown_et_al_2026,Seal Beach,SB15-11,93,94,SB15-11_94,0.866,0.05669746,NA,NA,NA,NA,NA,NA,NA,NA,NA,NA,NA,NA,NA,NA,NA,NA,NA,NA
Brown_et_al_2026,Seal Beach,SB15-11,94,95,SB15-11_95,1.2155,0.028877005,NA,NA,NA,NA,NA,NA,NA,NA,NA,NA,NA,NA,NA,NA,NA,NA,NA,NA
Brown_et_al_2026,Seal Beach,SB15-11,95,96,SB15-11_96,0.4469,0.107182815,NA,NA,NA,NA,NA,NA,NA,NA,NA,NA,NA,NA,NA,NA,NA,NA,NA,NA
Brown_et_al_2026,Seal Beach,SB15-11,96,97,SB15-11_97,0.4973,0.120852604,NA,NA,NA,NA,NA,NA,NA,NA,NA,NA,NA,NA,NA,NA,NA,NA,NA,NA
Brown_et_al_2026,Seal Beach,SB15-11,97,98,SB15-11_98,0.5408,0.110946746,NA,NA,NA,NA,NA,NA,NA,NA,NA,NA,NA,NA,NA,NA,NA,NA,NA,NA
Brown_et_al_2026,Seal Beach,SB15-11,98,99,SB15-11_99,0.6669,0.091467986,NA,NA,NA,NA,NA,NA,NA,NA,NA,NA,NA,NA,NA,NA,NA,NA,NA,NA
Brown_et_al_2026,Seal Beach,SB15-11,99,100,SB15-11_100,0.61240000000000006,0.104506858,NA,NA,NA,NA,NA,NA,NA,NA,NA,NA,NA,NA,NA,NA,NA,NA,NA,NA
Brown_et_al_2026,Seal Beach,SB15-11,109,110,SB15-11_110,NA,NA,NA,NA,NA,NA,NA,NA,NA,NA,1060,15,terrestrial,SB15-11-110,0.8763,0.0015,-123.7,1.5,NA,NA
Brown_et_al_2026,Seal Beach,SB15-11,173,174,SB15-11_174,NA,NA,NA,NA,NA,NA,NA,NA,NA,NA,870,40,terrestrial,SB15-11 174 .035mgC,0.8972,0.0042,-102.8,4.2,NA,NA
Brown_et_al_2026,Seal Beach,SB15-14,0,1,SB15-14_1,0.2115,0.460992908,NA,NA,NA,NA,NA,NA,NA,NA,NA,NA,NA,NA,NA,NA,NA,NA,NA,NA
Brown_et_al_2026,Seal Beach,SB15-14,2,3,SB15-14_3,0.2297,0.368741837,NA,NA,NA,NA,NA,NA,NA,NA,NA,NA,NA,NA,NA,NA,NA,NA,NA,NA
Brown_et_al_2026,Seal Beach,SB15-14,3,4,SB15-14_4,0.2551,0.362994904,3.829861475,1.755699884,43.68324883,12.10437958,62.63475115,11.27175007,20.01636924,3.522424893,NA,NA,NA,NA,NA,NA,NA,NA,NA,NA
Brown_et_al_2026,Seal Beach,SB15-14,4,5,SB15-14_5,0.2926,0.327751196,NA,NA,NA,NA,NA,NA,NA,NA,NA,NA,NA,NA,NA,NA,NA,NA,NA,NA
Brown_et_al_2026,Seal Beach,SB15-14,5,6,SB15-14_6,0.2438,0.434372436,NA,NA,NA,NA,NA,NA,NA,NA,NA,NA,NA,NA,NA,NA,NA,NA,NA,NA
Brown_et_al_2026,Seal Beach,SB15-14,6,7,SB15-14_7,0.2241,0.373940205,NA,NA,NA,NA,NA,NA,NA,NA,NA,NA,NA,NA,NA,NA,NA,NA,NA,NA
Brown_et_al_2026,Seal Beach,SB15-14,7,8,SB15-14_8,0.1155,0.382683983,3.506731472,1.306445966,53.89128413,12.26483313,70.55835111,11.50650668,17.99866966,3.268715582,NA,NA,NA,NA,NA,NA,NA,NA,NA,NA
Brown_et_al_2026,Seal Beach,SB15-14,8,9,SB15-14_9,0.2595,0.331406551,NA,NA,NA,NA,NA,NA,NA,NA,NA,NA,NA,NA,NA,NA,NA,NA,NA,NA
Brown_et_al_2026,Seal Beach,SB15-14,9,10,SB15-14_10,0.214,0.351869159,NA,NA,NA,NA,NA,NA,NA,NA,NA,NA,NA,NA,NA,NA,NA,NA,NA,NA
Brown_et_al_2026,Seal Beach,SB15-14,10,11,SB15-14_11,0.2427,0.32591677,NA,NA,NA,NA,NA,NA,NA,NA,NA,NA,NA,NA,NA,NA,NA,NA,NA,NA
Brown_et_al_2026,Seal Beach,SB15-14,11,12,SB15-14_12,0.2119,0.36809816,2.192661747,1.443891756,18.07611933,9.902804735,30.75569937,9.288817659,13.12922415,2.639189321,NA,NA,NA,NA,NA,NA,NA,NA,NA,NA
Brown_et_al_2026,Seal Beach,SB15-14,12,13,SB15-14_13,0.1963,0.329597555,NA,NA,NA,NA,NA,NA,NA,NA,NA,NA,NA,NA,NA,NA,NA,NA,NA,NA
Brown_et_al_2026,Seal Beach,SB15-14,13,14,SB15-14_14,0.2029,0.372597339,NA,NA,NA,NA,NA,NA,NA,NA,NA,NA,NA,NA,NA,NA,NA,NA,NA,NA
Brown_et_al_2026,Seal Beach,SB15-14,14,15,SB15-14_15,0.2539,0.293422607,NA,NA,NA,NA,NA,NA,NA,NA,NA,NA,NA,NA,NA,NA,NA,NA,NA,NA
Brown_et_al_2026,Seal Beach,SB15-14,15,16,SB15-14_16,0.262,0.292748092,6.90152724,1.814674753,27.89124009,9.688452816,44.6306411,8.979086672,17.4378252,2.932572036,NA,NA,NA,NA,NA,NA,NA,NA,NA,NA
Brown_et_al_2026,Seal Beach,SB15-14,16,17,SB15-14_17,0.2794,0.337151038,NA,NA,NA,NA,NA,NA,NA,NA,NA,NA,NA,NA,NA,NA,NA,NA,NA,NA
Brown_et_al_2026,Seal Beach,SB15-14,17,18,SB15-14_18,0.2574,0.358974359,NA,NA,NA,NA,NA,NA,NA,NA,NA,NA,NA,NA,NA,NA,NA,NA,NA,NA
Brown_et_al_2026,Seal Beach,SB15-14,18,19,SB15-14_19,0.2524,0.293581617,NA,NA,NA,NA,NA,NA,NA,NA,NA,NA,NA,NA,NA,NA,NA,NA,NA,NA
Brown_et_al_2026,Seal Beach,SB15-14,19,20,SB15-14_20,0.3334,0.262147571,13.47367481,1.981849471,-5.126690856,11.51601639,16.69243308,10.63123071,21.68989589,3.604721752,NA,NA,NA,NA,NA,NA,NA,NA,NA,NA
Brown_et_al_2026,Seal Beach,SB15-14,20,21,SB15-14_21,0.3116,0.246148909,NA,NA,NA,NA,NA,NA,NA,NA,NA,NA,NA,NA,NA,NA,NA,NA,NA,NA
Brown_et_al_2026,Seal Beach,SB15-14,21,22,SB15-14_22,0.3281,0.24199939,NA,NA,NA,NA,NA,NA,NA,NA,NA,NA,NA,NA,NA,NA,NA,NA,NA,NA
Brown_et_al_2026,Seal Beach,SB15-14,22,23,SB15-14_23,0.3081,0.288542681,NA,NA,NA,NA,NA,NA,NA,NA,NA,NA,NA,NA,NA,NA,NA,NA,NA,NA
Brown_et_al_2026,Seal Beach,SB15-14,23,24,SB15-14_24,0.2858,0.33449965,9.400012359,1.761835062,-1.148171549,7.403119408,20.80004244,6.420369327,21.91917688,3.293631127,NA,NA,NA,NA,NA,NA,NA,NA,NA,NA
Brown_et_al_2026,Seal Beach,SB15-14,24,25,SB15-14_25,0.3782,0.267318879,NA,NA,NA,NA,NA,NA,NA,NA,NA,NA,NA,NA,NA,NA,NA,NA,NA,NA
Brown_et_al_2026,Seal Beach,SB15-14,25,26,SB15-14_26,0.2429,0.428571429,NA,NA,NA,NA,NA,NA,NA,NA,NA,NA,NA,NA,NA,NA,NA,NA,NA,NA
Brown_et_al_2026,Seal Beach,SB15-14,26,27,SB15-14_27,0.2509,0.482662415,NA,NA,NA,NA,NA,NA,NA,NA,NA,NA,NA,NA,NA,NA,NA,NA,NA,NA
Brown_et_al_2026,Seal Beach,SB15-14,27,28,SB15-14_28,0.3171,0.305266477,NA,NA,NA,NA,NA,NA,NA,NA,NA,NA,NA,NA,NA,NA,NA,NA,NA,NA
Brown_et_al_2026,Seal Beach,SB15-14,28,29,SB15-14_29,0.2649,0.318233296,NA,NA,NA,NA,NA,NA,NA,NA,NA,NA,NA,NA,NA,NA,NA,NA,NA,NA
Brown_et_al_2026,Seal Beach,SB15-14,29,30,SB15-14_30,0.2671,0.353051292,NA,NA,NA,NA,NA,NA,NA,NA,NA,NA,NA,NA,NA,NA,NA,NA,NA,NA
Brown_et_al_2026,Seal Beach,SB15-14,30,31,SB15-14_31,0.1943,0.322182192,NA,NA,NA,NA,NA,NA,NA,NA,NA,NA,NA,NA,NA,NA,NA,NA,NA,NA
Brown_et_al_2026,Seal Beach,SB15-14,31,32,SB15-14_32,0.2427,0.246806757,0.922877193,0.935181335,17.51446312,10.51802397,41.35356031,9.635757247,24.2834883,3.498328612,NA,NA,NA,NA,NA,NA,NA,NA,NA,NA
Brown_et_al_2026,Seal Beach,SB15-14,32,33,SB15-14_33,0.4314,0.148354196,NA,NA,NA,NA,NA,NA,NA,NA,NA,NA,NA,NA,NA,NA,NA,NA,NA,NA
Brown_et_al_2026,Seal Beach,SB15-14,33,34,SB15-14_34,0.7266,0.089044867,NA,NA,NA,NA,NA,NA,NA,NA,NA,NA,NA,NA,NA,NA,NA,NA,NA,NA
Brown_et_al_2026,Seal Beach,SB15-14,34,35,SB15-14_35,0.6439,0.090386706,NA,NA,NA,NA,NA,NA,NA,NA,NA,NA,NA,NA,NA,NA,NA,NA,NA,NA
Brown_et_al_2026,Seal Beach,SB15-14,35,36,SB15-14_36,0.3815,0.178243775,NA,NA,NA,NA,NA,NA,NA,NA,NA,NA,NA,NA,NA,NA,NA,NA,NA,NA
Brown_et_al_2026,Seal Beach,SB15-14,36,37,SB15-14_37,0.3682,0.162683324,NA,NA,NA,NA,NA,NA,NA,NA,NA,NA,NA,NA,NA,NA,NA,NA,NA,NA
Brown_et_al_2026,Seal Beach,SB15-14,37,38,SB15-14_38,0.4009,0.159640808,NA,NA,NA,NA,NA,NA,NA,NA,NA,NA,NA,NA,NA,NA,NA,NA,NA,NA
Brown_et_al_2026,Seal Beach,SB15-14,38,39,SB15-14_39,0.362,0.155248619,NA,NA,NA,NA,NA,NA,NA,NA,NA,NA,NA,NA,NA,NA,NA,NA,NA,NA
Brown_et_al_2026,Seal Beach,SB15-14,39,40,SB15-14_40,0.2423,0.301279406,NA,NA,NA,NA,NA,NA,NA,NA,NA,NA,NA,NA,NA,NA,NA,NA,NA,NA
Brown_et_al_2026,Seal Beach,SB15-14,40,41,SB15-14_41,0.2122,0.3133836,NA,NA,NA,NA,NA,NA,NA,NA,NA,NA,NA,NA,NA,NA,NA,NA,NA,NA
Brown_et_al_2026,Seal Beach,SB15-14,41,42,SB15-14_42,0.2514,0.329753381,NA,NA,NA,NA,NA,NA,NA,NA,NA,NA,NA,NA,NA,NA,NA,NA,NA,NA
Brown_et_al_2026,Seal Beach,SB15-14,42,43,SB15-14_43,0.2411,0.349647449,NA,NA,NA,NA,NA,NA,NA,NA,NA,NA,NA,NA,NA,NA,NA,NA,NA,NA
Brown_et_al_2026,Seal Beach,SB15-14,43,44,SB15-14_44,0.2454,0.353300734,NA,NA,NA,NA,NA,NA,NA,NA,NA,NA,NA,NA,NA,NA,NA,NA,NA,NA
Brown_et_al_2026,Seal Beach,SB15-14,44,45,SB15-14_45,0.2159,0.435386753,NA,NA,NA,NA,NA,NA,NA,NA,NA,NA,NA,NA,NA,NA,NA,NA,NA,NA
Brown_et_al_2026,Seal Beach,SB15-14,45,46,SB15-14_46,0.2006,0.335992024,NA,NA,NA,NA,NA,NA,NA,NA,NA,NA,NA,NA,NA,NA,NA,NA,NA,NA
Brown_et_al_2026,Seal Beach,SB15-14,46,47,SB15-14_47,0.2244,0.483065954,NA,NA,NA,NA,NA,NA,NA,NA,NA,NA,NA,NA,NA,NA,NA,NA,NA,NA
Brown_et_al_2026,Seal Beach,SB15-14,47,48,SB15-14_48,0.1845,0.5100271,NA,NA,NA,NA,NA,NA,NA,NA,NA,NA,NA,NA,NA,NA,NA,NA,NA,NA
Brown_et_al_2026,Seal Beach,SB15-14,48,49,SB15-14_49,0.2296,0.402439024,NA,NA,NA,NA,NA,NA,NA,NA,NA,NA,NA,NA,NA,NA,NA,NA,NA,NA
Brown_et_al_2026,Seal Beach,SB15-14,49,50,SB15-14_50,0.3003,0.393273393,NA,NA,NA,NA,NA,NA,NA,NA,NA,NA,NA,NA,NA,NA,NA,NA,NA,NA
Brown_et_al_2026,Seal Beach,SB15-14,50,51,SB15-14_51,0.323,0.276160991,NA,NA,NA,NA,NA,NA,NA,NA,NA,NA,NA,NA,NA,NA,NA,NA,NA,NA
Brown_et_al_2026,Seal Beach,SB15-14,51,52,SB15-14_52,0.3163,0.263673728,NA,NA,NA,NA,NA,NA,NA,NA,NA,NA,NA,NA,NA,NA,NA,NA,NA,NA
Brown_et_al_2026,Seal Beach,SB15-14,52,53,SB15-14_53,0.2773,0.332131266,NA,NA,NA,NA,NA,NA,NA,NA,NA,NA,NA,NA,NA,NA,NA,NA,NA,NA
Brown_et_al_2026,Seal Beach,SB15-14,53,54,SB15-14_54,0.6101,0.143910834,NA,NA,NA,NA,NA,NA,NA,NA,NA,NA,NA,NA,NA,NA,NA,NA,NA,NA
Brown_et_al_2026,Seal Beach,SB15-14,54,55,SB15-14_55,0.6924,0.094887348,NA,NA,NA,NA,NA,NA,NA,NA,NA,NA,NA,NA,NA,NA,NA,NA,NA,NA
Brown_et_al_2026,Seal Beach,SB15-14,55,56,SB15-14_56,0.4736,0.129434122,NA,NA,NA,NA,NA,NA,NA,NA,NA,NA,NA,NA,NA,NA,NA,NA,NA,NA
Brown_et_al_2026,Seal Beach,SB15-14,56,57,SB15-14_57,0.6766,0.106710021,NA,NA,NA,NA,NA,NA,NA,NA,NA,NA,NA,NA,NA,NA,NA,NA,NA,NA
Brown_et_al_2026,Seal Beach,SB15-14,57,58,SB15-14_58,0.6324,0.106894371,NA,NA,NA,NA,NA,NA,NA,NA,NA,NA,NA,NA,NA,NA,NA,NA,NA,NA
Brown_et_al_2026,Seal Beach,SB15-14,58,59,SB15-14_59,0.6597,0.105350917,NA,NA,NA,NA,NA,NA,NA,NA,NA,NA,NA,NA,NA,NA,NA,NA,NA,NA
Brown_et_al_2026,Seal Beach,SB15-14,59,60,SB15-14_60,0.6839,0.098113759,NA,NA,NA,NA,NA,NA,NA,NA,NA,NA,NA,NA,NA,NA,NA,NA,NA,NA
Brown_et_al_2026,Seal Beach,SB15-14,60,61,SB15-14_61,0.7377,0.08079165,NA,NA,NA,NA,NA,NA,NA,NA,NA,NA,NA,NA,NA,NA,NA,NA,NA,NA
Brown_et_al_2026,Seal Beach,SB15-14,61,62,SB15-14_62,0.773,0.072833118,NA,NA,NA,NA,NA,NA,NA,NA,NA,NA,NA,NA,NA,NA,NA,NA,NA,NA
Brown_et_al_2026,Seal Beach,SB15-14,62,63,SB15-14_63,0.453,0.143046358,NA,NA,NA,NA,NA,NA,NA,NA,NA,NA,NA,NA,NA,NA,NA,NA,NA,NA
Brown_et_al_2026,Seal Beach,SB15-14,63,64,SB15-14_64,0.2524,0.291600634,NA,NA,NA,NA,NA,NA,NA,NA,NA,NA,NA,NA,NA,NA,NA,NA,NA,NA
Brown_et_al_2026,Seal Beach,SB15-14,64,65,SB15-14_65,0.2756,0.311320755,NA,NA,NA,NA,NA,NA,NA,NA,NA,NA,NA,NA,NA,NA,NA,NA,NA,NA
Brown_et_al_2026,Seal Beach,SB15-14,65,66,SB15-14_66,0.248,0.36733871,NA,NA,NA,NA,NA,NA,NA,NA,NA,NA,NA,NA,NA,NA,NA,NA,NA,NA
Brown_et_al_2026,Seal Beach,SB15-14,66,67,SB15-14_67,0.2419,0.342703597,NA,NA,NA,NA,NA,NA,NA,NA,NA,NA,NA,NA,NA,NA,NA,NA,NA,NA
Brown_et_al_2026,Seal Beach,SB15-14,67,68,SB15-14_68,0.3111,0.302796528,NA,NA,NA,NA,NA,NA,NA,NA,NA,NA,NA,NA,NA,NA,NA,NA,NA,NA
Brown_et_al_2026,Seal Beach,SB15-14,68,69,SB15-14_69,0.63,0.132380952,NA,NA,NA,NA,NA,NA,NA,NA,NA,NA,NA,NA,NA,NA,NA,NA,NA,NA
Brown_et_al_2026,Seal Beach,SB15-14,69,70,SB15-14_70,0.2314,0.484874676,NA,NA,NA,NA,NA,NA,NA,NA,NA,NA,NA,NA,NA,NA,NA,NA,NA,NA
Brown_et_al_2026,Seal Beach,SB15-14,70,71,SB15-14_71,0.2648,0.442220544,NA,NA,NA,NA,NA,NA,NA,NA,NA,NA,NA,NA,NA,NA,NA,NA,NA,NA
Brown_et_al_2026,Seal Beach,SB15-14,71,72,SB15-14_72,0.2743,0.346700693,NA,NA,NA,NA,NA,NA,NA,NA,NA,NA,NA,NA,NA,NA,NA,NA,NA,NA
Brown_et_al_2026,Seal Beach,SB15-14,72,73,SB15-14_73,0.2641,0.295721318,NA,NA,NA,NA,NA,NA,NA,NA,NA,NA,NA,NA,NA,NA,NA,NA,NA,NA
Brown_et_al_2026,Seal Beach,SB15-14,73,74,SB15-14_74,0.2452,0.313621533,NA,NA,NA,NA,NA,NA,NA,NA,NA,NA,NA,NA,NA,NA,NA,NA,NA,NA
Brown_et_al_2026,Seal Beach,SB15-14,74,75,SB15-14_75,0.4484,0.179527208,NA,NA,NA,NA,NA,NA,NA,NA,NA,NA,NA,NA,NA,NA,NA,NA,NA,NA
Brown_et_al_2026,Seal Beach,SB15-14,75,76,SB15-14_76,0.4021,0.259636906,NA,NA,NA,NA,NA,NA,NA,NA,NA,NA,NA,NA,NA,NA,NA,NA,NA,NA
Brown_et_al_2026,Seal Beach,SB15-14,76,77,SB15-14_77,0.5439,0.157749586,NA,NA,NA,NA,NA,NA,NA,NA,NA,NA,NA,NA,NA,NA,NA,NA,NA,NA
Brown_et_al_2026,Seal Beach,SB15-14,77,78,SB15-14_78,0.7055,0.101063076,NA,NA,NA,NA,NA,NA,NA,NA,NA,NA,NA,NA,NA,NA,NA,NA,NA,NA
Brown_et_al_2026,Seal Beach,SB15-14,78,79,SB15-14_79,0.6388,0.1183469,NA,NA,NA,NA,NA,NA,NA,NA,NA,NA,NA,NA,NA,NA,NA,NA,NA,NA
Brown_et_al_2026,Seal Beach,SB15-14,79,80,SB15-14_80,0.6007,0.123855502,NA,NA,NA,NA,NA,NA,NA,NA,NA,NA,NA,NA,NA,NA,NA,NA,NA,NA
Brown_et_al_2026,Seal Beach,SB15-14,80,81,SB15-14_81,0.5372,0.143335815,NA,NA,NA,NA,NA,NA,NA,NA,NA,NA,NA,NA,NA,NA,NA,NA,NA,NA
Brown_et_al_2026,Seal Beach,SB15-14,81,82,SB15-14_82,0.6112,0.104384817,NA,NA,NA,NA,NA,NA,NA,NA,NA,NA,NA,NA,NA,NA,NA,NA,NA,NA
Brown_et_al_2026,Seal Beach,SB15-14,82,83,SB15-14_83,0.5383,0.139699053,NA,NA,NA,NA,NA,NA,NA,NA,NA,NA,NA,NA,NA,NA,NA,NA,NA,NA
Brown_et_al_2026,Seal Beach,SB15-14,83,84,SB15-14_84,0.2533,0.371891038,NA,NA,NA,NA,NA,NA,NA,NA,NA,NA,NA,NA,NA,NA,NA,NA,NA,NA
Brown_et_al_2026,Seal Beach,SB15-14,84,85,SB15-14_85,0.2381,0.404031919,NA,NA,NA,NA,NA,NA,NA,NA,NA,NA,NA,NA,NA,NA,NA,NA,NA,NA
Brown_et_al_2026,Seal Beach,SB15-14,85,86,SB15-14_86,0.2866,0.359734822,NA,NA,NA,NA,NA,NA,NA,NA,NA,NA,NA,NA,NA,NA,NA,NA,NA,NA
Brown_et_al_2026,Seal Beach,SB15-14,86,87,SB15-14_87,0.3231,0.329309811,NA,NA,NA,NA,NA,NA,NA,NA,NA,NA,NA,NA,NA,NA,NA,NA,NA,NA
Brown_et_al_2026,Seal Beach,SB15-14,87,88,SB15-14_88,0.2912,0.356799451,NA,NA,NA,NA,NA,NA,NA,NA,NA,NA,NA,NA,NA,NA,NA,NA,NA,NA
Brown_et_al_2026,Seal Beach,SB15-14,88,89,SB15-14_89,0.3091,0.240698803,NA,NA,NA,NA,NA,NA,NA,NA,NA,NA,NA,NA,NA,NA,NA,NA,NA,NA
Brown_et_al_2026,Seal Beach,SB15-14,89,90,SB15-14_90,0.4455,0.158024691,NA,NA,NA,NA,NA,NA,NA,NA,NA,NA,NA,NA,NA,NA,NA,NA,NA,NA
Brown_et_al_2026,Seal Beach,SB15-14,90,91,SB15-14_91,0.5169,0.162507255,NA,NA,NA,NA,NA,NA,NA,NA,NA,NA,NA,NA,NA,NA,NA,NA,NA,NA
Brown_et_al_2026,Seal Beach,SB15-14,91,92,SB15-14_92,0.446,0.177802691,NA,NA,NA,NA,NA,NA,NA,NA,NA,NA,NA,NA,NA,NA,NA,NA,NA,NA
Brown_et_al_2026,Seal Beach,SB15-14,92,93,SB15-14_93,0.5204,0.159300538,NA,NA,NA,NA,NA,NA,NA,NA,NA,NA,NA,NA,NA,NA,NA,NA,NA,NA
Brown_et_al_2026,Seal Beach,SB15-14,93,94,SB15-14_94,0.5282,0.174744415,NA,NA,NA,NA,NA,NA,NA,NA,NA,NA,NA,NA,NA,NA,NA,NA,NA,NA
Brown_et_al_2026,Seal Beach,SB15-14,94,95,SB15-14_95,0.5687,0.148408651,NA,NA,NA,NA,NA,NA,NA,NA,NA,NA,NA,NA,NA,NA,NA,NA,NA,NA
Brown_et_al_2026,Seal Beach,SB15-14,95,96,SB15-14_96,0.574,0.15261324,NA,NA,NA,NA,NA,NA,NA,NA,NA,NA,NA,NA,NA,NA,NA,NA,NA,NA
Brown_et_al_2026,Seal Beach,SB15-14,96,97,SB15-14_97,0.6671,0.110028482,NA,NA,NA,NA,NA,NA,NA,NA,NA,NA,NA,NA,NA,NA,NA,NA,NA,NA
Brown_et_al_2026,Seal Beach,SB15-14,97,98,SB15-14_98,0.6126,0.138589618,NA,NA,NA,NA,NA,NA,NA,NA,NA,NA,NA,NA,NA,NA,NA,NA,NA,NA
Brown_et_al_2026,Seal Beach,SB15-14,98,99,SB15-14_99,0.6401,0.135760037,NA,NA,NA,NA,NA,NA,NA,NA,NA,NA,NA,NA,NA,NA,NA,NA,NA,NA
Brown_et_al_2026,Seal Beach,SB15-14,103,104,SB15-14_104,NA,NA,NA,NA,NA,NA,NA,NA,NA,NA,900,20,terrestrial,SB15-14-104,0.894,0.0019,-106,1.9,NA,NA
Brown_et_al_2026,Seal Beach,SB15-14,106,107,SB15-14_107,NA,NA,NA,NA,NA,NA,NA,NA,NA,NA,1025,15,terrestrial,SB15-14-107 .23mgC,0.8802,0.0014,-119.8,1.4,NA,NA
Brown_et_al_2026,Seal Beach,SB15-16,2,3,SB15-16_3,0.3068,0.259778357,NA,NA,NA,NA,NA,NA,NA,NA,NA,NA,NA,NA,NA,NA,NA,NA,NA,NA
Brown_et_al_2026,Seal Beach,SB15-16,4,5,SB15-16_5,0.2235,0.303803132,NA,NA,NA,NA,NA,NA,NA,NA,NA,NA,NA,NA,NA,NA,NA,NA,NA,NA
Brown_et_al_2026,Seal Beach,SB15-16,5,6,SB15-16_6,0.2979,0.269553542,NA,NA,NA,NA,NA,NA,NA,NA,NA,NA,NA,NA,NA,NA,NA,NA,NA,NA
Brown_et_al_2026,Seal Beach,SB15-16,6,7,SB15-16_7,0.2824,0.270538244,NA,NA,NA,NA,NA,NA,NA,NA,NA,NA,NA,NA,NA,NA,NA,NA,NA,NA
Brown_et_al_2026,Seal Beach,SB15-16,7,8,SB15-16_8,0.2663,0.294780323,6.53417809,0.92277384,50.07152099,6.883077075,76.78053249,5.9441115,28.02512798,3.096199315,NA,NA,NA,NA,NA,NA,NA,NA,NA,NA
Brown_et_al_2026,Seal Beach,SB15-16,8,9,SB15-16_9,0.3223,0.217809494,NA,NA,NA,NA,NA,NA,NA,NA,NA,NA,NA,NA,NA,NA,NA,NA,NA,NA
Brown_et_al_2026,Seal Beach,SB15-16,9,10,SB15-16_10,0.3172,0.221626734,NA,NA,NA,NA,NA,NA,NA,NA,NA,NA,NA,NA,NA,NA,NA,NA,NA,NA
Brown_et_al_2026,Seal Beach,SB15-16,10,11,SB15-16_11,0.3309,0.262919311,NA,NA,NA,NA,NA,NA,NA,NA,NA,NA,NA,NA,NA,NA,NA,NA,NA,NA
Brown_et_al_2026,Seal Beach,SB15-16,11,12,SB15-16_12,0.337,0.230860534,9.218259277,0.841545421,22.15961817,6.673703424,53.96552317,5.496838222,32.39203673,3.463831779,NA,NA,NA,NA,NA,NA,NA,NA,NA,NA
Brown_et_al_2026,Seal Beach,SB15-16,12,13,SB15-16_13,0.3718,0.214093599,NA,NA,NA,NA,NA,NA,NA,NA,NA,NA,NA,NA,NA,NA,NA,NA,NA,NA
Brown_et_al_2026,Seal Beach,SB15-16,13,14,SB15-16_14,0.3056,0.243782723,NA,NA,NA,NA,NA,NA,NA,NA,NA,NA,NA,NA,NA,NA,NA,NA,NA,NA
Brown_et_al_2026,Seal Beach,SB15-16,14,15,SB15-16_15,0.2952,0.286585366,NA,NA,NA,NA,NA,NA,NA,NA,NA,NA,NA,NA,NA,NA,NA,NA,NA,NA
Brown_et_al_2026,Seal Beach,SB15-16,15,16,SB15-16_16,0.2387,0.330121491,5.138057637,0.467750917,9.529020454,4.000186701,33.3411644,2.953639594,24.06655888,2.536625069,NA,NA,NA,NA,NA,NA,NA,NA,NA,NA
Brown_et_al_2026,Seal Beach,SB15-16,16,17,SB15-16_17,0.2504,0.400958467,NA,NA,NA,NA,NA,NA,NA,NA,NA,NA,NA,NA,NA,NA,NA,NA,NA,NA
Brown_et_al_2026,Seal Beach,SB15-16,17,18,SB15-16_18,0.2274,0.367634125,NA,NA,NA,NA,NA,NA,NA,NA,NA,NA,NA,NA,NA,NA,NA,NA,NA,NA
Brown_et_al_2026,Seal Beach,SB15-16,18,19,SB15-16_19,0.2261,0.342326404,NA,NA,NA,NA,NA,NA,NA,NA,NA,NA,NA,NA,NA,NA,NA,NA,NA,NA
Brown_et_al_2026,Seal Beach,SB15-16,19,20,SB15-16_20,0.1937,0.389778007,2.194437258,0.923640958,31.32234087,10.90866128,52.49167427,10.09809022,22.03413203,3.247636564,NA,NA,NA,NA,NA,NA,NA,NA,NA,NA
Brown_et_al_2026,Seal Beach,SB15-16,20,21,SB15-16_21,0.2131,0.381041764,NA,NA,NA,NA,NA,NA,NA,NA,NA,NA,NA,NA,NA,NA,NA,NA,NA,NA
Brown_et_al_2026,Seal Beach,SB15-16,21,22,SB15-16_22,0.2053,0.384315636,NA,NA,NA,NA,NA,NA,NA,NA,NA,NA,NA,NA,NA,NA,NA,NA,NA,NA
Brown_et_al_2026,Seal Beach,SB15-16,22,23,SB15-16_23,0.2333,0.339905701,NA,NA,NA,NA,NA,NA,NA,NA,NA,NA,NA,NA,NA,NA,NA,NA,NA,NA
Brown_et_al_2026,Seal Beach,SB15-16,23,24,SB15-16_24,0.193,0.38238342,0.201615539,0.783695806,-0.22339345,6.035013585,23.27279809,5.084312096,23.49000525,2.929487897,NA,NA,NA,NA,NA,NA,NA,NA,NA,NA
Brown_et_al_2026,Seal Beach,SB15-16,24,25,SB15-16_25,0.1713,0.379451255,NA,NA,NA,NA,NA,NA,NA,NA,NA,NA,NA,NA,NA,NA,NA,NA,NA,NA
Brown_et_al_2026,Seal Beach,SB15-16,25,26,SB15-16_26,0.2154,0.315691736,NA,NA,NA,NA,NA,NA,NA,NA,NA,NA,NA,NA,NA,NA,NA,NA,NA,NA
Brown_et_al_2026,Seal Beach,SB15-16,26,27,SB15-16_27,0.5018,0.138501395,NA,NA,NA,NA,NA,NA,NA,NA,NA,NA,NA,NA,NA,NA,NA,NA,NA,NA
Brown_et_al_2026,Seal Beach,SB15-16,27,28,SB15-16_28,0.7685,0.093038386,NA,NA,NA,NA,NA,NA,NA,NA,NA,NA,NA,NA,NA,NA,NA,NA,NA,NA
Brown_et_al_2026,Seal Beach,SB15-16,28,29,SB15-16_29,0.5301,0.121109225,NA,NA,NA,NA,NA,NA,NA,NA,NA,NA,NA,NA,NA,NA,NA,NA,NA,NA
Brown_et_al_2026,Seal Beach,SB15-16,29,30,SB15-16_30,0.3494,0.228677733,NA,NA,NA,NA,NA,NA,NA,NA,NA,NA,NA,NA,NA,NA,NA,NA,NA,NA
Brown_et_al_2026,Seal Beach,SB15-16,30,31,SB15-16_31,0.3168,0.244002525,NA,NA,NA,NA,NA,NA,NA,NA,NA,NA,NA,NA,NA,NA,NA,NA,NA,NA
Brown_et_al_2026,Seal Beach,SB15-16,31,32,SB15-16_32,0.4261,0.164984745,0.405224443,0.491989819,0.70416165,6.770116471,44.99774388,4.683318273,44.31325692,4.62336505,NA,NA,NA,NA,NA,NA,NA,NA,NA,NA
Brown_et_al_2026,Seal Beach,SB15-16,32,33,SB15-16_33,0.2663,0.29815997,NA,NA,NA,NA,NA,NA,NA,NA,NA,NA,NA,NA,NA,NA,NA,NA,NA,NA
Brown_et_al_2026,Seal Beach,SB15-16,33,34,SB15-16_34,0.2165,0.357505774,NA,NA,NA,NA,NA,NA,NA,NA,NA,NA,NA,NA,NA,NA,NA,NA,NA,NA
Brown_et_al_2026,Seal Beach,SB15-16,34,35,SB15-16_35,0.2451,0.367197062,NA,NA,NA,NA,NA,NA,NA,NA,NA,NA,NA,NA,NA,NA,NA,NA,NA,NA
Brown_et_al_2026,Seal Beach,SB15-16,35,36,SB15-16_36,0.1898,0.40516333,NA,NA,NA,NA,NA,NA,NA,NA,NA,NA,NA,NA,NA,NA,NA,NA,NA,NA
Brown_et_al_2026,Seal Beach,SB15-16,36,37,SB15-16_37,0.209,0.442583732,NA,NA,NA,NA,NA,NA,NA,NA,NA,NA,NA,NA,NA,NA,NA,NA,NA,NA
Brown_et_al_2026,Seal Beach,SB15-16,37,38,SB15-16_38,0.1736,0.431451613,NA,NA,NA,NA,NA,NA,NA,NA,NA,NA,NA,NA,NA,NA,NA,NA,NA,NA
Brown_et_al_2026,Seal Beach,SB15-16,38,39,SB15-16_39,0.1749,0.49399657,NA,NA,NA,NA,NA,NA,NA,NA,NA,NA,NA,NA,NA,NA,NA,NA,NA,NA
Brown_et_al_2026,Seal Beach,SB15-16,39,40,SB15-16_40,0.2216,0.41967509,NA,NA,NA,NA,NA,NA,NA,NA,NA,NA,NA,NA,NA,NA,NA,NA,NA,NA
Brown_et_al_2026,Seal Beach,SB15-16,40,41,SB15-16_41,0.2167,0.33871712,NA,NA,NA,NA,NA,NA,NA,NA,NA,NA,NA,NA,NA,NA,NA,NA,NA,NA
Brown_et_al_2026,Seal Beach,SB15-16,41,42,SB15-16_42,0.2385,0.350104822,NA,NA,NA,NA,NA,NA,NA,NA,NA,NA,NA,NA,NA,NA,NA,NA,NA,NA
Brown_et_al_2026,Seal Beach,SB15-16,42,43,SB15-16_43,0.2027,0.39072521,NA,NA,NA,NA,NA,NA,NA,NA,NA,NA,NA,NA,NA,NA,NA,NA,NA,NA
Brown_et_al_2026,Seal Beach,SB15-16,43,44,SB15-16_44,0.2119,0.364794715,NA,NA,NA,NA,NA,NA,NA,NA,NA,NA,NA,NA,NA,NA,NA,NA,NA,NA
Brown_et_al_2026,Seal Beach,SB15-16,44,45,SB15-16_45,0.22,0.33,NA,NA,NA,NA,NA,NA,NA,NA,NA,NA,NA,NA,NA,NA,NA,NA,NA,NA
Brown_et_al_2026,Seal Beach,SB15-16,45,46,SB15-16_46,0.2358,0.32230704,NA,NA,NA,NA,NA,NA,NA,NA,NA,NA,NA,NA,NA,NA,NA,NA,NA,NA
Brown_et_al_2026,Seal Beach,SB15-16,46,47,SB15-16_47,0.2656,0.278614458,NA,NA,NA,NA,NA,NA,NA,NA,NA,NA,NA,NA,NA,NA,NA,NA,NA,NA
Brown_et_al_2026,Seal Beach,SB15-16,47,48,SB15-16_48,0.2556,0.284428795,NA,NA,NA,NA,NA,NA,NA,NA,NA,NA,NA,NA,NA,NA,NA,NA,NA,NA
Brown_et_al_2026,Seal Beach,SB15-16,48,49,SB15-16_49,0.2193,0.353397173,NA,NA,NA,NA,NA,NA,NA,NA,NA,NA,NA,NA,NA,NA,NA,NA,NA,NA
Brown_et_al_2026,Seal Beach,SB15-16,49,50,SB15-16_50,0.2395,0.341127349,NA,NA,NA,NA,NA,NA,NA,NA,NA,NA,NA,NA,NA,NA,NA,NA,NA,NA
Brown_et_al_2026,Seal Beach,SB15-16,50,51,SB15-16_51,0.2298,0.307223673,NA,NA,NA,NA,NA,NA,NA,NA,NA,NA,NA,NA,NA,NA,NA,NA,NA,NA
Brown_et_al_2026,Seal Beach,SB15-16,51,52,SB15-16_52,0.2323,0.327593629,NA,NA,NA,NA,NA,NA,NA,NA,NA,NA,NA,NA,NA,NA,NA,NA,NA,NA
Brown_et_al_2026,Seal Beach,SB15-16,52,53,SB15-16_53,0.2172,0.394106814,NA,NA,NA,NA,NA,NA,NA,NA,NA,NA,NA,NA,NA,NA,NA,NA,NA,NA
Brown_et_al_2026,Seal Beach,SB15-16,53,54,SB15-16_54,0.1971,0.440892948,NA,NA,NA,NA,NA,NA,NA,NA,NA,NA,NA,NA,NA,NA,NA,NA,NA,NA
Brown_et_al_2026,Seal Beach,SB15-16,54,55,SB15-16_55,0.2845,0.300878735,NA,NA,NA,NA,NA,NA,NA,NA,NA,NA,NA,NA,NA,NA,NA,NA,NA,NA
Brown_et_al_2026,Seal Beach,SB15-16,55,56,SB15-16_56,0.2942,0.270904147,NA,NA,NA,NA,NA,NA,NA,NA,NA,NA,NA,NA,NA,NA,NA,NA,NA,NA
Brown_et_al_2026,Seal Beach,SB15-16,56,57,SB15-16_57,0.2625,0.292190476,NA,NA,NA,NA,NA,NA,NA,NA,NA,NA,NA,NA,NA,NA,NA,NA,NA,NA
Brown_et_al_2026,Seal Beach,SB15-16,57,58,SB15-16_58,0.2242,0.346565567,NA,NA,NA,NA,NA,NA,NA,NA,NA,NA,NA,NA,NA,NA,NA,NA,NA,NA
Brown_et_al_2026,Seal Beach,SB15-16,58,59,SB15-16_59,0.2552,0.356974922,NA,NA,NA,NA,NA,NA,NA,NA,NA,NA,NA,NA,NA,NA,NA,NA,NA,NA
Brown_et_al_2026,Seal Beach,SB15-16,59,60,SB15-16_60,0.2759,0.24429141,NA,NA,NA,NA,NA,NA,NA,NA,NA,NA,NA,NA,NA,NA,NA,NA,NA,NA
Brown_et_al_2026,Seal Beach,SB15-16,60,61,SB15-16_61,0.4665,0.133118971,NA,NA,NA,NA,NA,NA,NA,NA,NA,NA,NA,NA,NA,NA,NA,NA,NA,NA
Brown_et_al_2026,Seal Beach,SB15-16,61,62,SB15-16_62,0.6864,0.093822844,NA,NA,NA,NA,NA,NA,NA,NA,NA,NA,NA,NA,NA,NA,NA,NA,NA,NA
Brown_et_al_2026,Seal Beach,SB15-16,62,63,SB15-16_63,0.317,0.281072555,NA,NA,NA,NA,NA,NA,NA,NA,NA,NA,NA,NA,NA,NA,NA,NA,NA,NA
Brown_et_al_2026,Seal Beach,SB15-16,63,64,SB15-16_64,0.7799,0.080779587,NA,NA,NA,NA,NA,NA,NA,NA,NA,NA,NA,NA,NA,NA,NA,NA,NA,NA
Brown_et_al_2026,Seal Beach,SB15-16,64,65,SB15-16_65,0.8216,0.062074002,NA,NA,NA,NA,NA,NA,NA,NA,NA,NA,NA,NA,NA,NA,NA,NA,NA,NA
Brown_et_al_2026,Seal Beach,SB15-16,65,66,SB15-16_66,0.7996,0.062906453,NA,NA,NA,NA,NA,NA,NA,NA,NA,NA,NA,NA,NA,NA,NA,NA,NA,NA
Brown_et_al_2026,Seal Beach,SB15-16,66,67,SB15-16_67,0.3951,0.161731207,NA,NA,NA,NA,NA,NA,NA,NA,NA,NA,NA,NA,NA,NA,NA,NA,NA,NA
Brown_et_al_2026,Seal Beach,SB15-16,67,68,SB15-16_68,0.3294,0.221311475,NA,NA,NA,NA,NA,NA,NA,NA,NA,NA,NA,NA,NA,NA,NA,NA,NA,NA
Brown_et_al_2026,Seal Beach,SB15-16,68,69,SB15-16_69,0.2382,0.313602015,NA,NA,NA,NA,NA,NA,NA,NA,NA,NA,NA,NA,NA,NA,NA,NA,NA,NA
Brown_et_al_2026,Seal Beach,SB15-16,69,70,SB15-16_70,0.2538,0.392828999,NA,NA,NA,NA,NA,NA,NA,NA,NA,NA,NA,NA,NA,NA,NA,NA,NA,NA
Brown_et_al_2026,Seal Beach,SB15-16,70,71,SB15-16_71,0.3105,0.285346216,NA,NA,NA,NA,NA,NA,NA,NA,NA,NA,NA,NA,NA,NA,NA,NA,NA,NA
Brown_et_al_2026,Seal Beach,SB15-16,71,72,SB15-16_72,0.2215,0.367042889,NA,NA,NA,NA,NA,NA,NA,NA,NA,NA,NA,NA,NA,NA,NA,NA,NA,NA
Brown_et_al_2026,Seal Beach,SB15-16,72,73,SB15-16_73,0.2268,0.351851852,NA,NA,NA,NA,NA,NA,NA,NA,NA,NA,NA,NA,NA,NA,NA,NA,NA,NA
Brown_et_al_2026,Seal Beach,SB15-16,73,74,SB15-16_74,0.3115,0.282182986,NA,NA,NA,NA,NA,NA,NA,NA,NA,NA,NA,NA,NA,NA,NA,NA,NA,NA
Brown_et_al_2026,Seal Beach,SB15-16,74,75,SB15-16_75,0.4099,0.186386924,NA,NA,NA,NA,NA,NA,NA,NA,NA,NA,NA,NA,NA,NA,NA,NA,NA,NA
Brown_et_al_2026,Seal Beach,SB15-16,75,76,SB15-16_76,0.6694,0.098745145,NA,NA,NA,NA,NA,NA,NA,NA,NA,NA,NA,NA,NA,NA,NA,NA,NA,NA
Brown_et_al_2026,Seal Beach,SB15-16,76,77,SB15-16_77,0.8442,0.072613125,NA,NA,NA,NA,NA,NA,NA,NA,NA,NA,NA,NA,NA,NA,NA,NA,NA,NA
Brown_et_al_2026,Seal Beach,SB15-16,77,78,SB15-16_78,0.319,0.221316614,NA,NA,NA,NA,NA,NA,NA,NA,NA,NA,NA,NA,NA,NA,NA,NA,NA,NA
Brown_et_al_2026,Seal Beach,SB15-16,78,79,SB15-16_79,0.3513,0.231710789,NA,NA,NA,NA,NA,NA,NA,NA,NA,NA,NA,NA,NA,NA,NA,NA,NA,NA
Brown_et_al_2026,Seal Beach,SB15-16,79,80,SB15-16_80,0.5754,0.155370177,NA,NA,NA,NA,NA,NA,NA,NA,NA,NA,NA,NA,NA,NA,NA,NA,NA,NA
Brown_et_al_2026,Seal Beach,SB15-16,80,81,SB15-16_81,0.2761,0.339731981,NA,NA,NA,NA,NA,NA,NA,NA,NA,NA,NA,NA,NA,NA,NA,NA,NA,NA
Brown_et_al_2026,Seal Beach,SB15-16,81,82,SB15-16_82,0.2438,0.323625923,NA,NA,NA,NA,NA,NA,NA,NA,NA,NA,NA,NA,NA,NA,NA,NA,NA,NA
Brown_et_al_2026,Seal Beach,SB15-16,82,83,SB15-16_83,0.2176,0.388786765,NA,NA,NA,NA,NA,NA,NA,NA,NA,NA,NA,NA,NA,NA,NA,NA,NA,NA
Brown_et_al_2026,Seal Beach,SB15-16,83,84,SB15-16_84,0.2442,0.31981982,NA,NA,NA,NA,NA,NA,NA,NA,NA,NA,NA,NA,NA,NA,NA,NA,NA,NA
Brown_et_al_2026,Seal Beach,SB15-16,84,85,SB15-16_85,0.3619,0.196186792,NA,NA,NA,NA,NA,NA,NA,NA,NA,NA,NA,NA,NA,NA,NA,NA,NA,NA
Brown_et_al_2026,Seal Beach,SB15-16,85,86,SB15-16_86,0.8295,0.082700422,NA,NA,NA,NA,NA,NA,NA,NA,NA,NA,NA,NA,NA,NA,NA,NA,NA,NA
Brown_et_al_2026,Seal Beach,SB15-16,86,87,SB15-16_87,0.7664,0.08611691,NA,NA,NA,NA,NA,NA,NA,NA,NA,NA,NA,NA,NA,NA,NA,NA,NA,NA
Brown_et_al_2026,Seal Beach,SB15-16,87,88,SB15-16_88,0.3949,0.19827804500000001,NA,NA,NA,NA,NA,NA,NA,NA,NA,NA,NA,NA,NA,NA,NA,NA,NA,NA
Brown_et_al_2026,Seal Beach,SB15-16,88,89,SB15-16_89,0.372,0.259677419,NA,NA,NA,NA,NA,NA,NA,NA,NA,NA,NA,NA,NA,NA,NA,NA,NA,NA
Brown_et_al_2026,Seal Beach,SB15-16,89,90,SB15-16_90,0.4261,0.198779629,NA,NA,NA,NA,NA,NA,NA,NA,NA,NA,NA,NA,NA,NA,NA,NA,NA,NA
Brown_et_al_2026,Seal Beach,SB15-16,90,91,SB15-16_91,0.5116,0.189014855,NA,NA,NA,NA,NA,NA,NA,NA,925,15,terrestrial,SB15-16-91,0.8913,0.0015,-108.7,1.5,NA,NA
Brown_et_al_2026,Seal Beach,SB15-16,91,92,SB15-16_92,0.2839,0.261007397,NA,NA,NA,NA,NA,NA,NA,NA,NA,NA,NA,NA,NA,NA,NA,NA,NA,NA
Brown_et_al_2026,Seal Beach,SB15-16,92,93,SB15-16_93,0.3112,0.288239075,NA,NA,NA,NA,NA,NA,NA,NA,NA,NA,NA,NA,NA,NA,NA,NA,NA,NA
Brown_et_al_2026,Seal Beach,SB15-16,93,94,SB15-16_94,0.3545,0.242877292,NA,NA,NA,NA,NA,NA,NA,NA,NA,NA,NA,NA,NA,NA,NA,NA,NA,NA
Brown_et_al_2026,Seal Beach,SB15-16,94,95,SB15-16_95,0.4131,0.17889131,NA,NA,NA,NA,NA,NA,NA,NA,NA,NA,NA,NA,NA,NA,NA,NA,NA,NA
Brown_et_al_2026,Seal Beach,SB15-16,95,96,SB15-16_96,0.5101,0.153695354,NA,NA,NA,NA,NA,NA,NA,NA,NA,NA,NA,NA,NA,NA,NA,NA,NA,NA
Brown_et_al_2026,Seal Beach,SB15-16,96,97,SB15-16_97,0.4989,0.128482662,NA,NA,NA,NA,NA,NA,NA,NA,NA,NA,NA,NA,NA,NA,NA,NA,NA,NA
Brown_et_al_2026,Seal Beach,SB15-16,97,98,SB15-16_98,0.8061,0.065624612,NA,NA,NA,NA,NA,NA,NA,NA,NA,NA,NA,NA,NA,NA,NA,NA,NA,NA
Brown_et_al_2026,Seal Beach,SB15-16,98,99,SB15-16_99,1.4098,0.031422897,NA,NA,NA,NA,NA,NA,NA,NA,NA,NA,NA,NA,NA,NA,NA,NA,NA,NA
Brown_et_al_2026,Seal Beach,SB15-16,99,100,SB15-16_100,1.5867,0.031070776,NA,NA,NA,NA,NA,NA,NA,NA,NA,NA,NA,NA,NA,NA,NA,NA,NA,NA
Brown_et_al_2026,Seal Beach,SB15-18,96,97,SB15-18_97,NA,NA,NA,NA,NA,NA,NA,NA,NA,NA,810,15,terrestrial,SB15-18-97,0.9042,0.0015,-95.8,1.5,NA,NA
Brown_et_al_2026,Seal Beach,SB15-19,101,102,SB15-19_102,NA,NA,NA,NA,NA,NA,NA,NA,NA,NA,1065,15,terrestrial,SB15-19-102,0.8759,0.0014,-124.1,1.4,NA,NA
Brown_et_al_2026,Seal Beach,SB15-19,109,110,SB15-19_110,NA,NA,NA,NA,NA,NA,NA,NA,NA,NA,995,20,terrestrial,SB15-09-110,0.8832,0.0017,-116.8,1.7,NA,NA
Brown_et_al_2026,Seal Beach,SB15-19,197,198,SB15-19_198,NA,NA,NA,NA,NA,NA,NA,NA,NA,NA,1630,15,terrestrial,SB15-19 198,0.8161,0.0014,-183.9,1.4,NA,NA
Brown_et_al_2026,Seal Beach,SB15-20,0,1,SB15-20_1,0.1886,0.325556734,NA,NA,NA,NA,NA,NA,NA,NA,NA,NA,NA,NA,NA,NA,NA,NA,NA,NA
Brown_et_al_2026,Seal Beach,SB15-20,1,2,SB15-20_2,0.1718,0.303841676,NA,NA,NA,NA,NA,NA,NA,NA,NA,NA,NA,NA,NA,NA,NA,NA,NA,NA
Brown_et_al_2026,Seal Beach,SB15-20,2,3,SB15-20_3,0.19,0.309473684,2.9748262,0.808615576,57.84626079,6.779337442,78.19014599,6.018348522,21.81160726,2.726948125,NA,NA,NA,NA,NA,NA,NA,NA,NA,NA
Brown_et_al_2026,Seal Beach,SB15-20,3,4,SB15-20_4,0.1793,0.317902956,3.87191444,1.149909792,59.21845788,9.232046211,76.13508361,8.637053783,18.4240757,2.519521268,NA,NA,NA,NA,NA,NA,NA,NA,NA,NA
Brown_et_al_2026,Seal Beach,SB15-20,4,5,SB15-20_5,0.2555,0.230528376,NA,NA,NA,NA,NA,NA,NA,NA,NA,NA,NA,NA,NA,NA,NA,NA,NA,NA
Brown_et_al_2026,Seal Beach,SB15-20,5,6,SB15-20_6,0.2551,0.247745982,NA,NA,NA,NA,NA,NA,NA,NA,NA,NA,NA,NA,NA,NA,NA,NA,NA,NA
Brown_et_al_2026,Seal Beach,SB15-20,6,7,SB15-20_7,0.2594,0.232074017,NA,NA,NA,NA,NA,NA,NA,NA,NA,NA,NA,NA,NA,NA,NA,NA,NA,NA
Brown_et_al_2026,Seal Beach,SB15-20,7,8,SB15-20_8,0.263,0.185931559,6.177330857,0.872428124,57.97300968,7.665347533,86.94860864,6.655672999,30.45134512,3.392080445,NA,NA,NA,NA,NA,NA,NA,NA,NA,NA
Brown_et_al_2026,Seal Beach,SB15-20,8,9,SB15-20_9,0.2277,0.223539745,NA,NA,NA,NA,NA,NA,NA,NA,NA,NA,NA,NA,NA,NA,NA,NA,NA,NA
Brown_et_al_2026,Seal Beach,SB15-20,9,10,SB15-20_10,0.2292,0.207242583,NA,NA,NA,NA,NA,NA,NA,NA,NA,NA,NA,NA,NA,NA,NA,NA,NA,NA
Brown_et_al_2026,Seal Beach,SB15-20,10,11,SB15-20_11,0.2261,0.210084034,NA,NA,NA,NA,NA,NA,NA,NA,NA,NA,NA,NA,NA,NA,NA,NA,NA,NA
Brown_et_al_2026,Seal Beach,SB15-20,11,12,SB15-20_12,0.2455,0.227291242,6.056228699,0.875872992,20.46629305,7.193187005,44.43469639,6.402465526,24.49108535,2.8532929400000002,NA,NA,NA,NA,NA,NA,NA,NA,NA,NA
Brown_et_al_2026,Seal Beach,SB15-20,12,13,SB15-20_13,0.4358,0.134694814,NA,NA,NA,NA,NA,NA,NA,NA,NA,NA,NA,NA,NA,NA,NA,NA,NA,NA
Brown_et_al_2026,Seal Beach,SB15-20,13,14,SB15-20_14,0.2966,0.160822657,NA,NA,NA,NA,NA,NA,NA,NA,NA,NA,NA,NA,NA,NA,NA,NA,NA,NA
Brown_et_al_2026,Seal Beach,SB15-20,14,15,SB15-20_15,0.3531,0.183234211,NA,NA,NA,NA,NA,NA,NA,NA,NA,NA,NA,NA,NA,NA,NA,NA,NA,NA
Brown_et_al_2026,Seal Beach,SB15-20,15,16,SB15-20_16,0.2629,0.218333967,8.244791209,1.081877684,18.78067757,6.039566918,44.551807,5.055724175,26.25232042,3.011777112,NA,NA,NA,NA,NA,NA,NA,NA,NA,NA
Brown_et_al_2026,Seal Beach,SB15-20,16,17,SB15-20_17,0.3078,0.173164393,NA,NA,NA,NA,NA,NA,NA,NA,NA,NA,NA,NA,NA,NA,NA,NA,NA,NA
Brown_et_al_2026,Seal Beach,SB15-20,17,18,SB15-20_18,0.3495,0.169670959,NA,NA,NA,NA,NA,NA,NA,NA,NA,NA,NA,NA,NA,NA,NA,NA,NA,NA
Brown_et_al_2026,Seal Beach,SB15-20,18,19,SB15-20_19,0.2703,0.190159083,NA,NA,NA,NA,NA,NA,NA,NA,NA,NA,NA,NA,NA,NA,NA,NA,NA,NA
Brown_et_al_2026,Seal Beach,SB15-20,19,20,SB15-20_20,0.2985,0.193634841,12.69642213,1.107850343,12.6361851,6.355099827,42.18991304,5.242038784,29.8795826,3.294269545,NA,NA,NA,NA,NA,NA,NA,NA,NA,NA
Brown_et_al_2026,Seal Beach,SB15-20,20,21,SB15-20_21,0.2646,0.203325775,NA,NA,NA,NA,NA,NA,NA,NA,NA,NA,NA,NA,NA,NA,NA,NA,NA,NA
Brown_et_al_2026,Seal Beach,SB15-20,21,22,SB15-20_22,0.3495,0.177968527,NA,NA,NA,NA,NA,NA,NA,NA,NA,NA,NA,NA,NA,NA,NA,NA,NA,NA
Brown_et_al_2026,Seal Beach,SB15-20,22,23,SB15-20_23,0.3183,0.175934653,NA,NA,NA,NA,NA,NA,NA,NA,NA,NA,NA,NA,NA,NA,NA,NA,NA,NA
Brown_et_al_2026,Seal Beach,SB15-20,23,24,SB15-20_24,0.3283,0.203472434,10.44618731,0.936512387,-4.699525726,5.534310688,23.55308944,4.407763068,28.13103691,3.104186681,NA,NA,NA,NA,NA,NA,NA,NA,NA,NA
Brown_et_al_2026,Seal Beach,SB15-20,24,25,SB15-20_25,0.3723,0.193123825,NA,NA,NA,NA,NA,NA,NA,NA,NA,NA,NA,NA,NA,NA,NA,NA,NA,NA
Brown_et_al_2026,Seal Beach,SB15-20,25,26,SB15-20_26,0.3134,0.193044033,NA,NA,NA,NA,NA,NA,NA,NA,NA,NA,NA,NA,NA,NA,NA,NA,NA,NA
Brown_et_al_2026,Seal Beach,SB15-20,26,27,SB15-20_27,0.295,0.193898305,NA,NA,NA,NA,NA,NA,NA,NA,NA,NA,NA,NA,NA,NA,NA,NA,NA,NA
Brown_et_al_2026,Seal Beach,SB15-20,27,28,SB15-20_28,0.43,0.126976744,NA,NA,NA,NA,NA,NA,NA,NA,NA,NA,NA,NA,NA,NA,NA,NA,NA,NA
Brown_et_al_2026,Seal Beach,SB15-20,28,29,SB15-20_29,0.3805,0.145072273,NA,NA,NA,NA,NA,NA,NA,NA,NA,NA,NA,NA,NA,NA,NA,NA,NA,NA
Brown_et_al_2026,Seal Beach,SB15-20,29,30,SB15-20_30,0.3848,0.161382536,NA,NA,NA,NA,NA,NA,NA,NA,NA,NA,NA,NA,NA,NA,NA,NA,NA,NA
Brown_et_al_2026,Seal Beach,SB15-20,30,31,SB15-20_31,0.389,0.159640103,NA,NA,NA,NA,NA,NA,NA,NA,NA,NA,NA,NA,NA,NA,NA,NA,NA,NA
Brown_et_al_2026,Seal Beach,SB15-20,31,32,SB15-20_32,0.3804,0.166140904,0.655511323,0.766557334,9.184171989,6.385099836,37.56193997,5.31369256,28.61688809,3.230920884,NA,NA,NA,NA,NA,NA,NA,NA,NA,NA
Brown_et_al_2026,Seal Beach,SB15-20,32,33,SB15-20_33,0.3054,0.180746562,NA,NA,NA,NA,NA,NA,NA,NA,NA,NA,NA,NA,NA,NA,NA,NA,NA,NA
Brown_et_al_2026,Seal Beach,SB15-20,33,34,SB15-20_34,0.3148,0.151207116,NA,NA,NA,NA,NA,NA,NA,NA,NA,NA,NA,NA,NA,NA,NA,NA,NA,NA
Brown_et_al_2026,Seal Beach,SB15-20,34,35,SB15-20_35,0.3336,0.186450839,NA,NA,NA,NA,NA,NA,NA,NA,NA,NA,NA,NA,NA,NA,NA,NA,NA,NA
Brown_et_al_2026,Seal Beach,SB15-20,35,36,SB15-20_36,0.3621,0.154377244,NA,NA,NA,NA,NA,NA,NA,NA,NA,NA,NA,NA,NA,NA,NA,NA,NA,NA
Brown_et_al_2026,Seal Beach,SB15-20,36,37,SB15-20_37,0.4136,0.137330754,NA,NA,NA,NA,NA,NA,NA,NA,NA,NA,NA,NA,NA,NA,NA,NA,NA,NA
Brown_et_al_2026,Seal Beach,SB15-20,37,38,SB15-20_38,0.9785,0.065712826,NA,NA,NA,NA,NA,NA,NA,NA,NA,NA,NA,NA,NA,NA,NA,NA,NA,NA
Brown_et_al_2026,Seal Beach,SB15-20,38,39,SB15-20_39,0.7291,0.069812097,NA,NA,NA,NA,NA,NA,NA,NA,NA,NA,NA,NA,NA,NA,NA,NA,NA,NA
Brown_et_al_2026,Seal Beach,SB15-20,39,40,SB15-20_40,0.531,0.088512241,NA,NA,NA,NA,NA,NA,NA,NA,NA,NA,NA,NA,NA,NA,NA,NA,NA,NA
Brown_et_al_2026,Seal Beach,SB15-20,40,41,SB15-20_41,0.4799,0.114190456,NA,NA,NA,NA,NA,NA,NA,NA,NA,NA,NA,NA,NA,NA,NA,NA,NA,NA
Brown_et_al_2026,Seal Beach,SB15-20,41,42,SB15-20_42,0.3667,0.151349877,NA,NA,NA,NA,NA,NA,NA,NA,NA,NA,NA,NA,NA,NA,NA,NA,NA,NA
Brown_et_al_2026,Seal Beach,SB15-20,42,43,SB15-20_43,0.366,0.166393443,NA,NA,NA,NA,NA,NA,NA,NA,NA,NA,NA,NA,NA,NA,NA,NA,NA,NA
Brown_et_al_2026,Seal Beach,SB15-20,43,44,SB15-20_44,0.3805,0.142969777,NA,NA,NA,NA,NA,NA,NA,NA,NA,NA,NA,NA,NA,NA,NA,NA,NA,NA
Brown_et_al_2026,Seal Beach,SB15-20,44,45,SB15-20_45,0.4293,0.101094806,NA,NA,NA,NA,NA,NA,NA,NA,NA,NA,NA,NA,NA,NA,NA,NA,NA,NA
Brown_et_al_2026,Seal Beach,SB15-20,45,46,SB15-20_46,0.7725,0.07961165,NA,NA,NA,NA,NA,NA,NA,NA,NA,NA,NA,NA,NA,NA,NA,NA,NA,NA
Brown_et_al_2026,Seal Beach,SB15-20,46,47,SB15-20_47,0.3447,0.169422686,NA,NA,NA,NA,NA,NA,NA,NA,NA,NA,NA,NA,NA,NA,NA,NA,NA,NA
Brown_et_al_2026,Seal Beach,SB15-20,47,48,SB15-20_48,0.3213,0.214441332,NA,NA,NA,NA,NA,NA,NA,NA,NA,NA,NA,NA,NA,NA,NA,NA,NA,NA
Brown_et_al_2026,Seal Beach,SB15-20,48,49,SB15-20_49,0.2612,0.21669219,NA,NA,NA,NA,NA,NA,NA,NA,NA,NA,NA,NA,NA,NA,NA,NA,NA,NA
Brown_et_al_2026,Seal Beach,SB15-20,49,50,SB15-20_50,0.2577,0.274350019,NA,NA,NA,NA,NA,NA,NA,NA,NA,NA,NA,NA,NA,NA,NA,NA,NA,NA
Brown_et_al_2026,Seal Beach,SB15-20,50,51,SB15-20_51,0.2746,0.325928623,NA,NA,NA,NA,NA,NA,NA,NA,NA,NA,NA,NA,NA,NA,NA,NA,NA,NA
Brown_et_al_2026,Seal Beach,SB15-20,51,52,SB15-20_52,0.2963,0.337833277,NA,NA,NA,NA,NA,NA,NA,NA,NA,NA,NA,NA,NA,NA,NA,NA,NA,NA
Brown_et_al_2026,Seal Beach,SB15-20,52,53,SB15-20_53,0.2636,0.346737481,NA,NA,NA,NA,NA,NA,NA,NA,NA,NA,NA,NA,NA,NA,NA,NA,NA,NA
Brown_et_al_2026,Seal Beach,SB15-20,53,54,SB15-20_54,0.2575,0.291650485,NA,NA,NA,NA,NA,NA,NA,NA,NA,NA,NA,NA,NA,NA,NA,NA,NA,NA
Brown_et_al_2026,Seal Beach,SB15-20,54,55,SB15-20_55,0.2989,0.304784209,NA,NA,NA,NA,NA,NA,NA,NA,NA,NA,NA,NA,NA,NA,NA,NA,NA,NA
Brown_et_al_2026,Seal Beach,SB15-20,56,57,SB15-20_57,0.3229,0.260761846,NA,NA,NA,NA,NA,NA,NA,NA,NA,NA,NA,NA,NA,NA,NA,NA,NA,NA
Brown_et_al_2026,Seal Beach,SB15-20,58,59,SB15-20_59,0.3638,0.239417262,NA,NA,NA,NA,NA,NA,NA,NA,NA,NA,NA,NA,NA,NA,NA,NA,NA,NA
Brown_et_al_2026,Seal Beach,SB15-20,59,60,SB15-20_60,0.4326,0.218215442,NA,NA,NA,NA,NA,NA,NA,NA,NA,NA,NA,NA,NA,NA,NA,NA,NA,NA
Brown_et_al_2026,Seal Beach,SB15-20,60,61,SB15-20_61,0.5517,0.19702737,NA,NA,NA,NA,NA,NA,NA,NA,NA,NA,NA,NA,NA,NA,NA,NA,NA,NA
Brown_et_al_2026,Seal Beach,SB15-20,61,62,SB15-20_62,0.3463,0.272018481,NA,NA,NA,NA,NA,NA,NA,NA,NA,NA,NA,NA,NA,NA,NA,NA,NA,NA
Brown_et_al_2026,Seal Beach,SB15-20,62,63,SB15-20_63,0.3913,0.236135957,NA,NA,NA,NA,NA,NA,NA,NA,NA,NA,NA,NA,NA,NA,NA,NA,NA,NA
Brown_et_al_2026,Seal Beach,SB15-20,63,64,SB15-20_64,0.4667,0.282408399,NA,NA,NA,NA,NA,NA,NA,NA,NA,NA,NA,NA,NA,NA,NA,NA,NA,NA
Brown_et_al_2026,Seal Beach,SB15-20,64,65,SB15-20_65,0.4317,0.280287237,NA,NA,NA,NA,NA,NA,NA,NA,NA,NA,NA,NA,NA,NA,NA,NA,NA,NA
Brown_et_al_2026,Seal Beach,SB15-20,65,66,SB15-20_66,0.3471,0.181503889,NA,NA,NA,NA,NA,NA,NA,NA,NA,NA,NA,NA,NA,NA,NA,NA,NA,NA
Brown_et_al_2026,Seal Beach,SB15-20,66,67,SB15-20_67,0.4838,0.144274494,NA,NA,NA,NA,NA,NA,NA,NA,NA,NA,NA,NA,NA,NA,NA,NA,NA,NA
Brown_et_al_2026,Seal Beach,SB15-20,67,68,SB15-20_68,0.3917,0.188409497,NA,NA,NA,NA,NA,NA,NA,NA,NA,NA,NA,NA,NA,NA,NA,NA,NA,NA
Brown_et_al_2026,Seal Beach,SB15-20,68,69,SB15-20_69,0.3595,0.218636996,NA,NA,NA,NA,NA,NA,NA,NA,NA,NA,NA,NA,NA,NA,NA,NA,NA,NA
Brown_et_al_2026,Seal Beach,SB15-20,69,70,SB15-20_70,0.3667,0.21652577,NA,NA,NA,NA,NA,NA,NA,NA,NA,NA,NA,NA,NA,NA,NA,NA,NA,NA
Brown_et_al_2026,Seal Beach,SB15-20,70,71,SB15-20_71,0.3333,0.222622262,NA,NA,NA,NA,NA,NA,NA,NA,NA,NA,NA,NA,NA,NA,NA,NA,NA,NA
Brown_et_al_2026,Seal Beach,SB15-20,71,72,SB15-20_72,0.4513,0.155107467,NA,NA,NA,NA,NA,NA,NA,NA,NA,NA,NA,NA,NA,NA,NA,NA,NA,NA
Brown_et_al_2026,Seal Beach,SB15-20,72,73,SB15-20_73,0.6123,0.105503838,NA,NA,NA,NA,NA,NA,NA,NA,NA,NA,NA,NA,NA,NA,NA,NA,NA,NA
Brown_et_al_2026,Seal Beach,SB15-20,73,74,SB15-20_74,0.4131,0.169692568,NA,NA,NA,NA,NA,NA,NA,NA,NA,NA,NA,NA,NA,NA,NA,NA,NA,NA
Brown_et_al_2026,Seal Beach,SB15-20,74,75,SB15-20_75,0.678,0.08820059,NA,NA,NA,NA,NA,NA,NA,NA,NA,NA,NA,NA,NA,NA,NA,NA,NA,NA
Brown_et_al_2026,Seal Beach,SB15-20,75,76,SB15-20_76,0.7869,0.078790189,NA,NA,NA,NA,NA,NA,NA,NA,NA,NA,NA,NA,NA,NA,NA,NA,NA,NA
Brown_et_al_2026,Seal Beach,SB15-20,76,77,SB15-20_77,0.6929,0.068841103,NA,NA,NA,NA,NA,NA,NA,NA,NA,NA,NA,NA,NA,NA,NA,NA,NA,NA
Brown_et_al_2026,Seal Beach,SB15-20,77,78,SB15-20_78,0.3424,0.186331776,NA,NA,NA,NA,NA,NA,NA,NA,NA,NA,NA,NA,NA,NA,NA,NA,NA,NA
Brown_et_al_2026,Seal Beach,SB15-20,78,79,SB15-20_79,0.3096,0.195736434,NA,NA,NA,NA,NA,NA,NA,NA,NA,NA,NA,NA,NA,NA,NA,NA,NA,NA
Brown_et_al_2026,Seal Beach,SB15-20,79,80,SB15-20_80,0.4104,0.160575049,NA,NA,NA,NA,NA,NA,NA,NA,NA,NA,NA,NA,NA,NA,NA,NA,NA,NA
Brown_et_al_2026,Seal Beach,SB15-20,80,81,SB15-20_81,0.3392,0.165978774,NA,NA,NA,NA,NA,NA,NA,NA,NA,NA,NA,NA,NA,NA,NA,NA,NA,NA
Brown_et_al_2026,Seal Beach,SB15-20,81,82,SB15-20_82,0.4165,0.131092437,NA,NA,NA,NA,NA,NA,NA,NA,NA,NA,NA,NA,NA,NA,NA,NA,NA,NA
Brown_et_al_2026,Seal Beach,SB15-20,82,83,SB15-20_83,0.4752,0.125210438,NA,NA,NA,NA,NA,NA,NA,NA,NA,NA,NA,NA,NA,NA,NA,NA,NA,NA
Brown_et_al_2026,Seal Beach,SB15-20,83,84,SB15-20_84,0.6481,0.091498226,NA,NA,NA,NA,NA,NA,NA,NA,NA,NA,NA,NA,NA,NA,NA,NA,NA,NA
Brown_et_al_2026,Seal Beach,SB15-20,84,85,SB15-20_85,0.8651,0.053982199,NA,NA,NA,NA,NA,NA,NA,NA,NA,NA,NA,NA,NA,NA,NA,NA,NA,NA
Brown_et_al_2026,Seal Beach,SB15-20,85,86,SB15-20_86,1.0952,0.049488678,NA,NA,NA,NA,NA,NA,NA,NA,NA,NA,NA,NA,NA,NA,NA,NA,NA,NA
Brown_et_al_2026,Seal Beach,SB15-20,86,87,SB15-20_87,0.5034,0.11223679,NA,NA,NA,NA,NA,NA,NA,NA,NA,NA,NA,NA,NA,NA,NA,NA,NA,NA
Brown_et_al_2026,Seal Beach,SB15-20,87,88,SB15-20_88,0.3066,0.255707763,NA,NA,NA,NA,NA,NA,NA,NA,NA,NA,NA,NA,NA,NA,NA,NA,NA,NA
Brown_et_al_2026,Seal Beach,SB15-20,88,89,SB15-20_89,0.2898,0.287784679,NA,NA,NA,NA,NA,NA,NA,NA,NA,NA,NA,NA,NA,NA,NA,NA,NA,NA
Brown_et_al_2026,Seal Beach,SB15-20,89,90,SB15-20_90,0.3165,0.246129542,NA,NA,NA,NA,NA,NA,NA,NA,NA,NA,NA,NA,NA,NA,NA,NA,NA,NA
Brown_et_al_2026,Seal Beach,SB15-20,90,91,SB15-20_91,0.2888,0.304709141,NA,NA,NA,NA,NA,NA,NA,NA,NA,NA,NA,NA,NA,NA,NA,NA,NA,NA
Brown_et_al_2026,Seal Beach,SB15-20,91,92,SB15-20_92,0.3019,0.308049023,NA,NA,NA,NA,NA,NA,NA,NA,NA,NA,NA,NA,NA,NA,NA,NA,NA,NA
Brown_et_al_2026,Seal Beach,SB15-20,92,93,SB15-20_93,0.2686,0.287043932,NA,NA,NA,NA,NA,NA,NA,NA,NA,NA,NA,NA,NA,NA,NA,NA,NA,NA
Brown_et_al_2026,Seal Beach,SB15-20,93,94,SB15-20_94,0.4384,0.152600365,NA,NA,NA,NA,NA,NA,NA,NA,NA,NA,NA,NA,NA,NA,NA,NA,NA,NA
Brown_et_al_2026,Seal Beach,SB15-20,94,95,SB15-20_95,0.7305,0.07761807,NA,NA,NA,NA,NA,NA,NA,NA,NA,NA,NA,NA,NA,NA,NA,NA,NA,NA
Brown_et_al_2026,Seal Beach,SB15-20,95,96,SB15-20_96,0.4266,0.114158462,NA,NA,NA,NA,NA,NA,NA,NA,NA,NA,NA,NA,NA,NA,NA,NA,NA,NA
Brown_et_al_2026,Seal Beach,SB15-20,96,97,SB15-20_97,0.274,0.271532847,NA,NA,NA,NA,NA,NA,NA,NA,NA,NA,NA,NA,NA,NA,NA,NA,NA,NA
Brown_et_al_2026,Seal Beach,SB15-20,97,98,SB15-20_98,0.3245,0.216024653,NA,NA,NA,NA,NA,NA,NA,NA,NA,NA,NA,NA,NA,NA,NA,NA,NA,NA
Brown_et_al_2026,Seal Beach,SB15-20,98,99,SB15-20_99,0.314,0.252866242,NA,NA,NA,NA,NA,NA,NA,NA,NA,NA,NA,NA,NA,NA,NA,NA,NA,NA
Brown_et_al_2026,Seal Beach,SB15-20,99,100,SB15-20_100,0.3157,0.245802978,NA,NA,NA,NA,NA,NA,NA,NA,NA,NA,NA,NA,NA,NA,NA,NA,NA,NA
Brown_et_al_2026,Seal Beach,SB15-20,165,166,SB15-20_166,NA,NA,NA,NA,NA,NA,NA,NA,NA,NA,1620,60,terrestrial,SB15-20-166 .023mgC,0.8169,0.0054,-183.1,5.4,NA,NA
Brown_et_al_2026,Seal Beach,SB15-20,190,191,SB15-20_191,NA,NA,NA,NA,NA,NA,NA,NA,NA,NA,865,20,terrestrial,SB15-20 101 .15mgC,0.8977,0.0017,-102.3,1.7,NA,NA
Brown_et_al_2026,Seal Beach,SB15-20,295,296,SB15-20_296,NA,NA,NA,NA,NA,NA,NA,NA,NA,NA,640,15,terrestrial,SB15-20 206,0.9232,0.0016,-76.8,1.6,NA,NA
Brown_et_al_2026,Seal Beach,SB15-21,0,1,SB15-21_1,0.2034,0.318092429,NA,NA,NA,NA,NA,NA,NA,NA,NA,NA,NA,NA,NA,NA,NA,NA,NA,NA
Brown_et_al_2026,Seal Beach,SB15-21,1,2,SB15-21_2,0.1979,0.304699343,6.764396854,1.080476198,38.66758774,7.626569719,62.67384696,6.824579696,24.70084665,3.085258629,NA,NA,NA,NA,NA,NA,NA,NA,NA,NA
Brown_et_al_2026,Seal Beach,SB15-21,2,3,SB15-21_3,0.2158,0.283595922,NA,NA,NA,NA,NA,NA,NA,NA,NA,NA,NA,NA,NA,NA,NA,NA,NA,NA
Brown_et_al_2026,Seal Beach,SB15-21,3,4,SB15-21_4,0.1335,0.287640449,7.38221766,1.090736303,43.97549548,6.604854218,67.86721329,5.795165079,24.68900097,2.910786106,NA,NA,NA,NA,NA,NA,NA,NA,NA,NA
Brown_et_al_2026,Seal Beach,SB15-21,4,5,SB15-21_5,0.2269,0.242838255,NA,NA,NA,NA,NA,NA,NA,NA,NA,NA,NA,NA,NA,NA,NA,NA,NA,NA
Brown_et_al_2026,Seal Beach,SB15-21,5,6,SB15-21_6,0.3046,0.22783979,NA,NA,NA,NA,NA,NA,NA,NA,NA,NA,NA,NA,NA,NA,NA,NA,NA,NA
Brown_et_al_2026,Seal Beach,SB15-21,6,7,SB15-21_7,0.2323,0.21825226,NA,NA,NA,NA,NA,NA,NA,NA,NA,NA,NA,NA,NA,NA,NA,NA,NA,NA
Brown_et_al_2026,Seal Beach,SB15-21,7,8,SB15-21_8,0.2354,0.248513169,12.4309122,0.892998024,3.574524079,5.379862878,31.85409849,4.253436436,28.34497844,3.130773052,NA,NA,NA,NA,NA,NA,NA,NA,NA,NA
Brown_et_al_2026,Seal Beach,SB15-21,8,9,SB15-21_9,0.1948,0.220225873,NA,NA,NA,NA,NA,NA,NA,NA,NA,NA,NA,NA,NA,NA,NA,NA,NA,NA
Brown_et_al_2026,Seal Beach,SB15-21,9,10,SB15-21_10,0.2264,0.221731449,NA,NA,NA,NA,NA,NA,NA,NA,NA,NA,NA,NA,NA,NA,NA,NA,NA,NA
Brown_et_al_2026,Seal Beach,SB15-21,10,11,SB15-21_11,0.2128,0.277725564,NA,NA,NA,NA,NA,NA,NA,NA,NA,NA,NA,NA,NA,NA,NA,NA,NA,NA
Brown_et_al_2026,Seal Beach,SB15-21,11,12,SB15-21_12,0.221,0.23438914,20.43647143,1.138826731,5.093038666,5.215471504,33.07977604,4.026433967,28.08120237,3.160582861,NA,NA,NA,NA,NA,NA,NA,NA,NA,NA
Brown_et_al_2026,Seal Beach,SB15-21,12,13,SB15-21_13,0.2887,0.177346727,NA,NA,NA,NA,NA,NA,NA,NA,NA,NA,NA,NA,NA,NA,NA,NA,NA,NA
Brown_et_al_2026,Seal Beach,SB15-21,13,14,SB15-21_14,0.2287,0.187581985,NA,NA,NA,NA,NA,NA,NA,NA,NA,NA,NA,NA,NA,NA,NA,NA,NA,NA
Brown_et_al_2026,Seal Beach,SB15-21,14,15,SB15-21_15,0.2623,0.210446054,NA,NA,NA,NA,NA,NA,NA,NA,NA,NA,NA,NA,NA,NA,NA,NA,NA,NA
Brown_et_al_2026,Seal Beach,SB15-21,15,16,SB15-21_16,0.238,0.216386555,22.47685494,1.105660485,11.12572467,5.94619712,37.81801492,5.015695452,26.90236502,2.979503458,NA,NA,NA,NA,NA,NA,NA,NA,NA,NA
Brown_et_al_2026,Seal Beach,SB15-21,16,17,SB15-21_17,0.211,0.301421801,NA,NA,NA,NA,NA,NA,NA,NA,NA,NA,NA,NA,NA,NA,NA,NA,NA,NA
Brown_et_al_2026,Seal Beach,SB15-21,17,18,SB15-21_18,0.2151,0.231520223,NA,NA,NA,NA,NA,NA,NA,NA,NA,NA,NA,NA,NA,NA,NA,NA,NA,NA
Brown_et_al_2026,Seal Beach,SB15-21,18,19,SB15-21_19,0.2174,0.250689972,NA,NA,NA,NA,NA,NA,NA,NA,NA,NA,NA,NA,NA,NA,NA,NA,NA,NA
Brown_et_al_2026,Seal Beach,SB15-21,19,20,SB15-21_20,0.291,0.231271478,2.811736443,0.813058844,6.450840983,6.867889846,30.54460378,6.088169936,24.21718251,2.883487122,NA,NA,NA,NA,NA,NA,NA,NA,NA,NA
Brown_et_al_2026,Seal Beach,SB15-21,20,21,SB15-21_21,0.3547,0.217648717,NA,NA,NA,NA,NA,NA,NA,NA,NA,NA,NA,NA,NA,NA,NA,NA,NA,NA
Brown_et_al_2026,Seal Beach,SB15-21,21,22,SB15-21_22,0.4153,0.16108837,NA,NA,NA,NA,NA,NA,NA,NA,NA,NA,NA,NA,NA,NA,NA,NA,NA,NA
Brown_et_al_2026,Seal Beach,SB15-21,22,23,SB15-21_23,0.445,0.193033708,NA,NA,NA,NA,NA,NA,NA,NA,NA,NA,NA,NA,NA,NA,NA,NA,NA,NA
Brown_et_al_2026,Seal Beach,SB15-21,23,24,SB15-21_24,0.3101,0.18413415,1.117720565,0.674164531,-0.424877163,5.536504267,27.36637606,4.491267161,27.78298248,3.049528731,NA,NA,NA,NA,NA,NA,NA,NA,NA,NA
Brown_et_al_2026,Seal Beach,SB15-21,24,25,SB15-21_25,0.2664,0.244369369,NA,NA,NA,NA,NA,NA,NA,NA,NA,NA,NA,NA,NA,NA,NA,NA,NA,NA
Brown_et_al_2026,Seal Beach,SB15-21,25,26,SB15-21_26,0.3189,0.204139229,NA,NA,NA,NA,NA,NA,NA,NA,NA,NA,NA,NA,NA,NA,NA,NA,NA,NA
Brown_et_al_2026,Seal Beach,SB15-21,26,27,SB15-21_27,0.3536,0.182126697,NA,NA,NA,NA,NA,NA,NA,NA,NA,NA,NA,NA,NA,NA,NA,NA,NA,NA
Brown_et_al_2026,Seal Beach,SB15-21,27,28,SB15-21_28,0.4662,0.157872158,NA,NA,NA,NA,NA,NA,NA,NA,NA,NA,NA,NA,NA,NA,NA,NA,NA,NA
Brown_et_al_2026,Seal Beach,SB15-21,28,29,SB15-21_29,0.6058,0.094915814,NA,NA,NA,NA,NA,NA,NA,NA,NA,NA,NA,NA,NA,NA,NA,NA,NA,NA
Brown_et_al_2026,Seal Beach,SB15-21,29,30,SB15-21_30,0.6731,0.079334423,NA,NA,NA,NA,NA,NA,NA,NA,NA,NA,NA,NA,NA,NA,NA,NA,NA,NA
Brown_et_al_2026,Seal Beach,SB15-21,30,31,SB15-21_31,0.8399,0.070722705,NA,NA,NA,NA,NA,NA,NA,NA,NA,NA,NA,NA,NA,NA,NA,NA,NA,NA
Brown_et_al_2026,Seal Beach,SB15-21,31,32,SB15-21_32,0.7287,0.089611637,1.159662156,1.116897266,-22.39750096,9.389197494,40.88643894,6.288687678,62.84234014,6.720670751,NA,NA,NA,NA,NA,NA,NA,NA,NA,NA
Brown_et_al_2026,Seal Beach,SB15-21,32,33,SB15-21_33,0.5354,0.115427718,NA,NA,NA,NA,NA,NA,NA,NA,NA,NA,NA,NA,NA,NA,NA,NA,NA,NA
Brown_et_al_2026,Seal Beach,SB15-21,33,34,SB15-21_34,0.5036,0.132644956,NA,NA,NA,NA,NA,NA,NA,NA,NA,NA,NA,NA,NA,NA,NA,NA,NA,NA
Brown_et_al_2026,Seal Beach,SB15-21,34,35,SB15-21_35,0.4406,0.136404902,NA,NA,NA,NA,NA,NA,NA,NA,NA,NA,NA,NA,NA,NA,NA,NA,NA,NA
Brown_et_al_2026,Seal Beach,SB15-21,35,36,SB15-21_36,0.5444,0.11719324,NA,NA,NA,NA,NA,NA,NA,NA,NA,NA,NA,NA,NA,NA,NA,NA,NA,NA
Brown_et_al_2026,Seal Beach,SB15-21,36,37,SB15-21_37,0.466,0.139699571,NA,NA,NA,NA,NA,NA,NA,NA,NA,NA,NA,NA,NA,NA,NA,NA,NA,NA
Brown_et_al_2026,Seal Beach,SB15-21,37,38,SB15-21_38,0.3398,0.201000589,NA,NA,NA,NA,NA,NA,NA,NA,NA,NA,NA,NA,NA,NA,NA,NA,NA,NA
Brown_et_al_2026,Seal Beach,SB15-21,38,39,SB15-21_39,0.3549,0.18934911200000001,NA,NA,NA,NA,NA,NA,NA,NA,NA,NA,NA,NA,NA,NA,NA,NA,NA,NA
Brown_et_al_2026,Seal Beach,SB15-21,42,43,SB15-21_43,0.297,0.761118598,NA,NA,NA,NA,NA,NA,NA,NA,NA,NA,NA,NA,NA,NA,NA,NA,NA,NA
Brown_et_al_2026,Seal Beach,SB15-21,44,45,SB15-21_45,0.2421,0.310615448,NA,NA,NA,NA,NA,NA,NA,NA,NA,NA,NA,NA,NA,NA,NA,NA,NA,NA
Brown_et_al_2026,Seal Beach,SB15-21,45,46,SB15-21_46,0.3263,0.218817039,NA,NA,NA,NA,NA,NA,NA,NA,NA,NA,NA,NA,NA,NA,NA,NA,NA,NA
Brown_et_al_2026,Seal Beach,SB15-21,46,47,SB15-21_47,0.4537,0.157813533,NA,NA,NA,NA,NA,NA,NA,NA,NA,NA,NA,NA,NA,NA,NA,NA,NA,NA
Brown_et_al_2026,Seal Beach,SB15-21,47,48,SB15-21_48,0.3653,0.19545579,NA,NA,NA,NA,NA,NA,NA,NA,NA,NA,NA,NA,NA,NA,NA,NA,NA,NA
Brown_et_al_2026,Seal Beach,SB15-21,48,49,SB15-21_49,0.4367,0.147469659,NA,NA,NA,NA,NA,NA,NA,NA,NA,NA,NA,NA,NA,NA,NA,NA,NA,NA
Brown_et_al_2026,Seal Beach,SB15-21,49,50,SB15-21_50,0.5237,0.143020813,NA,NA,NA,NA,NA,NA,NA,NA,NA,NA,NA,NA,NA,NA,NA,NA,NA,NA
Brown_et_al_2026,Seal Beach,SB15-21,50,51,SB15-21_51,0.5766,0.100416233,NA,NA,NA,NA,NA,NA,NA,NA,NA,NA,NA,NA,NA,NA,NA,NA,NA,NA
Brown_et_al_2026,Seal Beach,SB15-21,51,52,SB15-21_52,0.6009,0.101847229,NA,NA,NA,NA,NA,NA,NA,NA,NA,NA,NA,NA,NA,NA,NA,NA,NA,NA
Brown_et_al_2026,Seal Beach,SB15-21,52,53,SB15-21_53,0.5512,0.117380261,NA,NA,NA,NA,NA,NA,NA,NA,NA,NA,NA,NA,NA,NA,NA,NA,NA,NA
Brown_et_al_2026,Seal Beach,SB15-21,53,54,SB15-21_54,0.5588,0.108804581,NA,NA,NA,NA,NA,NA,NA,NA,NA,NA,NA,NA,NA,NA,NA,NA,NA,NA
Brown_et_al_2026,Seal Beach,SB15-21,54,55,SB15-21_55,0.48,0.092291667,NA,NA,NA,NA,NA,NA,NA,NA,NA,NA,NA,NA,NA,NA,NA,NA,NA,NA
Brown_et_al_2026,Seal Beach,SB15-21,55,56,SB15-21_56,0.4981,0.126079101,NA,NA,NA,NA,NA,NA,NA,NA,NA,NA,NA,NA,NA,NA,NA,NA,NA,NA
Brown_et_al_2026,Seal Beach,SB15-21,56,57,SB15-21_57,0.3747,0.170803309,NA,NA,NA,NA,NA,NA,NA,NA,NA,NA,NA,NA,NA,NA,NA,NA,NA,NA
Brown_et_al_2026,Seal Beach,SB15-21,57,58,SB15-21_58,0.3999,0.169792448,NA,NA,NA,NA,NA,NA,NA,NA,NA,NA,NA,NA,NA,NA,NA,NA,NA,NA
Brown_et_al_2026,Seal Beach,SB15-21,58,59,SB15-21_59,0.2782,0.24155284,NA,NA,NA,NA,NA,NA,NA,NA,NA,NA,NA,NA,NA,NA,NA,NA,NA,NA
Brown_et_al_2026,Seal Beach,SB15-21,59,60,SB15-21_60,0.2975,0.261512605,NA,NA,NA,NA,NA,NA,NA,NA,NA,NA,NA,NA,NA,NA,NA,NA,NA,NA
Brown_et_al_2026,Seal Beach,SB15-21,60,61,SB15-21_61,0.3785,0.201056803,NA,NA,NA,NA,NA,NA,NA,NA,NA,NA,NA,NA,NA,NA,NA,NA,NA,NA
Brown_et_al_2026,Seal Beach,SB15-21,61,62,SB15-21_62,0.4546,0.139903212,NA,NA,NA,NA,NA,NA,NA,NA,NA,NA,NA,NA,NA,NA,NA,NA,NA,NA
Brown_et_al_2026,Seal Beach,SB15-21,62,63,SB15-21_63,0.4627,0.161659823,NA,NA,NA,NA,NA,NA,NA,NA,NA,NA,NA,NA,NA,NA,NA,NA,NA,NA
Brown_et_al_2026,Seal Beach,SB15-21,63,64,SB15-21_64,0.3333,0.212421242,NA,NA,NA,NA,NA,NA,NA,NA,NA,NA,NA,NA,NA,NA,NA,NA,NA,NA
Brown_et_al_2026,Seal Beach,SB15-21,64,65,SB15-21_65,0.2959,0.225413991,NA,NA,NA,NA,NA,NA,NA,NA,NA,NA,NA,NA,NA,NA,NA,NA,NA,NA
Brown_et_al_2026,Seal Beach,SB15-21,65,66,SB15-21_66,0.4316,0.171918443,NA,NA,NA,NA,NA,NA,NA,NA,NA,NA,NA,NA,NA,NA,NA,NA,NA,NA
Brown_et_al_2026,Seal Beach,SB15-21,66,67,SB15-21_67,0.6679,0.079353197,NA,NA,NA,NA,NA,NA,NA,NA,NA,NA,NA,NA,NA,NA,NA,NA,NA,NA
Brown_et_al_2026,Seal Beach,SB15-21,67,68,SB15-21_68,0.7168,0.067243304,NA,NA,NA,NA,NA,NA,NA,NA,NA,NA,NA,NA,NA,NA,NA,NA,NA,NA
Brown_et_al_2026,Seal Beach,SB15-21,68,69,SB15-21_69,0.8668,0.065874481,NA,NA,NA,NA,NA,NA,NA,NA,NA,NA,NA,NA,NA,NA,NA,NA,NA,NA
Brown_et_al_2026,Seal Beach,SB15-21,69,70,SB15-21_70,0.7478,0.065659267,NA,NA,NA,NA,NA,NA,NA,NA,NA,NA,NA,NA,NA,NA,NA,NA,NA,NA
Brown_et_al_2026,Seal Beach,SB15-21,70,71,SB15-21_71,0.9957,0.059355227000000003,NA,NA,NA,NA,NA,NA,NA,NA,NA,NA,NA,NA,NA,NA,NA,NA,NA,NA
Brown_et_al_2026,Seal Beach,SB15-21,71,72,SB15-21_72,1.002,0.055988024,NA,NA,NA,NA,NA,NA,NA,NA,NA,NA,NA,NA,NA,NA,NA,NA,NA,NA
Brown_et_al_2026,Seal Beach,SB15-21,72,73,SB15-21_73,0.7576,0.071541711,NA,NA,NA,NA,NA,NA,NA,NA,NA,NA,NA,NA,NA,NA,NA,NA,NA,NA
Brown_et_al_2026,Seal Beach,SB15-21,73,74,SB15-21_74,0.767,0.074185137,NA,NA,NA,NA,NA,NA,NA,NA,NA,NA,NA,NA,NA,NA,NA,NA,NA,NA
Brown_et_al_2026,Seal Beach,SB15-21,74,75,SB15-21_75,0.6712,0.078218117,NA,NA,NA,NA,NA,NA,NA,NA,NA,NA,NA,NA,NA,NA,NA,NA,NA,NA
Brown_et_al_2026,Seal Beach,SB15-21,75,76,SB15-21_76,0.7737,0.079488174,NA,NA,NA,NA,NA,NA,NA,NA,NA,NA,NA,NA,NA,NA,NA,NA,NA,NA
Brown_et_al_2026,Seal Beach,SB15-21,76,77,SB15-21_77,0.6768,0.079491726,NA,NA,NA,NA,NA,NA,NA,NA,NA,NA,NA,NA,NA,NA,NA,NA,NA,NA
Brown_et_al_2026,Seal Beach,SB15-21,77,78,SB15-21_78,0.761,0.067674113,NA,NA,NA,NA,NA,NA,NA,NA,NA,NA,NA,NA,NA,NA,NA,NA,NA,NA
Brown_et_al_2026,Seal Beach,SB15-21,78,79,SB15-21_79,0.861,0.055981417,NA,NA,NA,NA,NA,NA,NA,NA,NA,NA,NA,NA,NA,NA,NA,NA,NA,NA
Brown_et_al_2026,Seal Beach,SB15-21,79,80,SB15-21_80,0.8194,0.059799854,NA,NA,NA,NA,NA,NA,NA,NA,NA,NA,NA,NA,NA,NA,NA,NA,NA,NA
Brown_et_al_2026,Seal Beach,SB15-21,80,81,SB15-21_81,0.6237,0.082732083,NA,NA,NA,NA,NA,NA,NA,NA,NA,NA,NA,NA,NA,NA,NA,NA,NA,NA
Brown_et_al_2026,Seal Beach,SB15-21,81,82,SB15-21_82,0.6091,0.082088327,NA,NA,NA,NA,NA,NA,NA,NA,NA,NA,NA,NA,NA,NA,NA,NA,NA,NA
Brown_et_al_2026,Seal Beach,SB15-21,82,83,SB15-21_83,0.7128,0.085016835,NA,NA,NA,NA,NA,NA,NA,NA,NA,NA,NA,NA,NA,NA,NA,NA,NA,NA
Brown_et_al_2026,Seal Beach,SB15-21,83,84,SB15-21_84,0.7684,0.071577303,NA,NA,NA,NA,NA,NA,NA,NA,NA,NA,NA,NA,NA,NA,NA,NA,NA,NA
Brown_et_al_2026,Seal Beach,SB15-21,84,85,SB15-21_85,0.693,0.076334776,NA,NA,NA,NA,NA,NA,NA,NA,NA,NA,NA,NA,NA,NA,NA,NA,NA,NA
Brown_et_al_2026,Seal Beach,SB15-21,85,86,SB15-21_86,0.7824,0.069018405,NA,NA,NA,NA,NA,NA,NA,NA,NA,NA,NA,NA,NA,NA,NA,NA,NA,NA
Brown_et_al_2026,Seal Beach,SB15-21,86,87,SB15-21_87,0.663,0.067571644,NA,NA,NA,NA,NA,NA,NA,NA,NA,NA,NA,NA,NA,NA,NA,NA,NA,NA
Brown_et_al_2026,Seal Beach,SB15-21,87,88,SB15-21_88,0.9513,0.050141911,NA,NA,NA,NA,NA,NA,NA,NA,NA,NA,NA,NA,NA,NA,NA,NA,NA,NA
Brown_et_al_2026,Seal Beach,SB15-21,88,89,SB15-21_89,0.7045,0.07125621,NA,NA,NA,NA,NA,NA,NA,NA,NA,NA,NA,NA,NA,NA,NA,NA,NA,NA
Brown_et_al_2026,Seal Beach,SB15-21,89,90,SB15-21_90,0.6074,0.074086269,NA,NA,NA,NA,NA,NA,NA,NA,NA,NA,NA,NA,NA,NA,NA,NA,NA,NA
Brown_et_al_2026,Seal Beach,SB15-21,90,91,SB15-21_91,0.7216,0.064855876,NA,NA,NA,NA,NA,NA,NA,NA,NA,NA,NA,NA,NA,NA,NA,NA,NA,NA
Brown_et_al_2026,Seal Beach,SB15-21,91,92,SB15-21_92,0.7912,0.061299292,NA,NA,NA,NA,NA,NA,NA,NA,NA,NA,NA,NA,NA,NA,NA,NA,NA,NA
Brown_et_al_2026,Seal Beach,SB15-21,92,93,SB15-21_93,1.0423,0.0472033,NA,NA,NA,NA,NA,NA,NA,NA,NA,NA,NA,NA,NA,NA,NA,NA,NA,NA
Brown_et_al_2026,Seal Beach,SB15-21,93,94,SB15-21_94,0.9755,0.051973347,NA,NA,NA,NA,NA,NA,NA,NA,NA,NA,NA,NA,NA,NA,NA,NA,NA,NA
Brown_et_al_2026,Seal Beach,SB15-21,94,95,SB15-21_95,1.1599,0.051556169,NA,NA,NA,NA,NA,NA,NA,NA,NA,NA,NA,NA,NA,NA,NA,NA,NA,NA
Brown_et_al_2026,Seal Beach,SB15-21,95,96,SB15-21_96,0.8969,0.055078604,NA,NA,NA,NA,NA,NA,NA,NA,NA,NA,NA,NA,NA,NA,NA,NA,NA,NA
Brown_et_al_2026,Seal Beach,SB15-21,96,97,SB15-21_97,0.7557,0.06907503,NA,NA,NA,NA,NA,NA,NA,NA,NA,NA,NA,NA,NA,NA,NA,NA,NA,NA
Brown_et_al_2026,Seal Beach,SB15-21,97,98,SB15-21_98,0.4864,0.125822368,NA,NA,NA,NA,NA,NA,NA,NA,NA,NA,NA,NA,NA,NA,NA,NA,NA,NA
Brown_et_al_2026,Seal Beach,SB15-21,98,99,SB15-21_99,0.5546,0.102235846,NA,NA,NA,NA,NA,NA,NA,NA,NA,NA,NA,NA,NA,NA,NA,NA,NA,NA
Brown_et_al_2026,Seal Beach,SB15-21,99,100,SB15-21_100,0.563,0.106394316,NA,NA,NA,NA,NA,NA,NA,NA,NA,NA,NA,NA,NA,NA,NA,NA,NA,NA
Brown_et_al_2026,Seal Beach,SB15-23,129,130,SB15-23_130,NA,NA,NA,NA,NA,NA,NA,NA,NA,NA,620,15,terrestrial,SB15-23 130,0.9259,0.0017,-74.1,1.7,NA,NA
Brown_et_al_2026,Seal Beach,SB15-23,168,169,SB15-23_169,NA,NA,NA,NA,NA,NA,NA,NA,NA,NA,1505,15,marine,SB15-23-169c,0.8291,0.0014,-170.9,1.4,NA,NA
Brown_et_al_2026,Seal Beach,SB15-23,168,169,SB15-23_169,NA,NA,NA,NA,NA,NA,NA,NA,NA,NA,1575,15,marine,SB15-23-169s,0.822,0.0013,-178,1.3,NA,NA
Brown_et_al_2026,Tijuana,TJE12-01,0,1,TJE12-01_1,0.2682,0.155430183,NA,NA,NA,NA,NA,NA,NA,NA,NA,NA,NA,NA,NA,NA,NA,NA,NA,NA
Brown_et_al_2026,Tijuana,TJE12-01,2,3,TJE12-01_3,0.404,0.165606323,NA,NA,NA,NA,NA,NA,NA,NA,NA,NA,NA,NA,NA,NA,NA,NA,NA,NA
Brown_et_al_2026,Tijuana,TJE12-01,3,4,TJE12-01_4,0.3834,0.153468386,NA,NA,NA,NA,NA,NA,NA,NA,NA,NA,NA,NA,NA,NA,NA,NA,NA,NA
Brown_et_al_2026,Tijuana,TJE12-01,4,5,TJE12-01_5,0.2865,0.177658143,NA,NA,NA,NA,NA,NA,NA,NA,NA,NA,NA,NA,NA,NA,NA,NA,NA,NA
Brown_et_al_2026,Tijuana,TJE12-01,5,6,TJE12-01_6,0.3774,0.149716922,NA,NA,NA,NA,NA,NA,NA,NA,NA,NA,NA,NA,NA,NA,NA,NA,NA,NA
Brown_et_al_2026,Tijuana,TJE12-01,6,7,TJE12-01_7,0.3706,0.151242502,NA,NA,NA,NA,NA,NA,NA,NA,NA,NA,NA,NA,NA,NA,NA,NA,NA,NA
Brown_et_al_2026,Tijuana,TJE12-01,7,8,TJE12-01_8,0.4235,0.164847364,NA,NA,NA,NA,NA,NA,NA,NA,NA,NA,NA,NA,NA,NA,NA,NA,NA,NA
Brown_et_al_2026,Tijuana,TJE12-01,8,9,TJE12-01_9,0.2999,0.148325359,NA,NA,NA,NA,NA,NA,NA,NA,NA,NA,NA,NA,NA,NA,NA,NA,NA,NA
Brown_et_al_2026,Tijuana,TJE12-01,9,10,TJE12-01_10,0.3843,0.16942571,NA,NA,NA,NA,NA,NA,NA,NA,NA,NA,NA,NA,NA,NA,NA,NA,NA,NA
Brown_et_al_2026,Tijuana,TJE12-01,10,11,TJE12-01_11,0.395,0.155744337,NA,NA,NA,NA,NA,NA,NA,NA,NA,NA,NA,NA,NA,NA,NA,NA,NA,NA
Brown_et_al_2026,Tijuana,TJE12-01,11,12,TJE12-01_12,0.4092,0.187324208,NA,NA,NA,NA,NA,NA,NA,NA,NA,NA,NA,NA,NA,NA,NA,NA,NA,NA
Brown_et_al_2026,Tijuana,TJE12-01,12,13,TJE12-01_13,0.2765,0.182910183,NA,NA,NA,NA,NA,NA,NA,NA,NA,NA,NA,NA,NA,NA,NA,NA,NA,NA
Brown_et_al_2026,Tijuana,TJE12-01,13,14,TJE12-01_14,0.4039,0.176050906,NA,NA,NA,NA,NA,NA,NA,NA,NA,NA,NA,NA,NA,NA,NA,NA,NA,NA
Brown_et_al_2026,Tijuana,TJE12-01,14,15,TJE12-01_15,0.3185,0.204333644,NA,NA,NA,NA,NA,NA,NA,NA,NA,NA,NA,NA,NA,NA,NA,NA,NA,NA
Brown_et_al_2026,Tijuana,TJE12-01,15,16,TJE12-01_16,0.4682,0.160487557,NA,NA,NA,NA,NA,NA,NA,NA,NA,NA,NA,NA,NA,NA,NA,NA,NA,NA
Brown_et_al_2026,Tijuana,TJE12-01,16,17,TJE12-01_17,0.2875,0.173735726,NA,NA,NA,NA,NA,NA,NA,NA,NA,NA,NA,NA,NA,NA,NA,NA,NA,NA
Brown_et_al_2026,Tijuana,TJE12-01,17,18,TJE12-01_18,0.3523,0.173383525,NA,NA,NA,NA,NA,NA,NA,NA,NA,NA,NA,NA,NA,NA,NA,NA,NA,NA
Brown_et_al_2026,Tijuana,TJE12-01,18,19,TJE12-01_19,0.413,0.151573663,NA,NA,NA,NA,NA,NA,NA,NA,NA,NA,NA,NA,NA,NA,NA,NA,NA,NA
Brown_et_al_2026,Tijuana,TJE12-01,19,20,TJE12-01_20,0.3911,0.150951115,NA,NA,NA,NA,NA,NA,NA,NA,NA,NA,NA,NA,NA,NA,NA,NA,NA,NA
Brown_et_al_2026,Tijuana,TJE12-01,20,21,TJE12-01_21,0.5542,0.146024799,NA,NA,NA,NA,NA,NA,NA,NA,NA,NA,NA,NA,NA,NA,NA,NA,NA,NA
Brown_et_al_2026,Tijuana,TJE12-01,21,22,TJE12-01_22,0.5036,0.150937401,NA,NA,NA,NA,NA,NA,NA,NA,NA,NA,NA,NA,NA,NA,NA,NA,NA,NA
Brown_et_al_2026,Tijuana,TJE12-01,22,23,TJE12-01_23,0.506,0.157828482,NA,NA,NA,NA,NA,NA,NA,NA,NA,NA,NA,NA,NA,NA,NA,NA,NA,NA
Brown_et_al_2026,Tijuana,TJE12-01,23,24,TJE12-01_24,0.3663,0.137700535,NA,NA,NA,NA,NA,NA,NA,NA,NA,NA,NA,NA,NA,NA,NA,NA,NA,NA
Brown_et_al_2026,Tijuana,TJE12-01,24,25,TJE12-01_25,0.4767,0.153338969,NA,NA,NA,NA,NA,NA,NA,NA,NA,NA,NA,NA,NA,NA,NA,NA,NA,NA
Brown_et_al_2026,Tijuana,TJE12-01,25,26,TJE12-01_26,0.5154,0.134863702,NA,NA,NA,NA,NA,NA,NA,NA,NA,NA,NA,NA,NA,NA,NA,NA,NA,NA
Brown_et_al_2026,Tijuana,TJE12-01,26,27,TJE12-01_27,0.529,0.157018596,NA,NA,NA,NA,NA,NA,NA,NA,NA,NA,NA,NA,NA,NA,NA,NA,NA,NA
Brown_et_al_2026,Tijuana,TJE12-01,27,28,TJE12-01_28,0.3799,0.157574486,NA,NA,NA,NA,NA,NA,NA,NA,NA,NA,NA,NA,NA,NA,NA,NA,NA,NA
Brown_et_al_2026,Tijuana,TJE12-01,28,29,TJE12-01_29,0.4636,0.157867584,NA,NA,NA,NA,NA,NA,NA,NA,NA,NA,NA,NA,NA,NA,NA,NA,NA,NA
Brown_et_al_2026,Tijuana,TJE12-01,29,30,TJE12-01_30,0.4484,0.137868971,NA,NA,NA,NA,NA,NA,NA,NA,NA,NA,NA,NA,NA,NA,NA,NA,NA,NA
Brown_et_al_2026,Tijuana,TJE12-01,30,31,TJE12-01_31,0.3437,0.083080041,NA,NA,NA,NA,NA,NA,NA,NA,NA,NA,NA,NA,NA,NA,NA,NA,NA,NA
Brown_et_al_2026,Tijuana,TJE12-01,31,32,TJE12-01_32,0.2205,0.058800159,NA,NA,NA,NA,NA,NA,NA,NA,NA,NA,NA,NA,NA,NA,NA,NA,NA,NA
Brown_et_al_2026,Tijuana,TJE12-01,32,33,TJE12-01_33,0.4758,0.098756533,NA,NA,NA,NA,NA,NA,NA,NA,NA,NA,NA,NA,NA,NA,NA,NA,NA,NA
Brown_et_al_2026,Tijuana,TJE12-01,33,34,TJE12-01_34,0.3201,0.105095541,NA,NA,NA,NA,NA,NA,NA,NA,NA,NA,NA,NA,NA,NA,NA,NA,NA,NA
Brown_et_al_2026,Tijuana,TJE12-01,34,35,TJE12-01_35,0.3467,0.050206161,NA,NA,NA,NA,NA,NA,NA,NA,NA,NA,NA,NA,NA,NA,NA,NA,NA,NA
Brown_et_al_2026,Tijuana,TJE12-01,35,36,TJE12-01_36,0.4001,0.107925801,NA,NA,NA,NA,NA,NA,NA,NA,NA,NA,NA,NA,NA,NA,NA,NA,NA,NA
Brown_et_al_2026,Tijuana,TJE12-01,36,37,TJE12-01_37,0.2873,0.131161718,NA,NA,NA,NA,NA,NA,NA,NA,NA,NA,NA,NA,NA,NA,NA,NA,NA,NA
Brown_et_al_2026,Tijuana,TJE12-01,37,38,TJE12-01_38,0.4352,0.108333333,NA,NA,NA,NA,NA,NA,NA,NA,NA,NA,NA,NA,NA,NA,NA,NA,NA,NA
Brown_et_al_2026,Tijuana,TJE12-01,38,39,TJE12-01_39,0.4018,0.106924858,NA,NA,NA,NA,NA,NA,NA,NA,NA,NA,NA,NA,NA,NA,NA,NA,NA,NA
Brown_et_al_2026,Tijuana,TJE12-01,39,40,TJE12-01_40,0.312,0.10280626,NA,NA,NA,NA,NA,NA,NA,NA,NA,NA,NA,NA,NA,NA,NA,NA,NA,NA
Brown_et_al_2026,Tijuana,TJE12-01,40,41,TJE12-01_41,0.3712,0.096736866,NA,NA,NA,NA,NA,NA,NA,NA,NA,NA,NA,NA,NA,NA,NA,NA,NA,NA
Brown_et_al_2026,Tijuana,TJE12-01,41,42,TJE12-01_42,0.3748,0.093220339,NA,NA,NA,NA,NA,NA,NA,NA,NA,NA,NA,NA,NA,NA,NA,NA,NA,NA
Brown_et_al_2026,Tijuana,TJE12-01,42,43,TJE12-01_43,0.432,0.089674456,NA,NA,NA,NA,NA,NA,NA,NA,NA,NA,NA,NA,NA,NA,NA,NA,NA,NA
Brown_et_al_2026,Tijuana,TJE12-01,43,44,TJE12-01_44,0.4629,0.07922469,NA,NA,NA,NA,NA,NA,NA,NA,NA,NA,NA,NA,NA,NA,NA,NA,NA,NA
Brown_et_al_2026,Tijuana,TJE12-01,44,45,TJE12-01_45,0.4203,0.073911223,NA,NA,NA,NA,NA,NA,NA,NA,NA,NA,NA,NA,NA,NA,NA,NA,NA,NA
Brown_et_al_2026,Tijuana,TJE12-01,45,46,TJE12-01_46,0.5864,0.078959175,NA,NA,NA,NA,NA,NA,NA,NA,NA,NA,NA,NA,NA,NA,NA,NA,NA,NA
Brown_et_al_2026,Tijuana,TJE12-01,46,47,TJE12-01_47,0.5388,0.078266494,NA,NA,NA,NA,NA,NA,NA,NA,NA,NA,NA,NA,NA,NA,NA,NA,NA,NA
Brown_et_al_2026,Tijuana,TJE12-01,47,48,TJE12-01_48,0.3326,0.082784076,NA,NA,NA,NA,NA,NA,NA,NA,NA,NA,NA,NA,NA,NA,NA,NA,NA,NA
Brown_et_al_2026,Tijuana,TJE12-01,50,51,TJE12-01_51,0.6469,0.098584024,NA,NA,NA,NA,NA,NA,NA,NA,NA,NA,NA,NA,NA,NA,NA,NA,NA,NA
Brown_et_al_2026,Tijuana,TJE12-01,51,52,TJE12-01_52,0.3097,0.098819654,NA,NA,NA,NA,NA,NA,NA,NA,NA,NA,NA,NA,NA,NA,NA,NA,NA,NA
Brown_et_al_2026,Tijuana,TJE12-01,52,53,TJE12-01_53,0.3745,0.080404319,NA,NA,NA,NA,NA,NA,NA,NA,NA,NA,NA,NA,NA,NA,NA,NA,NA,NA
Brown_et_al_2026,Tijuana,TJE12-01,53,54,TJE12-01_54,0.4742,0.077506474,NA,NA,NA,NA,NA,NA,NA,NA,NA,NA,NA,NA,NA,NA,NA,NA,NA,NA
Brown_et_al_2026,Tijuana,TJE12-01,54,55,TJE12-01_55,0.448,0.074140687,NA,NA,NA,NA,NA,NA,NA,NA,NA,NA,NA,NA,NA,NA,NA,NA,NA,NA
Brown_et_al_2026,Tijuana,TJE12-01,55,56,TJE12-01_56,0.6624,0.067920444,NA,NA,NA,NA,NA,NA,NA,NA,NA,NA,NA,NA,NA,NA,NA,NA,NA,NA
Brown_et_al_2026,Tijuana,TJE12-01,56,57,TJE12-01_57,0.6338,0.062356651,NA,NA,NA,NA,NA,NA,NA,NA,NA,NA,NA,NA,NA,NA,NA,NA,NA,NA
Brown_et_al_2026,Tijuana,TJE12-01,57,58,TJE12-01_58,0.6746,0.055397919,NA,NA,NA,NA,NA,NA,NA,NA,NA,NA,NA,NA,NA,NA,NA,NA,NA,NA
Brown_et_al_2026,Tijuana,TJE12-01,58,59,TJE12-01_59,0.7104,0.05002572,NA,NA,NA,NA,NA,NA,NA,NA,NA,NA,NA,NA,NA,NA,NA,NA,NA,NA
Brown_et_al_2026,Tijuana,TJE12-01,59,60,TJE12-01_60,0.7227,0.055731878,NA,NA,NA,NA,NA,NA,NA,NA,NA,NA,NA,NA,NA,NA,NA,NA,NA,NA
Brown_et_al_2026,Tijuana,TJE12-01,60,61,TJE12-01_61,0.5878,0.051302165,NA,NA,NA,NA,NA,NA,NA,NA,NA,NA,NA,NA,NA,NA,NA,NA,NA,NA
Brown_et_al_2026,Tijuana,TJE12-01,61,62,TJE12-01_62,0.7228,0.046783626,NA,NA,NA,NA,NA,NA,NA,NA,NA,NA,NA,NA,NA,NA,NA,NA,NA,NA
Brown_et_al_2026,Tijuana,TJE12-01,62,63,TJE12-01_63,0.6519,0.079023186,NA,NA,NA,NA,NA,NA,NA,NA,NA,NA,NA,NA,NA,NA,NA,NA,NA,NA
Brown_et_al_2026,Tijuana,TJE12-01,63,64,TJE12-01_64,0.5904,0.074051593,NA,NA,NA,NA,NA,NA,NA,NA,NA,NA,NA,NA,NA,NA,NA,NA,NA,NA
Brown_et_al_2026,Tijuana,TJE12-01,64,65,TJE12-01_65,0.6771,0.059659846,NA,NA,NA,NA,NA,NA,NA,NA,NA,NA,NA,NA,NA,NA,NA,NA,NA,NA
Brown_et_al_2026,Tijuana,TJE12-01,65,66,TJE12-01_66,0.5982,0.061270802,NA,NA,NA,NA,NA,NA,NA,NA,NA,NA,NA,NA,NA,NA,NA,NA,NA,NA
Brown_et_al_2026,Tijuana,TJE12-01,66,67,TJE12-01_67,0.6825,0.079304939,NA,NA,NA,NA,NA,NA,NA,NA,NA,NA,NA,NA,NA,NA,NA,NA,NA,NA
Brown_et_al_2026,Tijuana,TJE12-01,67,68,TJE12-01_68,0.6921,0.068813295,NA,NA,NA,NA,NA,NA,NA,NA,NA,NA,NA,NA,NA,NA,NA,NA,NA,NA
Brown_et_al_2026,Tijuana,TJE12-01,68,69,TJE12-01_69,0.6746,0.068752465,NA,NA,NA,NA,NA,NA,NA,NA,NA,NA,NA,NA,NA,NA,NA,NA,NA,NA
Brown_et_al_2026,Tijuana,TJE12-01,69,70,TJE12-01_70,0.6918,0.069179143,NA,NA,NA,NA,NA,NA,NA,NA,NA,NA,NA,NA,NA,NA,NA,NA,NA,NA
Brown_et_al_2026,Tijuana,TJE12-01,70,71,TJE12-01_71,0.6497,0.075453546,NA,NA,NA,NA,NA,NA,NA,NA,NA,NA,NA,NA,NA,NA,NA,NA,NA,NA
Brown_et_al_2026,Tijuana,TJE12-01,71,72,TJE12-01_72,0.7199,0.069256547,NA,NA,NA,NA,NA,NA,NA,NA,NA,NA,NA,NA,NA,NA,NA,NA,NA,NA
Brown_et_al_2026,Tijuana,TJE12-01,72,73,TJE12-01_73,0.7286,0.059699655,NA,NA,NA,NA,NA,NA,NA,NA,NA,NA,NA,NA,NA,NA,NA,NA,NA,NA
Brown_et_al_2026,Tijuana,TJE12-01,73,74,TJE12-01_74,0.7151,0.061443351,NA,NA,NA,NA,NA,NA,NA,NA,NA,NA,NA,NA,NA,NA,NA,NA,NA,NA
Brown_et_al_2026,Tijuana,TJE12-01,74,75,TJE12-01_75,0.6843,0.065356909,NA,NA,NA,NA,NA,NA,NA,NA,NA,NA,NA,NA,NA,NA,NA,NA,NA,NA
Brown_et_al_2026,Tijuana,TJE12-01,75,76,TJE12-01_76,0.6369,0.073772791,NA,NA,NA,NA,NA,NA,NA,NA,NA,NA,NA,NA,NA,NA,NA,NA,NA,NA
Brown_et_al_2026,Tijuana,TJE12-01,76,77,TJE12-01_77,0.7317,0.074271199,NA,NA,NA,NA,NA,NA,NA,NA,NA,NA,NA,NA,NA,NA,NA,NA,NA,NA
Brown_et_al_2026,Tijuana,TJE12-01,77,78,TJE12-01_78,0.8044,0.078990856,NA,NA,NA,NA,NA,NA,NA,NA,NA,NA,NA,NA,NA,NA,NA,NA,NA,NA
Brown_et_al_2026,Tijuana,TJE12-01,78,79,TJE12-01_79,0.7646,0.067551963,NA,NA,NA,NA,NA,NA,NA,NA,NA,NA,NA,NA,NA,NA,NA,NA,NA,NA
Brown_et_al_2026,Tijuana,TJE12-01,79,80,TJE12-01_80,0.7261,0.066682832,NA,NA,NA,NA,NA,NA,NA,NA,NA,NA,NA,NA,NA,NA,NA,NA,NA,NA
Brown_et_al_2026,Tijuana,TJE12-01,80,81,TJE12-01_81,0.6208,0.066495434,NA,NA,NA,NA,NA,NA,NA,NA,NA,NA,NA,NA,NA,NA,NA,NA,NA,NA
Brown_et_al_2026,Tijuana,TJE12-01,81,82,TJE12-01_82,0.6626,0.083992616,NA,NA,NA,NA,NA,NA,NA,NA,NA,NA,NA,NA,NA,NA,NA,NA,NA,NA
Brown_et_al_2026,Tijuana,TJE12-01,82,83,TJE12-01_83,0.7104,0.078154308,NA,NA,NA,NA,NA,NA,NA,NA,NA,NA,NA,NA,NA,NA,NA,NA,NA,NA
Brown_et_al_2026,Tijuana,TJE12-01,83,84,TJE12-01_84,0.7266,0.071698113,NA,NA,NA,NA,NA,NA,NA,NA,NA,NA,NA,NA,NA,NA,NA,NA,NA,NA
Brown_et_al_2026,Tijuana,TJE12-01,84,85,TJE12-01_85,0.6928,0.086772287,NA,NA,NA,NA,NA,NA,NA,NA,NA,NA,NA,NA,NA,NA,NA,NA,NA,NA
Brown_et_al_2026,Tijuana,TJE12-01,85,86,TJE12-01_86,0.71,0.07387567,NA,NA,NA,NA,NA,NA,NA,NA,NA,NA,NA,NA,NA,NA,NA,NA,NA,NA
Brown_et_al_2026,Tijuana,TJE12-01,86,87,TJE12-01_87,0.6116,0.11170873,NA,NA,NA,NA,NA,NA,NA,NA,NA,NA,NA,NA,NA,NA,NA,NA,NA,NA
Brown_et_al_2026,Tijuana,TJE12-01,87,88,TJE12-01_88,0.6722,0.082996743,NA,NA,NA,NA,NA,NA,NA,NA,NA,NA,NA,NA,NA,NA,NA,NA,NA,NA
Brown_et_al_2026,Tijuana,TJE12-01,88,89,TJE12-01_89,0.7226,0.08910295,NA,NA,NA,NA,NA,NA,NA,NA,NA,NA,NA,NA,NA,NA,NA,NA,NA,NA
Brown_et_al_2026,Tijuana,TJE12-01,89,90,TJE12-01_90,0.7,0.089960239,NA,NA,NA,NA,NA,NA,NA,NA,NA,NA,NA,NA,NA,NA,NA,NA,NA,NA
Brown_et_al_2026,Tijuana,TJE12-01,90,91,TJE12-01_91,0.7424,0.077354522,NA,NA,NA,NA,NA,NA,NA,NA,NA,NA,NA,NA,NA,NA,NA,NA,NA,NA
Brown_et_al_2026,Tijuana,TJE12-01,91,92,TJE12-01_92,0.7333,0.066682543,NA,NA,NA,NA,NA,NA,NA,NA,NA,NA,NA,NA,NA,NA,NA,NA,NA,NA
Brown_et_al_2026,Tijuana,TJE12-01,92,93,TJE12-01_93,0.77,0.062223733,NA,NA,NA,NA,NA,NA,NA,NA,NA,NA,NA,NA,NA,NA,NA,NA,NA,NA
Brown_et_al_2026,Tijuana,TJE12-01,93,94,TJE12-01_94,0.701,0.058177278,NA,NA,NA,NA,NA,NA,NA,NA,NA,NA,NA,NA,NA,NA,NA,NA,NA,NA
Brown_et_al_2026,Tijuana,TJE12-01,94,95,TJE12-01_95,0.7116,0.067734442,NA,NA,NA,NA,NA,NA,NA,NA,NA,NA,NA,NA,NA,NA,NA,NA,NA,NA
Brown_et_al_2026,Tijuana,TJE12-01,95,96,TJE12-01_96,0.7813,0.062150682,NA,NA,NA,NA,NA,NA,NA,NA,NA,NA,NA,NA,NA,NA,NA,NA,NA,NA
Brown_et_al_2026,Tijuana,TJE12-01,96,97,TJE12-01_97,0.7466,0.061957287,NA,NA,NA,NA,NA,NA,NA,NA,NA,NA,NA,NA,NA,NA,NA,NA,NA,NA
Brown_et_al_2026,Tijuana,TJE12-01,97,98,TJE12-01_98,0.7684,0.063242448,NA,NA,NA,NA,NA,NA,NA,NA,NA,NA,NA,NA,NA,NA,NA,NA,NA,NA
Brown_et_al_2026,Tijuana,TJE12-01,98,99,TJE12-01_99,0.8645,0.067345499,NA,NA,NA,NA,NA,NA,NA,NA,NA,NA,NA,NA,NA,NA,NA,NA,NA,NA
Brown_et_al_2026,Tijuana,TJE12-01,99,100,TJE12-01_100,0.6031,0.07199424,NA,NA,NA,NA,NA,NA,NA,NA,NA,NA,NA,NA,NA,NA,NA,NA,NA,NA
Brown_et_al_2026,Tijuana,TJE12-01,143,144,TJE12-01_144,NA,NA,NA,NA,NA,NA,NA,NA,NA,NA,560,15,terrestrial,TJE12-01 144,0.9326,0.0013,-67.4,1.3,NA,NA
Brown_et_al_2026,Tijuana,TJE12-02,0,1,TJE12-02_1,0.4308,0.198932219,NA,NA,NA,NA,NA,NA,NA,NA,NA,NA,NA,NA,NA,NA,NA,NA,NA,NA
Brown_et_al_2026,Tijuana,TJE12-02,1,2,TJE12-02_2,0.5679,0.102306744,NA,NA,NA,NA,NA,NA,NA,NA,NA,NA,NA,NA,NA,NA,NA,NA,NA,NA
Brown_et_al_2026,Tijuana,TJE12-02,2,3,TJE12-02_3,0.4949,0.129925237,NA,NA,NA,NA,NA,NA,NA,NA,NA,NA,NA,NA,NA,NA,NA,NA,NA,NA
Brown_et_al_2026,Tijuana,TJE12-02,3,4,TJE12-02_4,0.5618,0.105909576,NA,NA,NA,NA,NA,NA,NA,NA,NA,NA,NA,NA,NA,NA,NA,NA,NA,NA
Brown_et_al_2026,Tijuana,TJE12-02,4,5,TJE12-02_5,0.5897,0.120230626,NA,NA,NA,NA,NA,NA,NA,NA,NA,NA,NA,NA,NA,NA,NA,NA,NA,NA
Brown_et_al_2026,Tijuana,TJE12-02,5,6,TJE12-02_6,0.515,0.119805825,NA,NA,NA,NA,NA,NA,NA,NA,NA,NA,NA,NA,NA,NA,NA,NA,NA,NA
Brown_et_al_2026,Tijuana,TJE12-02,6,7,TJE12-02_7,0.5082,0.138331366,NA,NA,NA,NA,NA,NA,NA,NA,NA,NA,NA,NA,NA,NA,NA,NA,NA,NA
Brown_et_al_2026,Tijuana,TJE12-02,7,8,TJE12-02_8,0.4785,0.136259143,NA,NA,NA,NA,NA,NA,NA,NA,NA,NA,NA,NA,NA,NA,NA,NA,NA,NA
Brown_et_al_2026,Tijuana,TJE12-02,8,9,TJE12-02_9,0.3776,0.19253178,NA,NA,NA,NA,NA,NA,NA,NA,NA,NA,NA,NA,NA,NA,NA,NA,NA,NA
Brown_et_al_2026,Tijuana,TJE12-02,9,10,TJE12-02_10,0.3845,0.143563069,NA,NA,NA,NA,NA,NA,NA,NA,NA,NA,NA,NA,NA,NA,NA,NA,NA,NA
Brown_et_al_2026,Tijuana,TJE12-02,10,11,TJE12-02_11,0.3787,0.156324267,NA,NA,NA,NA,NA,NA,NA,NA,NA,NA,NA,NA,NA,NA,NA,NA,NA,NA
Brown_et_al_2026,Tijuana,TJE12-02,11,12,TJE12-02_12,0.4415,0.129784825,NA,NA,NA,NA,NA,NA,NA,NA,NA,NA,NA,NA,NA,NA,NA,NA,NA,NA
Brown_et_al_2026,Tijuana,TJE12-02,12,13,TJE12-02_13,0.4343,0.140686162,NA,NA,NA,NA,NA,NA,NA,NA,NA,NA,NA,NA,NA,NA,NA,NA,NA,NA
Brown_et_al_2026,Tijuana,TJE12-02,13,14,TJE12-02_14,0.4173,0.153366882,NA,NA,NA,NA,NA,NA,NA,NA,NA,NA,NA,NA,NA,NA,NA,NA,NA,NA
Brown_et_al_2026,Tijuana,TJE12-02,14,15,TJE12-02_15,0.4752,0.126052189,NA,NA,NA,NA,NA,NA,NA,NA,NA,NA,NA,NA,NA,NA,NA,NA,NA,NA
Brown_et_al_2026,Tijuana,TJE12-02,15,16,TJE12-02_16,0.4904,0.114600326,NA,NA,NA,NA,NA,NA,NA,NA,NA,NA,NA,NA,NA,NA,NA,NA,NA,NA
Brown_et_al_2026,Tijuana,TJE12-02,16,17,TJE12-02_17,0.4996,0.129903923,NA,NA,NA,NA,NA,NA,NA,NA,NA,NA,NA,NA,NA,NA,NA,NA,NA,NA
Brown_et_al_2026,Tijuana,TJE12-02,17,18,TJE12-02_18,0.4659,0.116333977,NA,NA,NA,NA,NA,NA,NA,NA,NA,NA,NA,NA,NA,NA,NA,NA,NA,NA
Brown_et_al_2026,Tijuana,TJE12-02,18,19,TJE12-02_19,0.5057,0.117460945,NA,NA,NA,NA,NA,NA,NA,NA,NA,NA,NA,NA,NA,NA,NA,NA,NA,NA
Brown_et_al_2026,Tijuana,TJE12-02,19,20,TJE12-02_20,0.4163,0.136440067,NA,NA,NA,NA,NA,NA,NA,NA,NA,NA,NA,NA,NA,NA,NA,NA,NA,NA
Brown_et_al_2026,Tijuana,TJE12-02,20,21,TJE12-02_21,0.4862,0.13307281,NA,NA,NA,NA,NA,NA,NA,NA,NA,NA,NA,NA,NA,NA,NA,NA,NA,NA
Brown_et_al_2026,Tijuana,TJE12-02,21,22,TJE12-02_22,0.49,0.10755102,NA,NA,NA,NA,NA,NA,NA,NA,NA,NA,NA,NA,NA,NA,NA,NA,NA,NA
Brown_et_al_2026,Tijuana,TJE12-02,22,23,TJE12-02_23,0.4907,0.108416548,NA,NA,NA,NA,NA,NA,NA,NA,NA,NA,NA,NA,NA,NA,NA,NA,NA,NA
Brown_et_al_2026,Tijuana,TJE12-02,23,24,TJE12-02_24,0.5439,0.099282956,NA,NA,NA,NA,NA,NA,NA,NA,NA,NA,NA,NA,NA,NA,NA,NA,NA,NA
Brown_et_al_2026,Tijuana,TJE12-02,24,25,TJE12-02_25,0.6374,0.08126765,NA,NA,NA,NA,NA,NA,NA,NA,NA,NA,NA,NA,NA,NA,NA,NA,NA,NA
Brown_et_al_2026,Tijuana,TJE12-02,25,26,TJE12-02_26,0.5528,0.09406657,NA,NA,NA,NA,NA,NA,NA,NA,NA,NA,NA,NA,NA,NA,NA,NA,NA,NA
Brown_et_al_2026,Tijuana,TJE12-02,26,27,TJE12-02_27,0.5642,0.111662531,NA,NA,NA,NA,NA,NA,NA,NA,NA,NA,NA,NA,NA,NA,NA,NA,NA,NA
Brown_et_al_2026,Tijuana,TJE12-02,27,28,TJE12-02_28,0.5142,0.132633217,NA,NA,NA,NA,NA,NA,NA,NA,NA,NA,NA,NA,NA,NA,NA,NA,NA,NA
Brown_et_al_2026,Tijuana,TJE12-02,28,29,TJE12-02_29,0.5249,0.125357211,NA,NA,NA,NA,NA,NA,NA,NA,NA,NA,NA,NA,NA,NA,NA,NA,NA,NA
Brown_et_al_2026,Tijuana,TJE12-02,29,30,TJE12-02_30,0.4076,0.175171737,NA,NA,NA,NA,NA,NA,NA,NA,NA,NA,NA,NA,NA,NA,NA,NA,NA,NA
Brown_et_al_2026,Tijuana,TJE12-02,30,31,TJE12-02_31,0.4905,0.119062181,NA,NA,NA,NA,NA,NA,NA,NA,NA,NA,NA,NA,NA,NA,NA,NA,NA,NA
Brown_et_al_2026,Tijuana,TJE12-02,31,32,TJE12-02_32,0.5966,0.099396581,NA,NA,NA,NA,NA,NA,NA,NA,NA,NA,NA,NA,NA,NA,NA,NA,NA,NA
Brown_et_al_2026,Tijuana,TJE12-02,32,33,TJE12-02_33,0.5274,0.097648843,NA,NA,NA,NA,NA,NA,NA,NA,NA,NA,NA,NA,NA,NA,NA,NA,NA,NA
Brown_et_al_2026,Tijuana,TJE12-02,33,34,TJE12-02_34,0.5417,0.101347609,NA,NA,NA,NA,NA,NA,NA,NA,NA,NA,NA,NA,NA,NA,NA,NA,NA,NA
Brown_et_al_2026,Tijuana,TJE12-02,34,35,TJE12-02_35,0.7163,0.104565126,NA,NA,NA,NA,NA,NA,NA,NA,NA,NA,NA,NA,NA,NA,NA,NA,NA,NA
Brown_et_al_2026,Tijuana,TJE12-02,35,36,TJE12-02_36,0.6094,0.119461766,NA,NA,NA,NA,NA,NA,NA,NA,NA,NA,NA,NA,NA,NA,NA,NA,NA,NA
Brown_et_al_2026,Tijuana,TJE12-02,36,37,TJE12-02_37,0.5601,0.115693626,NA,NA,NA,NA,NA,NA,NA,NA,NA,NA,NA,NA,NA,NA,NA,NA,NA,NA
Brown_et_al_2026,Tijuana,TJE12-02,37,38,TJE12-02_38,0.559,0.116815742,NA,NA,NA,NA,NA,NA,NA,NA,NA,NA,NA,NA,NA,NA,NA,NA,NA,NA
Brown_et_al_2026,Tijuana,TJE12-02,38,39,TJE12-02_39,0.5472,0.126461988,NA,NA,NA,NA,NA,NA,NA,NA,NA,NA,NA,NA,NA,NA,NA,NA,NA,NA
Brown_et_al_2026,Tijuana,TJE12-02,39,40,TJE12-02_40,0.5891,0.123069088,NA,NA,NA,NA,NA,NA,NA,NA,NA,NA,NA,NA,NA,NA,NA,NA,NA,NA
Brown_et_al_2026,Tijuana,TJE12-02,40,41,TJE12-02_41,0.6638,0.107863814,NA,NA,NA,NA,NA,NA,NA,NA,NA,NA,NA,NA,NA,NA,NA,NA,NA,NA
Brown_et_al_2026,Tijuana,TJE12-02,41,42,TJE12-02_42,0.7071,0.109319757,NA,NA,NA,NA,NA,NA,NA,NA,NA,NA,NA,NA,NA,NA,NA,NA,NA,NA
Brown_et_al_2026,Tijuana,TJE12-02,42,43,TJE12-02_43,0.6363,0.106239195,NA,NA,NA,NA,NA,NA,NA,NA,NA,NA,NA,NA,NA,NA,NA,NA,NA,NA
Brown_et_al_2026,Tijuana,TJE12-02,43,44,TJE12-02_44,0.73,0.10109589,NA,NA,NA,NA,NA,NA,NA,NA,NA,NA,NA,NA,NA,NA,NA,NA,NA,NA
Brown_et_al_2026,Tijuana,TJE12-02,44,45,TJE12-02_45,0.641,0.099843994,NA,NA,NA,NA,NA,NA,NA,NA,NA,NA,NA,NA,NA,NA,NA,NA,NA,NA
Brown_et_al_2026,Tijuana,TJE12-02,45,46,TJE12-02_46,0.7724,0.085059555,NA,NA,NA,NA,NA,NA,NA,NA,NA,NA,NA,NA,NA,NA,NA,NA,NA,NA
Brown_et_al_2026,Tijuana,TJE12-02,46,47,TJE12-02_47,0.8352,0.07842433,NA,NA,NA,NA,NA,NA,NA,NA,NA,NA,NA,NA,NA,NA,NA,NA,NA,NA
Brown_et_al_2026,Tijuana,TJE12-02,47,48,TJE12-02_48,0.7182,0.099275968,NA,NA,NA,NA,NA,NA,NA,NA,NA,NA,NA,NA,NA,NA,NA,NA,NA,NA
Brown_et_al_2026,Tijuana,TJE12-02,48,49,TJE12-02_49,0.8858,0.080605103,NA,NA,NA,NA,NA,NA,NA,NA,NA,NA,NA,NA,NA,NA,NA,NA,NA,NA
Brown_et_al_2026,Tijuana,TJE12-02,49,50,TJE12-02_50,0.9121,0.081898915,NA,NA,NA,NA,NA,NA,NA,NA,NA,NA,NA,NA,NA,NA,NA,NA,NA,NA
Brown_et_al_2026,Tijuana,TJE12-02,50,51,TJE12-02_51,0.8925,0.082913165,NA,NA,NA,NA,NA,NA,NA,NA,NA,NA,NA,NA,NA,NA,NA,NA,NA,NA
Brown_et_al_2026,Tijuana,TJE12-02,51,52,TJE12-02_52,0.8594,0.082964859,NA,NA,NA,NA,NA,NA,NA,NA,NA,NA,NA,NA,NA,NA,NA,NA,NA,NA
Brown_et_al_2026,Tijuana,TJE12-02,52,53,TJE12-02_53,0.804,0.083457711,NA,NA,NA,NA,NA,NA,NA,NA,NA,NA,NA,NA,NA,NA,NA,NA,NA,NA
Brown_et_al_2026,Tijuana,TJE12-02,53,54,TJE12-02_54,0.9077,0.083507767,NA,NA,NA,NA,NA,NA,NA,NA,NA,NA,NA,NA,NA,NA,NA,NA,NA,NA
Brown_et_al_2026,Tijuana,TJE12-02,54,55,TJE12-02_55,0.8795,0.080727686,NA,NA,NA,NA,NA,NA,NA,NA,NA,NA,NA,NA,NA,NA,NA,NA,NA,NA
Brown_et_al_2026,Tijuana,TJE12-02,55,56,TJE12-02_56,0.9745,0.082093381000000007,NA,NA,NA,NA,NA,NA,NA,NA,NA,NA,NA,NA,NA,NA,NA,NA,NA,NA
Brown_et_al_2026,Tijuana,TJE12-02,56,57,TJE12-02_57,0.9393,0.080379006,NA,NA,NA,NA,NA,NA,NA,NA,NA,NA,NA,NA,NA,NA,NA,NA,NA,NA
Brown_et_al_2026,Tijuana,TJE12-02,57,58,TJE12-02_58,0.864,0.083564815,NA,NA,NA,NA,NA,NA,NA,NA,NA,NA,NA,NA,NA,NA,NA,NA,NA,NA
Brown_et_al_2026,Tijuana,TJE12-02,58,59,TJE12-02_59,0.8408,0.076712655,NA,NA,NA,NA,NA,NA,NA,NA,NA,NA,NA,NA,NA,NA,NA,NA,NA,NA
Brown_et_al_2026,Tijuana,TJE12-02,59,60,TJE12-02_60,0.8506,0.089701387,NA,NA,NA,NA,NA,NA,NA,NA,NA,NA,NA,NA,NA,NA,NA,NA,NA,NA
Brown_et_al_2026,Tijuana,TJE12-02,60,61,TJE12-02_61,1.0675,0.076440281,NA,NA,NA,NA,NA,NA,NA,NA,NA,NA,NA,NA,NA,NA,NA,NA,NA,NA
Brown_et_al_2026,Tijuana,TJE12-02,61,62,TJE12-02_62,0.9341,0.074296114,NA,NA,NA,NA,NA,NA,NA,NA,NA,NA,NA,NA,NA,NA,NA,NA,NA,NA
Brown_et_al_2026,Tijuana,TJE12-02,62,63,TJE12-02_63,0.8522,0.085777986,NA,NA,NA,NA,NA,NA,NA,NA,NA,NA,NA,NA,NA,NA,NA,NA,NA,NA
Brown_et_al_2026,Tijuana,TJE12-02,63,64,TJE12-02_64,0.902,0.088359202,NA,NA,NA,NA,NA,NA,NA,NA,NA,NA,NA,NA,NA,NA,NA,NA,NA,NA
Brown_et_al_2026,Tijuana,TJE12-02,64,65,TJE12-02_65,0.8612,0.081514166,NA,NA,NA,NA,NA,NA,NA,NA,NA,NA,NA,NA,NA,NA,NA,NA,NA,NA
Brown_et_al_2026,Tijuana,TJE12-02,65,66,TJE12-02_66,0.8474,0.083667689,NA,NA,NA,NA,NA,NA,NA,NA,NA,NA,NA,NA,NA,NA,NA,NA,NA,NA
Brown_et_al_2026,Tijuana,TJE12-02,66,67,TJE12-02_67,0.8445,0.085849615,NA,NA,NA,NA,NA,NA,NA,NA,NA,NA,NA,NA,NA,NA,NA,NA,NA,NA
Brown_et_al_2026,Tijuana,TJE12-02,67,68,TJE12-02_68,0.8743,0.081665332,NA,NA,NA,NA,NA,NA,NA,NA,NA,NA,NA,NA,NA,NA,NA,NA,NA,NA
Brown_et_al_2026,Tijuana,TJE12-02,68,69,TJE12-02_69,0.8849,0.081026105,NA,NA,NA,NA,NA,NA,NA,NA,NA,NA,NA,NA,NA,NA,NA,NA,NA,NA
Brown_et_al_2026,Tijuana,TJE12-02,69,70,TJE12-02_70,0.8724,0.082530949,NA,NA,NA,NA,NA,NA,NA,NA,NA,NA,NA,NA,NA,NA,NA,NA,NA,NA
Brown_et_al_2026,Tijuana,TJE12-02,70,71,TJE12-02_71,0.7851,0.082409884,NA,NA,NA,NA,NA,NA,NA,NA,NA,NA,NA,NA,NA,NA,NA,NA,NA,NA
Brown_et_al_2026,Tijuana,TJE12-02,71,72,TJE12-02_72,0.8197,0.090520922,NA,NA,NA,NA,NA,NA,NA,NA,NA,NA,NA,NA,NA,NA,NA,NA,NA,NA
Brown_et_al_2026,Tijuana,TJE12-02,72,73,TJE12-02_73,0.7177,0.089452417,NA,NA,NA,NA,NA,NA,NA,NA,NA,NA,NA,NA,NA,NA,NA,NA,NA,NA
Brown_et_al_2026,Tijuana,TJE12-02,73,74,TJE12-02_74,0.7092,0.092075578,NA,NA,NA,NA,NA,NA,NA,NA,NA,NA,NA,NA,NA,NA,NA,NA,NA,NA
Brown_et_al_2026,Tijuana,TJE12-02,74,75,TJE12-02_75,0.7509,0.099214276,NA,NA,NA,NA,NA,NA,NA,NA,NA,NA,NA,NA,NA,NA,NA,NA,NA,NA
Brown_et_al_2026,Tijuana,TJE12-02,75,76,TJE12-02_76,0.8355,0.107600239,NA,NA,NA,NA,NA,NA,NA,NA,NA,NA,NA,NA,NA,NA,NA,NA,NA,NA
Brown_et_al_2026,Tijuana,TJE12-02,76,77,TJE12-02_77,0.8244,0.146166909,NA,NA,NA,NA,NA,NA,NA,NA,NA,NA,NA,NA,NA,NA,NA,NA,NA,NA
Brown_et_al_2026,Tijuana,TJE12-02,77,78,TJE12-02_78,0.8766,0.154574492,NA,NA,NA,NA,NA,NA,NA,NA,NA,NA,NA,NA,NA,NA,NA,NA,NA,NA
Brown_et_al_2026,Tijuana,TJE12-02,78,79,TJE12-02_79,0.8208,0.168128655,NA,NA,NA,NA,NA,NA,NA,NA,NA,NA,NA,NA,NA,NA,NA,NA,NA,NA
Brown_et_al_2026,Tijuana,TJE12-02,79,80,TJE12-02_80,0.7626,0.158143194,NA,NA,NA,NA,NA,NA,NA,NA,NA,NA,NA,NA,NA,NA,NA,NA,NA,NA
Brown_et_al_2026,Tijuana,TJE12-02,80,81,TJE12-02_81,0.8716,0.150642497,NA,NA,NA,NA,NA,NA,NA,NA,NA,NA,NA,NA,NA,NA,NA,NA,NA,NA
Brown_et_al_2026,Tijuana,TJE12-03,0,1,TJE12-03_1,0.4789,0.194403842,NA,NA,NA,NA,NA,NA,NA,NA,NA,NA,NA,NA,NA,NA,NA,NA,NA,NA
Brown_et_al_2026,Tijuana,TJE12-03,1,2,TJE12-03_2,0.5136,0.129672897,NA,NA,NA,NA,NA,NA,NA,NA,NA,NA,NA,NA,NA,NA,NA,NA,NA,NA
Brown_et_al_2026,Tijuana,TJE12-03,2,3,TJE12-03_3,0.4732,0.107142857,NA,NA,NA,NA,NA,NA,NA,NA,NA,NA,NA,NA,NA,NA,NA,NA,NA,NA
Brown_et_al_2026,Tijuana,TJE12-03,3,4,TJE12-03_4,0.3102,0.21179884,0.69,0.46,3.6537,2.5277,7.63,2.46,NA,NA,NA,NA,NA,NA,NA,NA,NA,NA,NA,0.26
Brown_et_al_2026,Tijuana,TJE12-03,4,5,TJE12-03_5,0.3903,0.14066103,NA,NA,NA,NA,NA,NA,NA,NA,NA,NA,NA,NA,NA,NA,NA,NA,NA,NA
Brown_et_al_2026,Tijuana,TJE12-03,5,6,TJE12-03_6,0.471,0.141613588,NA,NA,NA,NA,NA,NA,NA,NA,NA,NA,NA,NA,NA,NA,NA,NA,NA,NA
Brown_et_al_2026,Tijuana,TJE12-03,6,7,TJE12-03_7,0.4898,0.136178032,NA,NA,NA,NA,NA,NA,NA,NA,NA,NA,NA,NA,NA,NA,NA,NA,NA,NA
Brown_et_al_2026,Tijuana,TJE12-03,7,8,TJE12-03_8,0.3109,0.166934706,1.02,0.52,5.966,2.6863,8.67,2.62,NA,NA,NA,NA,NA,NA,NA,NA,NA,NA,0.06,0.28
Brown_et_al_2026,Tijuana,TJE12-03,8,9,TJE12-03_9,0.5042,0.077350258,NA,NA,NA,NA,NA,NA,NA,NA,NA,NA,NA,NA,NA,NA,NA,NA,NA,NA
Brown_et_al_2026,Tijuana,TJE12-03,9,10,TJE12-03_10,0.5944,0.099259758,NA,NA,NA,NA,NA,NA,NA,NA,NA,NA,NA,NA,NA,NA,NA,NA,NA,NA
Brown_et_al_2026,Tijuana,TJE12-03,10,11,TJE12-03_11,0.3627,0.157154673,NA,NA,NA,NA,NA,NA,NA,NA,NA,NA,NA,NA,NA,NA,NA,NA,NA,NA
Brown_et_al_2026,Tijuana,TJE12-03,11,12,TJE12-03_12,0.6073,0.088094846,1.28,0.49,2.2084,2.5455,6.44,2.48,NA,NA,NA,NA,NA,NA,NA,NA,NA,NA,NA,0.25
Brown_et_al_2026,Tijuana,TJE12-03,12,13,TJE12-03_13,0.3778,0.151402859,NA,NA,NA,NA,NA,NA,NA,NA,NA,NA,NA,NA,NA,NA,NA,NA,NA,NA
Brown_et_al_2026,Tijuana,TJE12-03,13,14,TJE12-03_14,0.3522,0.189664963,NA,NA,NA,NA,NA,NA,NA,NA,NA,NA,NA,NA,NA,NA,NA,NA,NA,NA
Brown_et_al_2026,Tijuana,TJE12-03,14,15,TJE12-03_15,0.3637,0.199065164,NA,NA,NA,NA,NA,NA,NA,NA,NA,NA,NA,NA,NA,NA,NA,NA,NA,NA
Brown_et_al_2026,Tijuana,TJE12-03,15,16,TJE12-03_16,0.2319,0.257438551,1.25,0.52,2.0263,2.5766,4.58,2.5,NA,NA,NA,NA,NA,NA,NA,NA,NA,NA,0.06,0.28
Brown_et_al_2026,Tijuana,TJE12-03,16,17,TJE12-03_17,0.3888,0.175925926,NA,NA,NA,NA,NA,NA,NA,NA,NA,NA,NA,NA,NA,NA,NA,NA,NA,NA
Brown_et_al_2026,Tijuana,TJE12-03,17,18,TJE12-03_18,0.432,0.146064815,NA,NA,NA,NA,NA,NA,NA,NA,NA,NA,NA,NA,NA,NA,NA,NA,NA,NA
Brown_et_al_2026,Tijuana,TJE12-03,18,19,TJE12-03_19,0.3574,0.164241746,NA,NA,NA,NA,NA,NA,NA,NA,NA,NA,NA,NA,NA,NA,NA,NA,NA,NA
Brown_et_al_2026,Tijuana,TJE12-03,19,20,TJE12-03_20,0.5029,0.142175383,4.33,0.59,2.4271,2.518,5.16,2.45,NA,NA,NA,NA,NA,NA,NA,NA,NA,NA,NA,0.27
Brown_et_al_2026,Tijuana,TJE12-03,20,21,TJE12-03_21,0.3854,0.2176959,NA,NA,NA,NA,NA,NA,NA,NA,NA,NA,NA,NA,NA,NA,NA,NA,NA,NA
Brown_et_al_2026,Tijuana,TJE12-03,21,22,TJE12-03_22,0.2668,0.229010495,NA,NA,NA,NA,NA,NA,NA,NA,NA,NA,NA,NA,NA,NA,NA,NA,NA,NA
Brown_et_al_2026,Tijuana,TJE12-03,22,23,TJE12-03_23,0.3478,0.202415181,NA,NA,NA,NA,NA,NA,NA,NA,NA,NA,NA,NA,NA,NA,NA,NA,NA,NA
Brown_et_al_2026,Tijuana,TJE12-03,23,24,TJE12-03_24,0.9923,0.056232994,0.2,0.55,0.5441,2.9432,6.92,2.85,NA,NA,NA,NA,NA,NA,NA,NA,NA,NA,NA,0.3
Brown_et_al_2026,Tijuana,TJE12-03,24,25,TJE12-03_25,0.4124,0.206353055,NA,NA,NA,NA,NA,NA,NA,NA,NA,NA,NA,NA,NA,NA,NA,NA,NA,NA
Brown_et_al_2026,Tijuana,TJE12-03,25,26,TJE12-03_26,0.522,0.138314176,NA,NA,NA,NA,NA,NA,NA,NA,NA,NA,NA,NA,NA,NA,NA,NA,NA,NA
Brown_et_al_2026,Tijuana,TJE12-03,26,27,TJE12-03_27,0.5498,0.132048018,NA,NA,NA,NA,NA,NA,NA,NA,NA,NA,NA,NA,NA,NA,NA,NA,NA,NA
Brown_et_al_2026,Tijuana,TJE12-03,27,28,TJE12-03_28,0.7937,0.087816555,0.72,0.52,0,2.7294,2.8,2.65,NA,NA,NA,NA,NA,NA,NA,NA,NA,NA,NA,0.3
Brown_et_al_2026,Tijuana,TJE12-03,28,29,TJE12-03_29,0.7768,0.08715242,NA,NA,NA,NA,NA,NA,NA,NA,NA,NA,NA,NA,NA,NA,NA,NA,NA,NA
Brown_et_al_2026,Tijuana,TJE12-03,29,30,TJE12-03_30,0.5811,0.11942867,NA,NA,NA,NA,NA,NA,NA,NA,NA,NA,NA,NA,NA,NA,NA,NA,NA,NA
Brown_et_al_2026,Tijuana,TJE12-03,30,31,TJE12-03_31,0.7806,0.069818089,NA,NA,NA,NA,NA,NA,NA,NA,NA,NA,NA,NA,NA,NA,NA,NA,NA,NA
Brown_et_al_2026,Tijuana,TJE12-03,31,32,TJE12-03_32,0.5593,0.105846594,NA,NA,NA,NA,NA,NA,NA,NA,NA,NA,NA,NA,NA,NA,NA,NA,NA,NA
Brown_et_al_2026,Tijuana,TJE12-03,32,33,TJE12-03_33,0.6109,0.093959732,NA,NA,NA,NA,NA,NA,NA,NA,NA,NA,NA,NA,NA,NA,NA,NA,NA,NA
Brown_et_al_2026,Tijuana,TJE12-03,33,34,TJE12-03_34,0.9933,0.059800664,NA,NA,NA,NA,NA,NA,NA,NA,NA,NA,NA,NA,NA,NA,NA,NA,NA,NA
Brown_et_al_2026,Tijuana,TJE12-03,34,35,TJE12-03_35,1.3584,0.033200825,NA,NA,NA,NA,NA,NA,NA,NA,NA,NA,NA,NA,NA,NA,NA,NA,NA,NA
Brown_et_al_2026,Tijuana,TJE12-03,35,36,TJE12-03_36,0.9016,0.062444543,NA,NA,NA,NA,NA,NA,NA,NA,NA,NA,NA,NA,NA,NA,NA,NA,NA,NA
Brown_et_al_2026,Tijuana,TJE12-03,36,37,TJE12-03_37,1.1011,0.047770411,NA,NA,NA,NA,NA,NA,NA,NA,NA,NA,NA,NA,NA,NA,NA,NA,NA,NA
Brown_et_al_2026,Tijuana,TJE12-03,37,38,TJE12-03_38,1.3494,0.036164221,NA,NA,NA,NA,NA,NA,NA,NA,NA,NA,NA,NA,NA,NA,NA,NA,NA,NA
Brown_et_al_2026,Tijuana,TJE12-03,38,39,TJE12-03_39,1.3715,0.029165148,NA,NA,NA,NA,NA,NA,NA,NA,NA,NA,NA,NA,NA,NA,NA,NA,NA,NA
Brown_et_al_2026,Tijuana,TJE12-03,39,40,TJE12-03_40,1.4017,0.018762931,NA,NA,NA,NA,NA,NA,NA,NA,NA,NA,NA,NA,NA,NA,NA,NA,NA,NA
Brown_et_al_2026,Tijuana,TJE12-03,40,41,TJE12-03_41,1.826,0.019769989,NA,NA,NA,NA,NA,NA,NA,NA,NA,NA,NA,NA,NA,NA,NA,NA,NA,NA
Brown_et_al_2026,Tijuana,TJE12-03,41,42,TJE12-03_42,1.734,0.020991926,NA,NA,NA,NA,NA,NA,NA,NA,NA,NA,NA,NA,NA,NA,NA,NA,NA,NA
Brown_et_al_2026,Tijuana,TJE12-03,42,43,TJE12-03_43,1.6599,0.019639737,NA,NA,NA,NA,NA,NA,NA,NA,NA,NA,NA,NA,NA,NA,NA,NA,NA,NA
Brown_et_al_2026,Tijuana,TJE12-03,43,44,TJE12-03_44,1.6486,0.020016984,NA,NA,NA,NA,NA,NA,NA,NA,NA,NA,NA,NA,NA,NA,NA,NA,NA,NA
Brown_et_al_2026,Tijuana,TJE12-03,44,45,TJE12-03_45,1.8834,0.017733886,NA,NA,NA,NA,NA,NA,NA,NA,NA,NA,NA,NA,NA,NA,NA,NA,NA,NA
Brown_et_al_2026,Tijuana,TJE12-03,45,46,TJE12-03_46,1.6127,0.017796242,NA,NA,NA,NA,NA,NA,NA,NA,NA,NA,NA,NA,NA,NA,NA,NA,NA,NA
Brown_et_al_2026,Tijuana,TJE12-03,46,47,TJE12-03_47,1.9342,0.018043636,NA,NA,NA,NA,NA,NA,NA,NA,NA,NA,NA,NA,NA,NA,NA,NA,NA,NA
Brown_et_al_2026,Tijuana,TJE12-03,47,48,TJE12-03_48,1.6592,0.017779653,NA,NA,NA,NA,NA,NA,NA,NA,NA,NA,NA,NA,NA,NA,NA,NA,NA,NA
Brown_et_al_2026,Tijuana,TJE12-03,48,49,TJE12-03_49,2.0423,0.016745826,NA,NA,NA,NA,NA,NA,NA,NA,NA,NA,NA,NA,NA,NA,NA,NA,NA,NA
Brown_et_al_2026,Tijuana,TJE12-03,49,50,TJE12-03_50,2.039,0.016871015,NA,NA,NA,NA,NA,NA,NA,NA,NA,NA,NA,NA,NA,NA,NA,NA,NA,NA
Brown_et_al_2026,Tijuana,TJE12-03,50,51,TJE12-03_51,1.7828,0.011723132,NA,NA,NA,NA,NA,NA,NA,NA,NA,NA,NA,NA,NA,NA,NA,NA,NA,NA
Brown_et_al_2026,Tijuana,TJE12-03,51,52,TJE12-03_52,1.6312,0.011954389,NA,NA,NA,NA,NA,NA,NA,NA,NA,NA,NA,NA,NA,NA,NA,NA,NA,NA
Brown_et_al_2026,Tijuana,TJE12-03,52,53,TJE12-03_53,1.7136,0.012313259,NA,NA,NA,NA,NA,NA,NA,NA,NA,NA,NA,NA,NA,NA,NA,NA,NA,NA
Brown_et_al_2026,Tijuana,TJE12-03,53,54,TJE12-03_54,1.9856,0.01254029,NA,NA,NA,NA,NA,NA,NA,NA,-980,50,terrestrial,TJE12-03 54cm A .044mgC,1.1303,0.0067,130.3,6.7,NA,NA
Brown_et_al_2026,Tijuana,TJE12-03,54,55,TJE12-03_55,1.9929,0.012343821,NA,NA,NA,NA,NA,NA,NA,NA,NA,NA,NA,NA,NA,NA,NA,NA,NA,NA
Brown_et_al_2026,Tijuana,TJE12-03,55,56,TJE12-03_56,2.0309,0.013146881,NA,NA,NA,NA,NA,NA,NA,NA,NA,NA,NA,NA,NA,NA,NA,NA,NA,NA
Brown_et_al_2026,Tijuana,TJE12-03,56,57,TJE12-03_57,1.8102,0.012374323,NA,NA,NA,NA,NA,NA,NA,NA,NA,NA,NA,NA,NA,NA,NA,NA,NA,NA
Brown_et_al_2026,Tijuana,TJE12-03,57,58,TJE12-03_58,1.6061,0.012701575,NA,NA,NA,NA,NA,NA,NA,NA,NA,NA,NA,NA,NA,NA,NA,NA,NA,NA
Brown_et_al_2026,Tijuana,TJE12-03,59,60,TJE12-03_60,1.8407,0.012440919,NA,NA,NA,NA,NA,NA,NA,NA,NA,NA,NA,NA,NA,NA,NA,NA,NA,NA
Brown_et_al_2026,Tijuana,TJE12-03,60,61,TJE12-03_61,1.6937,0.01316644,NA,NA,NA,NA,NA,NA,NA,NA,NA,NA,NA,NA,NA,NA,NA,NA,NA,NA
Brown_et_al_2026,Tijuana,TJE12-03,61,62,TJE12-03_62,1.8503,0.01297087,NA,NA,NA,NA,NA,NA,NA,NA,NA,NA,NA,NA,NA,NA,NA,NA,NA,NA
Brown_et_al_2026,Tijuana,TJE12-03,62,63,TJE12-03_63,1.8458,0.013652617,NA,NA,NA,NA,NA,NA,NA,NA,NA,NA,NA,NA,NA,NA,NA,NA,NA,NA
Brown_et_al_2026,Tijuana,TJE12-03,63,64,TJE12-03_64,1.772,0.014672686,NA,NA,NA,NA,NA,NA,NA,NA,NA,NA,NA,NA,NA,NA,NA,NA,NA,NA
Brown_et_al_2026,Tijuana,TJE12-03,64,65,TJE12-03_65,1.764,0.014739229,NA,NA,NA,NA,NA,NA,NA,NA,NA,NA,NA,NA,NA,NA,NA,NA,NA,NA
Brown_et_al_2026,Tijuana,TJE12-03,65,66,TJE12-03_66,1.8006,0.014883928,NA,NA,NA,NA,NA,NA,NA,NA,NA,NA,NA,NA,NA,NA,NA,NA,NA,NA
Brown_et_al_2026,Tijuana,TJE12-03,66,67,TJE12-03_67,1.9011,0.015990742,NA,NA,NA,NA,NA,NA,NA,NA,NA,NA,NA,NA,NA,NA,NA,NA,NA,NA
Brown_et_al_2026,Tijuana,TJE12-03,67,68,TJE12-03_68,1.4059,0.0167864,NA,NA,NA,NA,NA,NA,NA,NA,NA,NA,NA,NA,NA,NA,NA,NA,NA,NA
Brown_et_al_2026,Tijuana,TJE12-03,68,69,TJE12-03_69,1.9712,0.016284497,NA,NA,NA,NA,NA,NA,NA,NA,NA,NA,NA,NA,NA,NA,NA,NA,NA,NA
Brown_et_al_2026,Tijuana,TJE12-03,69,70,TJE12-03_70,1.7831,0.020413886,NA,NA,NA,NA,NA,NA,NA,NA,NA,NA,NA,NA,NA,NA,NA,NA,NA,NA
Brown_et_al_2026,Tijuana,TJE12-03,70,71,TJE12-03_71,1.1768,0.023368457,NA,NA,NA,NA,NA,NA,NA,NA,NA,NA,NA,NA,NA,NA,NA,NA,NA,NA
Brown_et_al_2026,Tijuana,TJE12-03,71,72,TJE12-03_72,1.4775,0.016514382,NA,NA,NA,NA,NA,NA,NA,NA,NA,NA,NA,NA,NA,NA,NA,NA,NA,NA
Brown_et_al_2026,Tijuana,TJE12-03,72,73,TJE12-03_73,1.7798,0.017024385,NA,NA,NA,NA,NA,NA,NA,NA,NA,NA,NA,NA,NA,NA,NA,NA,NA,NA
Brown_et_al_2026,Tijuana,TJE12-03,73,74,TJE12-03_74,1.8796,0.016599276,NA,NA,NA,NA,NA,NA,NA,NA,NA,NA,NA,NA,NA,NA,NA,NA,NA,NA
Brown_et_al_2026,Tijuana,TJE12-03,74,75,TJE12-03_75,1.7315,0.017961305,NA,NA,NA,NA,NA,NA,NA,NA,NA,NA,NA,NA,NA,NA,NA,NA,NA,NA
Brown_et_al_2026,Tijuana,TJE12-03,75,76,TJE12-03_76,1.6639,0.017188533,NA,NA,NA,NA,NA,NA,NA,NA,NA,NA,NA,NA,NA,NA,NA,NA,NA,NA
Brown_et_al_2026,Tijuana,TJE12-03,76,77,TJE12-03_77,1.916,0.01894572,NA,NA,NA,NA,NA,NA,NA,NA,NA,NA,NA,NA,NA,NA,NA,NA,NA,NA
Brown_et_al_2026,Tijuana,TJE12-03,77,78,TJE12-03_78,1.824,0.017653509,NA,NA,NA,NA,NA,NA,NA,NA,NA,NA,NA,NA,NA,NA,NA,NA,NA,NA
Brown_et_al_2026,Tijuana,TJE12-03,78,79,TJE12-03_79,1.7142,0.017559211,NA,NA,NA,NA,NA,NA,NA,NA,NA,NA,NA,NA,NA,NA,NA,NA,NA,NA
Brown_et_al_2026,Tijuana,TJE12-03,79,80,TJE12-03_80,1.3322,0.021017865,NA,NA,NA,NA,NA,NA,NA,NA,NA,NA,NA,NA,NA,NA,NA,NA,NA,NA
Brown_et_al_2026,Tijuana,TJE12-03,80,81,TJE12-03_81,1.9301,0.019221802,NA,NA,NA,NA,NA,NA,NA,NA,NA,NA,NA,NA,NA,NA,NA,NA,NA,NA
Brown_et_al_2026,Tijuana,TJE12-03,81,82,TJE12-03_82,1.4533,0.020298631,NA,NA,NA,NA,NA,NA,NA,NA,NA,NA,NA,NA,NA,NA,NA,NA,NA,NA
Brown_et_al_2026,Tijuana,TJE12-03,82,83,TJE12-03_83,1.4082,0.020025565,NA,NA,NA,NA,NA,NA,NA,NA,NA,NA,NA,NA,NA,NA,NA,NA,NA,NA
Brown_et_al_2026,Tijuana,TJE12-03,88,89,TJE12-03_89,2.1074,0.017889342,NA,NA,NA,NA,NA,NA,NA,NA,NA,NA,NA,NA,NA,NA,NA,NA,NA,NA
Brown_et_al_2026,Tijuana,TJE12-03,89,90,TJE12-03_90,1.8372,0.0182887,NA,NA,NA,NA,NA,NA,NA,NA,NA,NA,NA,NA,NA,NA,NA,NA,NA,NA
Brown_et_al_2026,Tijuana,TJE12-03,90,91,TJE12-03_91,2.1388,0.017533196,NA,NA,NA,NA,NA,NA,NA,NA,NA,NA,NA,NA,NA,NA,NA,NA,NA,NA
Brown_et_al_2026,Tijuana,TJE12-03,91,92,TJE12-03_92,1.7502,0.01851217,NA,NA,NA,NA,NA,NA,NA,NA,NA,NA,NA,NA,NA,NA,NA,NA,NA,NA
Brown_et_al_2026,Tijuana,TJE12-03,92,93,TJE12-03_93,1.8294,0.017929376,NA,NA,NA,NA,NA,NA,NA,NA,NA,NA,NA,NA,NA,NA,NA,NA,NA,NA
Brown_et_al_2026,Tijuana,TJE12-03,93,94,TJE12-03_94,2.0733,0.016784836,NA,NA,NA,NA,NA,NA,NA,NA,NA,NA,NA,NA,NA,NA,NA,NA,NA,NA
Brown_et_al_2026,Tijuana,TJE12-04,53,54,TJE12-04_54,NA,NA,NA,NA,NA,NA,NA,NA,NA,NA,-3000,90,terrestrial,TJE12-04 54cm .025mgC,1.4546,0.0154,454.6,15.4,NA,NA
Brown_et_al_2026,Tijuana,TJE12-04,73,74,TJE12-04_74,NA,NA,NA,NA,NA,NA,NA,NA,NA,NA,-530,30,terrestrial,TJE12-04 74cm A .085mgC,1.0686,0.0035,68.6,3.5,NA,NA
Brown_et_al_2026,Tijuana,TJE12-06,0,1,TJE12-06_1,0.6392,0.147371715,NA,NA,NA,NA,NA,NA,NA,NA,NA,NA,NA,NA,NA,NA,NA,NA,NA,NA
Brown_et_al_2026,Tijuana,TJE12-06,1,2,TJE12-06_2,0.3476,0.356731876,4.37528329,1.28560312,64.84543129,11.9598809,76.81447977,10.79211699,16.3037907,2.843348343,NA,NA,NA,NA,NA,NA,NA,NA,NA,NA
Brown_et_al_2026,Tijuana,TJE12-06,2,3,TJE12-06_3,0.3826,0.274960795,2.555442949,2.204600042,61.89470162,12.24327899,75.8240023,10.67558155,18.6049381,3.760070246,NA,NA,NA,NA,NA,NA,NA,NA,NA,NA
Brown_et_al_2026,Tijuana,TJE12-06,3,4,TJE12-06_4,0.3642,0.388248215,8.970857414,0.588334992,58.76244591,4.552733268,65.0960394,3.740397425,12.87585706,1.542206493,NA,NA,NA,NA,NA,NA,NA,NA,NA,NA
Brown_et_al_2026,Tijuana,TJE12-06,4,5,TJE12-06_5,0.4005,0.246441948,NA,NA,NA,NA,NA,NA,NA,NA,NA,NA,NA,NA,NA,NA,NA,NA,NA,NA
Brown_et_al_2026,Tijuana,TJE12-06,5,6,TJE12-06_6,0.5066,0.162258192,18.9548473,0.802550772,25.96654286,4.973976382,41.40642211,3.914472678,18.33673118,2.05064054,NA,NA,NA,NA,NA,NA,NA,NA,NA,NA
Brown_et_al_2026,Tijuana,TJE12-06,6,7,TJE12-06_7,0.6348,0.146975425,3.597158635,1.293720563,9.57672765,8.343600095,34.39694508,7.040985403,25.53989283,3.157581337,NA,NA,NA,NA,NA,NA,NA,NA,NA,NA
Brown_et_al_2026,Tijuana,TJE12-06,7,8,TJE12-06_8,1.2486,0.052859202,3.137979917,0.6514786,2.293493255,6.137048593,22.63670421,5.177544048,20.4961605,2.449587944,NA,NA,NA,NA,NA,NA,NA,NA,NA,NA
Brown_et_al_2026,Tijuana,TJE12-06,8,9,TJE12-06_9,1.2714,0.047821299,NA,NA,NA,NA,NA,NA,NA,NA,NA,NA,NA,NA,NA,NA,NA,NA,NA,NA
Brown_et_al_2026,Tijuana,TJE12-06,9,10,TJE12-06_10,1.3822,0.030820431,NA,NA,NA,NA,NA,NA,NA,NA,NA,NA,NA,NA,NA,NA,NA,NA,NA,NA
Brown_et_al_2026,Tijuana,TJE12-06,10,11,TJE12-06_11,1.5431,0.020867086,0.882675782,0.550325233,-10.35578605,3.955398348,11.95314339,2.796729063,21.52500541,2.354672496,NA,NA,NA,NA,NA,NA,NA,NA,NA,NA
Brown_et_al_2026,Tijuana,TJE12-06,11,12,TJE12-06_12,1.9346,0.023053861,0.828470565,0.286385534,-2.528481601,3.511584266,17.44783103,2.528671164,19.80648743,2.082359991,NA,NA,NA,NA,NA,NA,NA,NA,NA,NA
Brown_et_al_2026,Tijuana,TJE12-06,12,13,TJE12-06_13,1.9024,0.02191968,NA,NA,NA,NA,NA,NA,NA,NA,NA,NA,NA,NA,NA,NA,NA,NA,NA,NA
Brown_et_al_2026,Tijuana,TJE12-06,13,14,TJE12-06_14,1.7937,0.019791492,NA,NA,NA,NA,NA,NA,NA,NA,NA,NA,NA,NA,NA,NA,NA,NA,NA,NA
Brown_et_al_2026,Tijuana,TJE12-06,14,15,TJE12-06_15,1.6769,0.023197567,0.04340635,0.67077877,-4.876617648,5.653119272,18.71566819,4.44987915,23.22121259,2.734572863,NA,NA,NA,NA,NA,NA,NA,NA,NA,NA
Brown_et_al_2026,Tijuana,TJE12-06,15,16,TJE12-06_16,1.9473,0.02326298,0.374481044,0.397142035,-5.205726159,3.440180541,16.09934805,2.307231408,20.95130138,2.226573343,NA,NA,NA,NA,NA,NA,NA,NA,NA,NA
Brown_et_al_2026,Tijuana,TJE12-06,16,17,TJE12-06_17,1.5313,0.030301051,NA,NA,NA,NA,NA,NA,NA,NA,NA,NA,NA,NA,NA,NA,NA,NA,NA,NA
Brown_et_al_2026,Tijuana,TJE12-06,17,18,TJE12-06_18,1.822,0.027058178,NA,NA,NA,NA,NA,NA,NA,NA,NA,NA,NA,NA,NA,NA,NA,NA,NA,NA
Brown_et_al_2026,Tijuana,TJE12-06,18,19,TJE12-06_19,1.4509,0.030050314,NA,NA,NA,NA,NA,NA,NA,NA,NA,NA,NA,NA,NA,NA,NA,NA,NA,NA
Brown_et_al_2026,Tijuana,TJE12-06,19,20,TJE12-06_20,2.0694,0.019184305,0.898189711,0.29477256,-6.621890028,3.602380816,17.95222841,2.233687406,24.12778307,2.509451662,NA,NA,NA,NA,NA,NA,NA,NA,NA,NA
Brown_et_al_2026,Tijuana,TJE12-06,20,21,TJE12-06_21,2.138,0.018568756,NA,NA,NA,NA,NA,NA,NA,NA,NA,NA,NA,NA,NA,NA,NA,NA,NA,NA
Brown_et_al_2026,Tijuana,TJE12-06,21,22,TJE12-06_22,2.0467,0.018566473,NA,NA,NA,NA,NA,NA,NA,NA,NA,NA,NA,NA,NA,NA,NA,NA,NA,NA
Brown_et_al_2026,Tijuana,TJE12-06,22,23,TJE12-06_23,1.9834,0.019411112,NA,NA,NA,NA,NA,NA,NA,NA,NA,NA,NA,NA,NA,NA,NA,NA,NA,NA
Brown_et_al_2026,Tijuana,TJE12-06,23,24,TJE12-06_24,1.6958,0.019400873,1.057272425,0.385831176,-2.702940851,3.691532439,18.5814687,2.582509209,21.0998646,2.271726895,NA,NA,NA,NA,NA,NA,NA,NA,NA,NA
Brown_et_al_2026,Tijuana,TJE12-06,24,25,TJE12-06_25,2.2298,0.020270876,NA,NA,NA,NA,NA,NA,NA,NA,NA,NA,NA,NA,NA,NA,NA,NA,NA,NA
Brown_et_al_2026,Tijuana,TJE12-06,25,26,TJE12-06_26,1.7995,0.022561823,NA,NA,NA,NA,NA,NA,NA,NA,NA,NA,NA,NA,NA,NA,NA,NA,NA,NA
Brown_et_al_2026,Tijuana,TJE12-06,26,27,TJE12-06_27,1.7695,0.020288217,NA,NA,NA,NA,NA,NA,NA,NA,NA,NA,NA,NA,NA,NA,NA,NA,NA,NA
Brown_et_al_2026,Tijuana,TJE12-06,27,28,TJE12-06_28,1.7438,0.020357839,NA,NA,NA,NA,NA,NA,NA,NA,NA,NA,NA,NA,NA,NA,NA,NA,NA,NA
Brown_et_al_2026,Tijuana,TJE12-06,28,29,TJE12-06_29,1.8612,0.02154524,NA,NA,NA,NA,NA,NA,NA,NA,NA,NA,NA,NA,NA,NA,NA,NA,NA,NA
Brown_et_al_2026,Tijuana,TJE12-06,29,30,TJE12-06_30,1.8522,0.018410539,NA,NA,NA,NA,NA,NA,NA,NA,NA,NA,NA,NA,NA,NA,NA,NA,NA,NA
Brown_et_al_2026,Tijuana,TJE12-06,30,31,TJE12-06_31,2.0458,0.019552253,0.118999919,0.66562007,1.635829783,4.501366506,20.23119361,3.499105814,18.71958069,2.249034323,NA,NA,NA,NA,NA,NA,NA,NA,NA,NA
Brown_et_al_2026,Tijuana,TJE12-06,31,32,TJE12-06_32,1.7602,0.019259175,NA,NA,NA,NA,NA,NA,NA,NA,NA,NA,NA,NA,NA,NA,NA,NA,NA,NA
Brown_et_al_2026,Tijuana,TJE12-06,32,33,TJE12-06_33,1.5607,0.020183251,NA,NA,NA,NA,NA,NA,NA,NA,NA,NA,NA,NA,NA,NA,NA,NA,NA,NA
Brown_et_al_2026,Tijuana,TJE12-06,33,34,TJE12-06_34,1.9111,0.017476846,NA,NA,NA,NA,NA,NA,NA,NA,NA,NA,NA,NA,NA,NA,NA,NA,NA,NA
Brown_et_al_2026,Tijuana,TJE12-06,34,35,TJE12-06_35,2.2974,0.01958736,NA,NA,NA,NA,NA,NA,NA,NA,NA,NA,NA,NA,NA,NA,NA,NA,NA,NA
Brown_et_al_2026,Tijuana,TJE12-06,35,36,TJE12-06_36,1.9761,0.018318911,NA,NA,NA,NA,NA,NA,NA,NA,NA,NA,NA,NA,NA,NA,NA,NA,NA,NA
Brown_et_al_2026,Tijuana,TJE12-06,36,37,TJE12-06_37,2.0021,0.018480595,NA,NA,NA,NA,NA,NA,NA,NA,NA,NA,NA,NA,NA,NA,NA,NA,NA,NA
Brown_et_al_2026,Tijuana,TJE12-06,37,38,TJE12-06_38,1.8888,0.019589157,NA,NA,NA,NA,NA,NA,NA,NA,NA,NA,NA,NA,NA,NA,NA,NA,NA,NA
Brown_et_al_2026,Tijuana,TJE12-06,38,39,TJE12-06_39,2.2607,0.019772637,NA,NA,NA,NA,NA,NA,NA,NA,NA,NA,NA,NA,NA,NA,NA,NA,NA,NA
Brown_et_al_2026,Tijuana,TJE12-06,39,40,TJE12-06_40,1.7831,0.021199035,NA,NA,NA,NA,NA,NA,NA,NA,NA,NA,NA,NA,NA,NA,NA,NA,NA,NA
Brown_et_al_2026,Tijuana,TJE12-06,40,41,TJE12-06_41,2.034,0.020747296,NA,NA,NA,NA,NA,NA,NA,NA,NA,NA,NA,NA,NA,NA,NA,NA,NA,NA
Brown_et_al_2026,Tijuana,TJE12-06,41,42,TJE12-06_42,2.2441,0.022191524,NA,NA,NA,NA,NA,NA,NA,NA,NA,NA,NA,NA,NA,NA,NA,NA,NA,NA
Brown_et_al_2026,Tijuana,TJE12-06,42,43,TJE12-06_43,2.0762,0.020807244,NA,NA,NA,NA,NA,NA,NA,NA,NA,NA,NA,NA,NA,NA,NA,NA,NA,NA
Brown_et_al_2026,Tijuana,TJE12-06,43,44,TJE12-06_44,2.2792,0.022200772,NA,NA,NA,NA,NA,NA,NA,NA,NA,NA,NA,NA,NA,NA,NA,NA,NA,NA
Brown_et_al_2026,Tijuana,TJE12-06,44,45,TJE12-06_45,2.1285,0.021094668,NA,NA,NA,NA,NA,NA,NA,NA,NA,NA,NA,NA,NA,NA,NA,NA,NA,NA
Brown_et_al_2026,Tijuana,TJE12-06,45,46,TJE12-06_46,1.896,0.024367089,NA,NA,NA,NA,NA,NA,NA,NA,NA,NA,NA,NA,NA,NA,NA,NA,NA,NA
Brown_et_al_2026,Tijuana,TJE12-06,46,47,TJE12-06_47,2.3552,0.020295516,NA,NA,NA,NA,NA,NA,NA,NA,2320,40,bulk,TJE12-06 47cm bulk .063mgC,0.7493,0.0035,-250.7,3.5,NA,NA
Brown_et_al_2026,Tijuana,TJE12-06,47,48,TJE12-06_48,1.933,0.019865494,NA,NA,NA,NA,NA,NA,NA,NA,NA,NA,NA,NA,NA,NA,NA,NA,NA,NA
Brown_et_al_2026,Tijuana,TJE12-06,48,49,TJE12-06_49,2.0166,0.020083309,NA,NA,NA,NA,NA,NA,NA,NA,NA,NA,NA,NA,NA,NA,NA,NA,NA,NA
Brown_et_al_2026,Tijuana,TJE12-06,49,50,TJE12-06_50,2.0743,0.023526009,NA,NA,NA,NA,NA,NA,NA,NA,NA,NA,NA,NA,NA,NA,NA,NA,NA,NA
Brown_et_al_2026,Tijuana,TJE12-06,50,51,TJE12-06_51,1.6127,0.013517703,NA,NA,NA,NA,NA,NA,NA,NA,NA,NA,NA,NA,NA,NA,NA,NA,NA,NA
Brown_et_al_2026,Tijuana,TJE12-06,51,52,TJE12-06_52,2.0151,0.013746216,NA,NA,NA,NA,NA,NA,NA,NA,NA,NA,NA,NA,NA,NA,NA,NA,NA,NA
Brown_et_al_2026,Tijuana,TJE12-06,52,53,TJE12-06_53,1.3732,0.016457909,NA,NA,NA,NA,NA,NA,NA,NA,NA,NA,NA,NA,NA,NA,NA,NA,NA,NA
Brown_et_al_2026,Tijuana,TJE12-06,53,54,TJE12-06_54,1.7287,0.014288193,NA,NA,NA,NA,NA,NA,NA,NA,NA,NA,NA,NA,NA,NA,NA,NA,NA,NA
Brown_et_al_2026,Tijuana,TJE12-06,54,55,TJE12-06_55,1.7296,0.013297872,NA,NA,NA,NA,NA,NA,NA,NA,NA,NA,NA,NA,NA,NA,NA,NA,NA,NA
Brown_et_al_2026,Tijuana,TJE12-06,55,56,TJE12-06_56,2.0129,0.01490387,NA,NA,NA,NA,NA,NA,NA,NA,NA,NA,NA,NA,NA,NA,NA,NA,NA,NA
Brown_et_al_2026,Tijuana,TJE12-06,56,57,TJE12-06_57,2.1531,0.013468952,NA,NA,NA,NA,NA,NA,NA,NA,NA,NA,NA,NA,NA,NA,NA,NA,NA,NA
Brown_et_al_2026,Tijuana,TJE12-06,58,59,TJE12-06_59,1.9054,0.015167419,NA,NA,NA,NA,NA,NA,NA,NA,NA,NA,NA,NA,NA,NA,NA,NA,NA,NA
Brown_et_al_2026,Tijuana,TJE12-06,59,60,TJE12-06_60,1.7941,0.016108355,NA,NA,NA,NA,NA,NA,NA,NA,NA,NA,NA,NA,NA,NA,NA,NA,NA,NA
Brown_et_al_2026,Tijuana,TJE12-06,60,61,TJE12-06_61,2.0874,0.017677494,NA,NA,NA,NA,NA,NA,NA,NA,NA,NA,NA,NA,NA,NA,NA,NA,NA,NA
Brown_et_al_2026,Tijuana,TJE12-06,61,62,TJE12-06_62,1.758,0.01513083,NA,NA,NA,NA,NA,NA,NA,NA,NA,NA,NA,NA,NA,NA,NA,NA,NA,NA
Brown_et_al_2026,Tijuana,TJE12-06,62,63,TJE12-06_63,2.0246,0.015558629,NA,NA,NA,NA,NA,NA,NA,NA,NA,NA,NA,NA,NA,NA,NA,NA,NA,NA
Brown_et_al_2026,Tijuana,TJE12-06,63,64,TJE12-06_64,1.8676,0.015688584,NA,NA,NA,NA,NA,NA,NA,NA,NA,NA,NA,NA,NA,NA,NA,NA,NA,NA
Brown_et_al_2026,Tijuana,TJE12-06,64,65,TJE12-06_65,1.9685,0.01493523,NA,NA,NA,NA,NA,NA,NA,NA,NA,NA,NA,NA,NA,NA,NA,NA,NA,NA
Brown_et_al_2026,Tijuana,TJE12-06,65,66,TJE12-06_66,2.0373,0.017621362,NA,NA,NA,NA,NA,NA,NA,NA,NA,NA,NA,NA,NA,NA,NA,NA,NA,NA
Brown_et_al_2026,Tijuana,TJE12-06,66,67,TJE12-06_67,2.2489,0.016363556,NA,NA,NA,NA,NA,NA,NA,NA,NA,NA,NA,NA,NA,NA,NA,NA,NA,NA
Brown_et_al_2026,Tijuana,TJE12-06,67,68,TJE12-06_68,1.9803,0.017068121,NA,NA,NA,NA,NA,NA,NA,NA,NA,NA,NA,NA,NA,NA,NA,NA,NA,NA
Brown_et_al_2026,Tijuana,TJE12-06,68,69,TJE12-06_69,1.6855,0.017027588,NA,NA,NA,NA,NA,NA,NA,NA,NA,NA,NA,NA,NA,NA,NA,NA,NA,NA
Brown_et_al_2026,Tijuana,TJE12-06,69,70,TJE12-06_70,1.956,0.017126789,NA,NA,NA,NA,NA,NA,NA,NA,NA,NA,NA,NA,NA,NA,NA,NA,NA,NA
Brown_et_al_2026,Tijuana,TJE12-06,70,71,TJE12-06_71,1.8651,0.018229586,NA,NA,NA,NA,NA,NA,NA,NA,NA,NA,NA,NA,NA,NA,NA,NA,NA,NA
Brown_et_al_2026,Tijuana,TJE12-06,71,72,TJE12-06_72,2.0112,0.017153938,NA,NA,NA,NA,NA,NA,NA,NA,NA,NA,NA,NA,NA,NA,NA,NA,NA,NA
Brown_et_al_2026,Tijuana,TJE12-06,72,73,TJE12-06_73,1.7536,0.01665146,NA,NA,NA,NA,NA,NA,NA,NA,NA,NA,NA,NA,NA,NA,NA,NA,NA,NA
Brown_et_al_2026,Tijuana,TJE12-06,73,74,TJE12-06_74,2.1858,0.016424193,NA,NA,NA,NA,NA,NA,NA,NA,NA,NA,NA,NA,NA,NA,NA,NA,NA,NA
Brown_et_al_2026,Tijuana,TJE12-06,74,75,TJE12-06_75,2.1779,0.01712659,NA,NA,NA,NA,NA,NA,NA,NA,NA,NA,NA,NA,NA,NA,NA,NA,NA,NA
Brown_et_al_2026,Tijuana,TJE12-06,75,76,TJE12-06_76,2.0392,0.016673205,NA,NA,NA,NA,NA,NA,NA,NA,NA,NA,NA,NA,NA,NA,NA,NA,NA,NA
Brown_et_al_2026,Tijuana,TJE12-06,76,77,TJE12-06_77,2.1017,0.015891897,NA,NA,NA,NA,NA,NA,NA,NA,NA,NA,NA,NA,NA,NA,NA,NA,NA,NA
Brown_et_al_2026,Tijuana,TJE12-06,77,78,TJE12-06_78,1.7942,0.016943485,NA,NA,NA,NA,NA,NA,NA,NA,NA,NA,NA,NA,NA,NA,NA,NA,NA,NA
Brown_et_al_2026,Tijuana,TJE12-06,78,79,TJE12-06_79,2.136,0.016479401,NA,NA,NA,NA,NA,NA,NA,NA,NA,NA,NA,NA,NA,NA,NA,NA,NA,NA
Brown_et_al_2026,Tijuana,TJE12-06,79,80,TJE12-06_80,1.9905,0.017081135,NA,NA,NA,NA,NA,NA,NA,NA,NA,NA,NA,NA,NA,NA,NA,NA,NA,NA
Brown_et_al_2026,Tijuana,TJE12-06,80,81,TJE12-06_81,2.1527,0.017419984,NA,NA,NA,NA,NA,NA,NA,NA,NA,NA,NA,NA,NA,NA,NA,NA,NA,NA
Brown_et_al_2026,Tijuana,TJE12-06,81,82,TJE12-06_82,2.3095,0.018012557,NA,NA,NA,NA,NA,NA,NA,NA,NA,NA,NA,NA,NA,NA,NA,NA,NA,NA
Brown_et_al_2026,Tijuana,TJE12-06,82,83,TJE12-06_83,1.717,0.017530577,NA,NA,NA,NA,NA,NA,NA,NA,NA,NA,NA,NA,NA,NA,NA,NA,NA,NA
Brown_et_al_2026,Tijuana,TJE12-06,83,84,TJE12-06_84,1.8473,0.016348184,NA,NA,NA,NA,NA,NA,NA,NA,NA,NA,NA,NA,NA,NA,NA,NA,NA,NA
Brown_et_al_2026,Tijuana,TJE12-06,84,85,TJE12-06_85,1.9358,0.016117368,NA,NA,NA,NA,NA,NA,NA,NA,NA,NA,NA,NA,NA,NA,NA,NA,NA,NA
Brown_et_al_2026,Tijuana,TJE12-06,85,86,TJE12-06_86,2.2162,0.065652919,NA,NA,NA,NA,NA,NA,NA,NA,NA,NA,NA,NA,NA,NA,NA,NA,NA,NA
Brown_et_al_2026,Tijuana,TJE12-06,86,87,TJE12-06_87,2.0377,0.015164156,NA,NA,NA,NA,NA,NA,NA,NA,NA,NA,NA,NA,NA,NA,NA,NA,NA,NA
Brown_et_al_2026,Tijuana,TJE12-06,87,88,TJE12-06_88,2.1473,0.014809295,NA,NA,NA,NA,NA,NA,NA,NA,NA,NA,NA,NA,NA,NA,NA,NA,NA,NA
Brown_et_al_2026,Tijuana,TJE12-06,88,89,TJE12-06_89,1.902,0.014721346,NA,NA,NA,NA,NA,NA,NA,NA,NA,NA,NA,NA,NA,NA,NA,NA,NA,NA
Brown_et_al_2026,Tijuana,TJE12-06,89,90,TJE12-06_90,1.7559,0.01606014,NA,NA,NA,NA,NA,NA,NA,NA,NA,NA,NA,NA,NA,NA,NA,NA,NA,NA
Brown_et_al_2026,Tijuana,TJE12-06,96,97,TJE12-06_97,NA,NA,NA,NA,NA,NA,NA,NA,NA,NA,2070,45,bulk,TJE12-06 97cm bulk .052mgC,0.7727,0.004,-227.3,4,NA,NA
Brown_et_al_2026,Tijuana,TJE12-07,0,1,TJE12-07_1,0.5297,0.299225977,NA,NA,NA,NA,NA,NA,NA,NA,NA,NA,NA,NA,NA,NA,NA,NA,NA,NA
Brown_et_al_2026,Tijuana,TJE12-07,1,2,TJE12-07_2,0.2653,0.34187712,5.83,4.51,NA,NA,36.08,30.49,NA,NA,NA,NA,NA,NA,NA,NA,NA,NA,NA,2.29
Brown_et_al_2026,Tijuana,TJE12-07,2,3,TJE12-07_3,0.3155,0.366402536,NA,NA,NA,NA,NA,NA,NA,NA,NA,NA,NA,NA,NA,NA,NA,NA,NA,NA
Brown_et_al_2026,Tijuana,TJE12-07,3,4,TJE12-07_4,0.3118,0.291853752,4.38,3.04,NA,NA,28.52,20.5,NA,NA,NA,NA,NA,NA,NA,NA,NA,NA,NA,1.6
Brown_et_al_2026,Tijuana,TJE12-07,4,5,TJE12-07_5,0.291,0.207216495,NA,NA,NA,NA,NA,NA,NA,NA,NA,NA,NA,NA,NA,NA,NA,NA,NA,NA
Brown_et_al_2026,Tijuana,TJE12-07,5,6,TJE12-07_6,0.4024,0.190606362,NA,NA,NA,NA,NA,NA,NA,NA,NA,NA,NA,NA,NA,NA,NA,NA,NA,NA
Brown_et_al_2026,Tijuana,TJE12-07,6,7,TJE12-07_7,0.3465,0.21991342,9.13,2.86,NA,NA,42.09,18.84,NA,NA,NA,NA,NA,NA,NA,NA,NA,NA,NA,1.53
Brown_et_al_2026,Tijuana,TJE12-07,7,8,TJE12-07_8,0.4052,0.151530109,NA,NA,NA,NA,NA,NA,NA,NA,NA,NA,NA,NA,NA,NA,NA,NA,NA,NA
Brown_et_al_2026,Tijuana,TJE12-07,8,9,TJE12-07_9,0.4432,0.168095668,7.84,3.31,NA,NA,44.67,21.48,NA,NA,NA,NA,NA,NA,NA,NA,NA,NA,0.63,1.78
Brown_et_al_2026,Tijuana,TJE12-07,9,10,TJE12-07_10,0.418,0.172727273,NA,NA,NA,NA,NA,NA,NA,NA,NA,NA,NA,NA,NA,NA,NA,NA,NA,NA
Brown_et_al_2026,Tijuana,TJE12-07,10,11,TJE12-07_11,0.3988,0.187562688,NA,NA,NA,NA,NA,NA,NA,NA,NA,NA,NA,NA,NA,NA,NA,NA,NA,NA
Brown_et_al_2026,Tijuana,TJE12-07,12,13,TJE12-07_13,0.6147,0.130470148,NA,NA,NA,NA,NA,NA,NA,NA,NA,NA,NA,NA,NA,NA,NA,NA,NA,NA
Brown_et_al_2026,Tijuana,TJE12-07,13,14,TJE12-07_14,0.6067,0.128564365,7.73,3.7,NA,NA,25.6,23.98,NA,NA,NA,NA,NA,NA,NA,NA,NA,NA,NA,1.96
Brown_et_al_2026,Tijuana,TJE12-07,14,15,TJE12-07_15,0.5024,0.11066879,NA,NA,NA,NA,NA,NA,NA,NA,NA,NA,NA,NA,NA,NA,NA,NA,NA,NA
Brown_et_al_2026,Tijuana,TJE12-07,15,16,TJE12-07_16,0.4572,0.141294838,5.47,2.8,NA,NA,16.89,18.18,NA,NA,NA,NA,NA,NA,NA,NA,NA,NA,NA,1.56
Brown_et_al_2026,Tijuana,TJE12-07,16,17,TJE12-07_17,0.4993,0.670939315,NA,NA,NA,NA,NA,NA,NA,NA,NA,NA,NA,NA,NA,NA,NA,NA,NA,NA
Brown_et_al_2026,Tijuana,TJE12-07,17,18,TJE12-07_18,0.6095,0.102543068,1.52,2.42,NA,NA,11.79,16.37,NA,NA,NA,NA,NA,NA,NA,NA,NA,NA,0.44,1.41
Brown_et_al_2026,Tijuana,TJE12-07,18,19,TJE12-07_19,0.6695,0.088573562,NA,NA,NA,NA,NA,NA,NA,NA,NA,NA,NA,NA,NA,NA,NA,NA,NA,NA
Brown_et_al_2026,Tijuana,TJE12-07,19,20,TJE12-07_20,0.8596,0.097487203,NA,NA,NA,NA,NA,NA,NA,NA,NA,NA,NA,NA,NA,NA,NA,NA,NA,NA
Brown_et_al_2026,Tijuana,TJE12-07,20,21,TJE12-07_21,0.603,0.096351575,NA,NA,NA,NA,NA,NA,NA,NA,NA,NA,NA,NA,NA,NA,NA,NA,NA,NA
Brown_et_al_2026,Tijuana,TJE12-07,21,22,TJE12-07_22,0.6774,0.098759965,1.1,2.47,NA,NA,12.42,16.7,NA,NA,NA,NA,NA,NA,NA,NA,NA,NA,NA,1.44
Brown_et_al_2026,Tijuana,TJE12-07,22,23,TJE12-07_23,0.7321,0.091517552,NA,NA,NA,NA,NA,NA,NA,NA,NA,NA,NA,NA,NA,NA,NA,NA,NA,NA
Brown_et_al_2026,Tijuana,TJE12-07,23,24,TJE12-07_24,0.7982,0.111375595,0,2.4,NA,NA,17.98,16.84,NA,NA,NA,NA,NA,NA,NA,NA,NA,NA,NA,1.45
Brown_et_al_2026,Tijuana,TJE12-07,24,25,TJE12-07_25,0.7746,0.10586109,NA,NA,NA,NA,NA,NA,NA,NA,NA,NA,NA,NA,NA,NA,NA,NA,NA,NA
Brown_et_al_2026,Tijuana,TJE12-07,25,26,TJE12-07_26,0.8452,0.10186938,0.86,2.58,NA,NA,30.42,17.92,NA,NA,NA,NA,NA,NA,NA,NA,NA,NA,NA,1.5
Brown_et_al_2026,Tijuana,TJE12-07,26,27,TJE12-07_27,0.6298,0.101937123,NA,NA,NA,NA,NA,NA,NA,NA,NA,NA,NA,NA,NA,NA,NA,NA,NA,NA
Brown_et_al_2026,Tijuana,TJE12-07,27,28,TJE12-07_28,0.8067,0.112061485,0,2.41,NA,NA,2.74,16.45,NA,NA,NA,NA,NA,NA,NA,NA,NA,NA,NA,1.5
Brown_et_al_2026,Tijuana,TJE12-07,28,29,TJE12-07_29,0.8907,0.106433143,NA,NA,NA,NA,NA,NA,NA,NA,NA,NA,NA,NA,NA,NA,NA,NA,NA,NA
Brown_et_al_2026,Tijuana,TJE12-07,29,30,TJE12-07_30,0.6679,0.097020512,NA,NA,NA,NA,NA,NA,NA,NA,NA,NA,NA,NA,NA,NA,NA,NA,NA,NA
Brown_et_al_2026,Tijuana,TJE12-07,30,31,TJE12-07_31,0.6651,0.110960758,NA,NA,NA,NA,NA,NA,NA,NA,NA,NA,NA,NA,NA,NA,NA,NA,NA,NA
Brown_et_al_2026,Tijuana,TJE12-07,31,32,TJE12-07_32,0.8431,0.121812359,NA,NA,NA,NA,NA,NA,NA,NA,NA,NA,NA,NA,NA,NA,NA,NA,NA,NA
Brown_et_al_2026,Tijuana,TJE12-07,32,33,TJE12-07_33,0.6818,0.112056322,NA,NA,NA,NA,NA,NA,NA,NA,NA,NA,NA,NA,NA,NA,NA,NA,NA,NA
Brown_et_al_2026,Tijuana,TJE12-07,33,34,TJE12-07_34,0.699,0.113876967,NA,NA,NA,NA,NA,NA,NA,NA,NA,NA,NA,NA,NA,NA,NA,NA,NA,NA
Brown_et_al_2026,Tijuana,TJE12-07,34,35,TJE12-07_35,0.654,0.106880734,NA,NA,NA,NA,NA,NA,NA,NA,NA,NA,NA,NA,NA,NA,NA,NA,NA,NA
Brown_et_al_2026,Tijuana,TJE12-07,35,36,TJE12-07_36,0.6231,0.101267854,1.68,2.39,NA,NA,7.5,16.14,NA,NA,NA,NA,NA,NA,NA,NA,NA,NA,NA,1.39
Brown_et_al_2026,Tijuana,TJE12-07,36,37,TJE12-07_37,0.6004,0.108427715,NA,NA,NA,NA,NA,NA,NA,NA,NA,NA,NA,NA,NA,NA,NA,NA,NA,NA
Brown_et_al_2026,Tijuana,TJE12-07,37,38,TJE12-07_38,0.7104,0.118665541,NA,NA,NA,NA,NA,NA,NA,NA,NA,NA,NA,NA,NA,NA,NA,NA,NA,NA
Brown_et_al_2026,Tijuana,TJE12-07,38,39,TJE12-07_39,0.5964,0.107478203,NA,NA,NA,NA,NA,NA,NA,NA,NA,NA,NA,NA,NA,NA,NA,NA,NA,NA
Brown_et_al_2026,Tijuana,TJE12-07,39,40,TJE12-07_40,0.6533,0.119240778,NA,NA,NA,NA,NA,NA,NA,NA,NA,NA,NA,NA,NA,NA,NA,NA,NA,NA
Brown_et_al_2026,Tijuana,TJE12-07,40,41,TJE12-07_41,0.5108,0.099843383,NA,NA,NA,NA,NA,NA,NA,NA,NA,NA,NA,NA,NA,NA,NA,NA,NA,NA
Brown_et_al_2026,Tijuana,TJE12-07,41,42,TJE12-07_42,0.6487,0.113457685,NA,NA,NA,NA,NA,NA,NA,NA,NA,NA,NA,NA,NA,NA,NA,NA,NA,NA
Brown_et_al_2026,Tijuana,TJE12-07,42,43,TJE12-07_43,0.6163,0.12169398,NA,NA,NA,NA,NA,NA,NA,NA,NA,NA,NA,NA,NA,NA,NA,NA,NA,NA
Brown_et_al_2026,Tijuana,TJE12-07,43,44,TJE12-07_44,0.8323,0.122071369,0,2.28,NA,NA,23,16,NA,NA,NA,NA,NA,NA,NA,NA,NA,NA,NA,1.37
Brown_et_al_2026,Tijuana,TJE12-07,44,45,TJE12-07_45,0.7699,0.113521237,NA,NA,NA,NA,NA,NA,NA,NA,NA,NA,NA,NA,NA,NA,NA,NA,NA,NA
Brown_et_al_2026,Tijuana,TJE12-07,45,46,TJE12-07_46,0.7213,0.410231526,NA,NA,NA,NA,NA,NA,NA,NA,NA,NA,NA,NA,NA,NA,NA,NA,NA,NA
Brown_et_al_2026,Tijuana,TJE12-07,46,47,TJE12-07_47,0.7677,0.122834441,NA,NA,NA,NA,NA,NA,NA,NA,NA,NA,NA,NA,NA,NA,NA,NA,NA,NA
Brown_et_al_2026,Tijuana,TJE12-07,47,48,TJE12-07_48,0.7277,0.111309606,NA,NA,NA,NA,NA,NA,NA,NA,NA,NA,NA,NA,NA,NA,NA,NA,NA,NA
Brown_et_al_2026,Tijuana,TJE12-07,48,49,TJE12-07_49,0.5935,0.11221567,NA,NA,NA,NA,NA,NA,NA,NA,NA,NA,NA,NA,NA,NA,NA,NA,NA,NA
Brown_et_al_2026,Tijuana,TJE12-07,49,50,TJE12-07_50,0.6613,0.121578709,NA,NA,NA,NA,NA,NA,NA,NA,NA,NA,NA,NA,NA,NA,NA,NA,NA,NA
Brown_et_al_2026,Tijuana,TJE12-07,50,51,TJE12-07_51,0.5745,0.133159269,NA,NA,NA,NA,NA,NA,NA,NA,NA,NA,NA,NA,NA,NA,NA,NA,NA,NA
Brown_et_al_2026,Tijuana,TJE12-07,51,52,TJE12-07_52,0.7832,0.163432074,1.13,2.68,NA,NA,18.74,18.77,NA,NA,NA,NA,NA,NA,NA,NA,NA,NA,0.1,1.62
Brown_et_al_2026,Tijuana,TJE12-07,52,53,TJE12-07_53,0.5346,0.115039282,NA,NA,NA,NA,NA,NA,NA,NA,NA,NA,NA,NA,NA,NA,NA,NA,NA,NA
Brown_et_al_2026,Tijuana,TJE12-07,53,54,TJE12-07_54,0.8499,0.142487352,NA,NA,NA,NA,NA,NA,NA,NA,NA,NA,NA,NA,NA,NA,NA,NA,NA,NA
Brown_et_al_2026,Tijuana,TJE12-07,54,55,TJE12-07_55,0.6236,0.119307248,NA,NA,NA,NA,NA,NA,NA,NA,NA,NA,NA,NA,NA,NA,NA,NA,NA,NA
Brown_et_al_2026,Tijuana,TJE12-07,55,56,TJE12-07_56,0.5925,0.114599156,NA,NA,NA,NA,NA,NA,NA,NA,NA,NA,NA,NA,NA,NA,NA,NA,NA,NA
Brown_et_al_2026,Tijuana,TJE12-07,56,57,TJE12-07_57,0.57,0.127368421,NA,NA,NA,NA,NA,NA,NA,NA,NA,NA,NA,NA,NA,NA,NA,NA,NA,NA
Brown_et_al_2026,Tijuana,TJE12-07,57,58,TJE12-07_58,0.4862,0.110654052,NA,NA,NA,NA,NA,NA,NA,NA,NA,NA,NA,NA,NA,NA,NA,NA,NA,NA
Brown_et_al_2026,Tijuana,TJE12-07,58,59,TJE12-07_59,0.5811,0.11271726,NA,NA,NA,NA,NA,NA,NA,NA,NA,NA,NA,NA,NA,NA,NA,NA,NA,NA
Brown_et_al_2026,Tijuana,TJE12-07,59,60,TJE12-07_60,0.6656,0.11328125,0,2.57,NA,NA,17.6,18.04,NA,NA,NA,NA,NA,NA,NA,NA,NA,NA,NA,1.5
Brown_et_al_2026,Tijuana,TJE12-07,60,61,TJE12-07_61,0.5781,0.113648158,NA,NA,NA,NA,NA,NA,NA,NA,NA,NA,NA,NA,NA,NA,NA,NA,NA,NA
Brown_et_al_2026,Tijuana,TJE12-07,61,62,TJE12-07_62,0.5981,0.100986457,NA,NA,NA,NA,NA,NA,NA,NA,NA,NA,NA,NA,NA,NA,NA,NA,NA,NA
Brown_et_al_2026,Tijuana,TJE12-07,62,63,TJE12-07_63,0.6221,0.131329368,NA,NA,NA,NA,NA,NA,NA,NA,NA,NA,NA,NA,NA,NA,NA,NA,NA,NA
Brown_et_al_2026,Tijuana,TJE12-07,63,64,TJE12-07_64,0.499,0.118236473,NA,NA,NA,NA,NA,NA,NA,NA,NA,NA,NA,NA,NA,NA,NA,NA,NA,NA
Brown_et_al_2026,Tijuana,TJE12-07,64,65,TJE12-07_65,0.7221,0.101094031,NA,NA,NA,NA,NA,NA,NA,NA,550,20,marine,TJE12-07 65cm,0.9341,0.0021,-65.9,2.1,NA,NA
Brown_et_al_2026,Tijuana,TJE12-07,65,66,TJE12-07_66,0.5611,0.146854393,NA,NA,NA,NA,NA,NA,NA,NA,NA,NA,NA,NA,NA,NA,NA,NA,NA,NA
Brown_et_al_2026,Tijuana,TJE12-07,66,67,TJE12-07_67,0.5304,0.125565611,NA,NA,NA,NA,NA,NA,NA,NA,NA,NA,NA,NA,NA,NA,NA,NA,NA,NA
Brown_et_al_2026,Tijuana,TJE12-07,67,68,TJE12-07_68,0.7111,0.133736465,NA,NA,NA,NA,NA,NA,NA,NA,NA,NA,NA,NA,NA,NA,NA,NA,NA,NA
Brown_et_al_2026,Tijuana,TJE12-07,68,69,TJE12-07_69,0.5732,0.125436148,NA,NA,NA,NA,NA,NA,NA,NA,NA,NA,NA,NA,NA,NA,NA,NA,NA,NA
Brown_et_al_2026,Tijuana,TJE12-07,69,70,TJE12-07_70,0.6417,0.115007013,NA,NA,NA,NA,NA,NA,NA,NA,NA,NA,NA,NA,NA,NA,NA,NA,NA,NA
Brown_et_al_2026,Tijuana,TJE12-07,70,71,TJE12-07_71,0.7112,0.093503937,NA,NA,NA,NA,NA,NA,NA,NA,NA,NA,NA,NA,NA,NA,NA,NA,NA,NA
Brown_et_al_2026,Tijuana,TJE12-07,71,72,TJE12-07_72,0.6769,0.075195745,NA,NA,NA,NA,NA,NA,NA,NA,NA,NA,NA,NA,NA,NA,NA,NA,NA,NA
Brown_et_al_2026,Tijuana,TJE12-07,72,73,TJE12-07_73,0.8542,0.081948022,NA,NA,NA,NA,NA,NA,NA,NA,NA,NA,NA,NA,NA,NA,NA,NA,NA,NA
Brown_et_al_2026,Tijuana,TJE12-07,73,74,TJE12-07_74,0.8637,0.09216163,NA,NA,NA,NA,NA,NA,NA,NA,NA,NA,NA,NA,NA,NA,NA,NA,NA,NA
Brown_et_al_2026,Tijuana,TJE12-07,74,75,TJE12-07_75,0.7504,0.083821962,NA,NA,NA,NA,NA,NA,NA,NA,NA,NA,NA,NA,NA,NA,NA,NA,NA,NA
Brown_et_al_2026,Tijuana,TJE12-07,75,76,TJE12-07_76,0.7467,0.091870899,NA,NA,NA,NA,NA,NA,NA,NA,NA,NA,NA,NA,NA,NA,NA,NA,NA,NA
Brown_et_al_2026,Tijuana,TJE12-07,76,77,TJE12-07_77,0.6029,0.086083928,NA,NA,NA,NA,NA,NA,NA,NA,NA,NA,NA,NA,NA,NA,NA,NA,NA,NA
Brown_et_al_2026,Tijuana,TJE12-07,77,78,TJE12-07_78,0.5534,0.087278641,NA,NA,NA,NA,NA,NA,NA,NA,NA,NA,NA,NA,NA,NA,NA,NA,NA,NA
Brown_et_al_2026,Tijuana,TJE12-07,78,79,TJE12-07_79,0.5659,0.090652059,NA,NA,NA,NA,NA,NA,NA,NA,NA,NA,NA,NA,NA,NA,NA,NA,NA,NA
Brown_et_al_2026,Tijuana,TJE12-07,79,80,TJE12-07_80,0.8094,0.083765752,NA,NA,NA,NA,NA,NA,NA,NA,NA,NA,NA,NA,NA,NA,NA,NA,NA,NA
Brown_et_al_2026,Tijuana,TJE12-07,80,81,TJE12-07_81,0.9135,0.08877942,NA,NA,NA,NA,NA,NA,NA,NA,NA,NA,NA,NA,NA,NA,NA,NA,NA,NA
Brown_et_al_2026,Tijuana,TJE12-07,81,82,TJE12-07_82,0.887,0.079594138,NA,NA,NA,NA,NA,NA,NA,NA,NA,NA,NA,NA,NA,NA,NA,NA,NA,NA
Brown_et_al_2026,Tijuana,TJE12-07,82,83,TJE12-07_83,0.9187,0.085337978,NA,NA,NA,NA,NA,NA,NA,NA,NA,NA,NA,NA,NA,NA,NA,NA,NA,NA
Brown_et_al_2026,Tijuana,TJE12-07,83,84,TJE12-07_84,0.7955,0.090383407,NA,NA,NA,NA,NA,NA,NA,NA,NA,NA,NA,NA,NA,NA,NA,NA,NA,NA
Brown_et_al_2026,Tijuana,TJE12-07,84,85,TJE12-07_85,0.7572,0.087295298,NA,NA,NA,NA,NA,NA,NA,NA,NA,NA,NA,NA,NA,NA,NA,NA,NA,NA
Brown_et_al_2026,Tijuana,TJE12-07,85,86,TJE12-07_86,0.8043,0.082431928,NA,NA,NA,NA,NA,NA,NA,NA,NA,NA,NA,NA,NA,NA,NA,NA,NA,NA
Brown_et_al_2026,Tijuana,TJE12-07,86,87,TJE12-07_87,1.0071,0.061265018,NA,NA,NA,NA,NA,NA,NA,NA,NA,NA,NA,NA,NA,NA,NA,NA,NA,NA
Brown_et_al_2026,Tijuana,TJE12-07,87,88,TJE12-07_88,0.953,0.063798531,NA,NA,NA,NA,NA,NA,NA,NA,NA,NA,NA,NA,NA,NA,NA,NA,NA,NA
Brown_et_al_2026,Tijuana,TJE12-07,88,89,TJE12-07_89,0.9131,0.075566751,NA,NA,NA,NA,NA,NA,NA,NA,NA,NA,NA,NA,NA,NA,NA,NA,NA,NA
Brown_et_al_2026,Tijuana,TJE12-07,89,90,TJE12-07_90,0.9853,0.063736933,NA,NA,NA,NA,NA,NA,NA,NA,NA,NA,NA,NA,NA,NA,NA,NA,NA,NA
Brown_et_al_2026,Tijuana,TJE12-07,90,91,TJE12-07_91,0.7988,0.056584877,NA,NA,NA,NA,NA,NA,NA,NA,NA,NA,NA,NA,NA,NA,NA,NA,NA,NA
Brown_et_al_2026,Tijuana,TJE12-07,91,92,TJE12-07_92,0.7628,0.050340849,NA,NA,NA,NA,NA,NA,NA,NA,NA,NA,NA,NA,NA,NA,NA,NA,NA,NA
Brown_et_al_2026,Tijuana,TJE12-07,92,93,TJE12-07_93,0.8387,0.052462144,NA,NA,NA,NA,NA,NA,NA,NA,NA,NA,NA,NA,NA,NA,NA,NA,NA,NA
Brown_et_al_2026,Tijuana,TJE12-07,93,94,TJE12-07_94,1.0229,0.061687359,NA,NA,NA,NA,NA,NA,NA,NA,NA,NA,NA,NA,NA,NA,NA,NA,NA,NA
Brown_et_al_2026,Tijuana,TJE12-07,94,95,TJE12-07_95,0.7632,0.092636268,NA,NA,NA,NA,NA,NA,NA,NA,NA,NA,NA,NA,NA,NA,NA,NA,NA,NA
Brown_et_al_2026,Tijuana,TJE12-07,95,96,TJE12-07_96,0.9228,0.078673602,NA,NA,NA,NA,NA,NA,NA,NA,NA,NA,NA,NA,NA,NA,NA,NA,NA,NA
Brown_et_al_2026,Tijuana,TJE12-07,96,97,TJE12-07_97,0.9921,0.078822699,NA,NA,NA,NA,NA,NA,NA,NA,NA,NA,NA,NA,NA,NA,NA,NA,NA,NA
Brown_et_al_2026,Tijuana,TJE12-07,97,98,TJE12-07_98,1.1422,0.081334267,NA,NA,NA,NA,NA,NA,NA,NA,NA,NA,NA,NA,NA,NA,NA,NA,NA,NA
Brown_et_al_2026,Tijuana,TJE12-07,98,99,TJE12-07_99,0.7196,0.091856587,NA,NA,NA,NA,NA,NA,NA,NA,NA,NA,NA,NA,NA,NA,NA,NA,NA,NA
Brown_et_al_2026,Tijuana,TJE12-07,99,100,TJE12-07_100,1.0418,0.096083701,NA,NA,NA,NA,NA,NA,NA,NA,NA,NA,NA,NA,NA,NA,NA,NA,NA,NA
Brown_et_al_2026,Tijuana,TJE12-07,130,131,TJE12-07_131,NA,NA,NA,NA,NA,NA,NA,NA,NA,NA,1575,20,terrestrial,TJE12-07 131,0.822,0.0017,-178,1.7,NA,NA
Brown_et_al_2026,Tijuana,TJE12-08,0,1,TJE12-08_1,0.3167,0.203662772,NA,NA,NA,NA,NA,NA,NA,NA,NA,NA,NA,NA,NA,NA,NA,NA,NA,NA
Brown_et_al_2026,Tijuana,TJE12-08,1,2,TJE12-08_2,0.3142,0.152768937,0.18,0.53,3.6174,2.6611,5.15,2.59,NA,NA,NA,NA,NA,NA,NA,NA,NA,NA,NA,0.28
Brown_et_al_2026,Tijuana,TJE12-08,2,3,TJE12-08_3,0.2986,0.210649699,NA,NA,NA,NA,NA,NA,NA,NA,NA,NA,NA,NA,NA,NA,NA,NA,NA,NA
Brown_et_al_2026,Tijuana,TJE12-08,3,4,TJE12-08_4,0.2652,0.247360483,0.13,0.48,4.6979,2.6548,6.99,2.59,NA,NA,NA,NA,NA,NA,NA,NA,NA,NA,NA,0.27
Brown_et_al_2026,Tijuana,TJE12-08,4,5,TJE12-08_5,0.2695,0.277179963,NA,NA,NA,NA,NA,NA,NA,NA,NA,NA,NA,NA,NA,NA,NA,NA,NA,NA
Brown_et_al_2026,Tijuana,TJE12-08,5,6,TJE12-08_6,0.2665,0.181988743,NA,NA,NA,NA,NA,NA,NA,NA,NA,NA,NA,NA,NA,NA,NA,NA,NA,NA
Brown_et_al_2026,Tijuana,TJE12-08,6,7,TJE12-08_7,0.2878,0.280403058,NA,NA,NA,NA,NA,NA,NA,NA,NA,NA,NA,NA,NA,NA,NA,NA,NA,NA
Brown_et_al_2026,Tijuana,TJE12-08,7,8,TJE12-08_8,0.3798,0.200368615,1.45,0.49,5.6123,2.5627,9.28,2.49,NA,NA,NA,NA,NA,NA,NA,NA,NA,NA,NA,0.27
Brown_et_al_2026,Tijuana,TJE12-08,8,9,TJE12-08_9,0.5013,0.090963495,NA,NA,NA,NA,NA,NA,NA,NA,NA,NA,NA,NA,NA,NA,NA,NA,NA,NA
Brown_et_al_2026,Tijuana,TJE12-08,9,10,TJE12-08_10,0.6444,0.056021105,NA,NA,NA,NA,NA,NA,NA,NA,NA,NA,NA,NA,NA,NA,NA,NA,NA,NA
Brown_et_al_2026,Tijuana,TJE12-08,10,11,TJE12-08_11,0.4053,0.099925981,NA,NA,NA,NA,NA,NA,NA,NA,NA,NA,NA,NA,NA,NA,NA,NA,NA,NA
Brown_et_al_2026,Tijuana,TJE12-08,11,12,TJE12-08_12,0.3168,0.089015152,1.34,0.49,1.7072,2.6355,5.9,2.57,NA,NA,NA,NA,NA,NA,NA,NA,NA,NA,NA,0.27
Brown_et_al_2026,Tijuana,TJE12-08,12,13,TJE12-08_13,0.3728,0.128218884,NA,NA,NA,NA,NA,NA,NA,NA,NA,NA,NA,NA,NA,NA,NA,NA,NA,NA
Brown_et_al_2026,Tijuana,TJE12-08,13,14,TJE12-08_14,0.5337,0.102492037,NA,NA,NA,NA,NA,NA,NA,NA,NA,NA,NA,NA,NA,NA,NA,NA,NA,NA
Brown_et_al_2026,Tijuana,TJE12-08,14,15,TJE12-08_15,0.4269,0.120637152,NA,NA,NA,NA,NA,NA,NA,NA,NA,NA,NA,NA,NA,NA,NA,NA,NA,NA
Brown_et_al_2026,Tijuana,TJE12-08,15,16,TJE12-08_16,0.428,0.12546729,1.96,0.51,3.1743,2.6589,8.75,2.58,NA,NA,NA,NA,NA,NA,NA,NA,NA,NA,0.02,0.28
Brown_et_al_2026,Tijuana,TJE12-08,16,17,TJE12-08_17,0.4353,0.126119917,NA,NA,NA,NA,NA,NA,NA,NA,NA,NA,NA,NA,NA,NA,NA,NA,NA,NA
Brown_et_al_2026,Tijuana,TJE12-08,17,18,TJE12-08_18,0.4625,0.133621622,NA,NA,NA,NA,NA,NA,NA,NA,NA,NA,NA,NA,NA,NA,NA,NA,NA,NA
Brown_et_al_2026,Tijuana,TJE12-08,18,19,TJE12-08_19,0.3966,0.137418054,NA,NA,NA,NA,NA,NA,NA,NA,NA,NA,NA,NA,NA,NA,NA,NA,NA,NA
Brown_et_al_2026,Tijuana,TJE12-08,19,20,TJE12-08_20,0.4185,0.116367981,1.62,0.51,7.3947,2.7406,12.7,2.66,NA,NA,NA,NA,NA,NA,NA,NA,NA,NA,NA,0.28
Brown_et_al_2026,Tijuana,TJE12-08,20,21,TJE12-08_21,0.5187,0.106998265,NA,NA,NA,NA,NA,NA,NA,NA,NA,NA,NA,NA,NA,NA,NA,NA,NA,NA
Brown_et_al_2026,Tijuana,TJE12-08,21,22,TJE12-08_22,0.4691,0.101257728,NA,NA,NA,NA,NA,NA,NA,NA,NA,NA,NA,NA,NA,NA,NA,NA,NA,NA
Brown_et_al_2026,Tijuana,TJE12-08,22,23,TJE12-08_23,0.4555,0.103402854,NA,NA,NA,NA,NA,NA,NA,NA,NA,NA,NA,NA,NA,NA,NA,NA,NA,NA
Brown_et_al_2026,Tijuana,TJE12-08,23,24,TJE12-08_24,0.5137,0.117383687,1.35,0.52,4.0668,2.7639,8.13,2.69,NA,NA,NA,NA,NA,NA,NA,NA,NA,NA,0.14,0.3
Brown_et_al_2026,Tijuana,TJE12-08,24,25,TJE12-08_25,0.8255,0.083706844,NA,NA,NA,NA,NA,NA,NA,NA,NA,NA,NA,NA,NA,NA,NA,NA,NA,NA
Brown_et_al_2026,Tijuana,TJE12-08,25,26,TJE12-08_26,0.6659,0.06457426,NA,NA,NA,NA,NA,NA,NA,NA,NA,NA,NA,NA,NA,NA,NA,NA,NA,NA
Brown_et_al_2026,Tijuana,TJE12-08,26,27,TJE12-08_27,0.76,0.065394737,NA,NA,NA,NA,NA,NA,NA,NA,NA,NA,NA,NA,NA,NA,NA,NA,NA,NA
Brown_et_al_2026,Tijuana,TJE12-08,27,28,TJE12-08_28,0.6919,0.067639832,3.23,0.59,1.281,2.9145,6.79,2.83,NA,NA,NA,NA,NA,NA,NA,NA,NA,NA,NA,0.29
Brown_et_al_2026,Tijuana,TJE12-08,28,29,TJE12-08_29,0.8122,0.067717311,NA,NA,NA,NA,NA,NA,NA,NA,NA,NA,NA,NA,NA,NA,NA,NA,NA,NA
Brown_et_al_2026,Tijuana,TJE12-08,29,30,TJE12-08_30,0.8485,0.06199175,NA,NA,NA,NA,NA,NA,NA,NA,NA,NA,NA,NA,NA,NA,NA,NA,NA,NA
Brown_et_al_2026,Tijuana,TJE12-08,30,31,TJE12-08_31,0.3738,0.132958802,NA,NA,NA,NA,NA,NA,NA,NA,NA,NA,NA,NA,NA,NA,NA,NA,NA,NA
Brown_et_al_2026,Tijuana,TJE12-08,31,32,TJE12-08_32,0.7237,0.065358574,NA,NA,NA,NA,NA,NA,NA,NA,NA,NA,NA,NA,NA,NA,NA,NA,NA,NA
Brown_et_al_2026,Tijuana,TJE12-08,32,33,TJE12-08_33,0.6404,0.067926296,NA,NA,NA,NA,NA,NA,NA,NA,NA,NA,NA,NA,NA,NA,NA,NA,NA,NA
Brown_et_al_2026,Tijuana,TJE12-08,33,34,TJE12-08_34,0.6655,0.061307288,NA,NA,NA,NA,NA,NA,NA,NA,NA,NA,NA,NA,NA,NA,NA,NA,NA,NA
Brown_et_al_2026,Tijuana,TJE12-08,34,35,TJE12-08_35,0.7755,0.067182463,NA,NA,NA,NA,NA,NA,NA,NA,NA,NA,NA,NA,NA,NA,NA,NA,NA,NA
Brown_et_al_2026,Tijuana,TJE12-08,35,36,TJE12-08_36,0.6519,0.064120264,NA,NA,NA,NA,NA,NA,NA,NA,NA,NA,NA,NA,NA,NA,NA,NA,NA,NA
Brown_et_al_2026,Tijuana,TJE12-08,36,37,TJE12-08_37,0.7096,0.067643743,NA,NA,NA,NA,NA,NA,NA,NA,NA,NA,NA,NA,NA,NA,NA,NA,NA,NA
Brown_et_al_2026,Tijuana,TJE12-08,37,38,TJE12-08_38,0.6711,0.064222918,NA,NA,NA,NA,NA,NA,NA,NA,NA,NA,NA,NA,NA,NA,NA,NA,NA,NA
Brown_et_al_2026,Tijuana,TJE12-08,38,39,TJE12-08_39,0.629,0.061844197,NA,NA,NA,NA,NA,NA,NA,NA,NA,NA,NA,NA,NA,NA,NA,NA,NA,NA
Brown_et_al_2026,Tijuana,TJE12-08,39,40,TJE12-08_40,0.6049,0.0638122,NA,NA,NA,NA,NA,NA,NA,NA,NA,NA,NA,NA,NA,NA,NA,NA,NA,NA
Brown_et_al_2026,Tijuana,TJE12-08,40,41,TJE12-08_41,0.4872,0.068760263,NA,NA,NA,NA,NA,NA,NA,NA,NA,NA,NA,NA,NA,NA,NA,NA,NA,NA
Brown_et_al_2026,Tijuana,TJE12-08,41,42,TJE12-08_42,0.8863,0.067809997,NA,NA,NA,NA,NA,NA,NA,NA,NA,NA,NA,NA,NA,NA,NA,NA,NA,NA
Brown_et_al_2026,Tijuana,TJE12-08,42,43,TJE12-08_43,0.8087,0.06689749,NA,NA,NA,NA,NA,NA,NA,NA,NA,NA,NA,NA,NA,NA,NA,NA,NA,NA
Brown_et_al_2026,Tijuana,TJE12-08,43,44,TJE12-08_44,0.5366,0.065598211,NA,NA,NA,NA,NA,NA,NA,NA,NA,NA,NA,NA,NA,NA,NA,NA,NA,NA
Brown_et_al_2026,Tijuana,TJE12-08,44,45,TJE12-08_45,0.6745,0.061971831,NA,NA,NA,NA,NA,NA,NA,NA,NA,NA,NA,NA,NA,NA,NA,NA,NA,NA
Brown_et_al_2026,Tijuana,TJE12-08,45,46,TJE12-08_46,0.7665,0.057142857,NA,NA,NA,NA,NA,NA,NA,NA,NA,NA,NA,NA,NA,NA,NA,NA,NA,NA
Brown_et_al_2026,Tijuana,TJE12-08,46,47,TJE12-08_47,0.7199,0.052229476,NA,NA,NA,NA,NA,NA,NA,NA,NA,NA,NA,NA,NA,NA,NA,NA,NA,NA
Brown_et_al_2026,Tijuana,TJE12-08,47,48,TJE12-08_48,0.6012,0.050399202,NA,NA,NA,NA,NA,NA,NA,NA,NA,NA,NA,NA,NA,NA,NA,NA,NA,NA
Brown_et_al_2026,Tijuana,TJE12-08,48,49,TJE12-08_49,0.6801,0.055727099,NA,NA,NA,NA,NA,NA,NA,NA,NA,NA,NA,NA,NA,NA,NA,NA,NA,NA
Brown_et_al_2026,Tijuana,TJE12-08,49,50,TJE12-08_50,0.6182,0.054189583,NA,NA,NA,NA,NA,NA,NA,NA,NA,NA,NA,NA,NA,NA,NA,NA,NA,NA
Brown_et_al_2026,Tijuana,TJE12-08,50,51,TJE12-08_51,0.7103,0.179501619,NA,NA,NA,NA,NA,NA,NA,NA,NA,NA,NA,NA,NA,NA,NA,NA,NA,NA
Brown_et_al_2026,Tijuana,TJE12-08,51,52,TJE12-08_52,0.8416,0.163498099,NA,NA,NA,NA,NA,NA,NA,NA,NA,NA,NA,NA,NA,NA,NA,NA,NA,NA
Brown_et_al_2026,Tijuana,TJE12-08,52,53,TJE12-08_53,0.8003,0.18130701,NA,NA,NA,NA,NA,NA,NA,NA,NA,NA,NA,NA,NA,NA,NA,NA,NA,NA
Brown_et_al_2026,Tijuana,TJE12-08,53,54,TJE12-08_54,0.9983,0.14534709,NA,NA,NA,NA,NA,NA,NA,NA,NA,NA,NA,NA,NA,NA,NA,NA,NA,NA
Brown_et_al_2026,Tijuana,TJE12-08,54,55,TJE12-08_55,0.8305,0.165803733,NA,NA,NA,NA,NA,NA,NA,NA,NA,NA,NA,NA,NA,NA,NA,NA,NA,NA
Brown_et_al_2026,Tijuana,TJE12-08,55,56,TJE12-08_56,0.8856,0.16034327,NA,NA,NA,NA,NA,NA,NA,NA,NA,NA,NA,NA,NA,NA,NA,NA,NA,NA
Brown_et_al_2026,Tijuana,TJE12-08,56,57,TJE12-08_57,0.822,0.178223844,NA,NA,NA,NA,NA,NA,NA,NA,NA,NA,NA,NA,NA,NA,NA,NA,NA,NA
Brown_et_al_2026,Tijuana,TJE12-08,57,58,TJE12-08_58,0.9519,0.163252443,NA,NA,NA,NA,NA,NA,NA,NA,NA,NA,NA,NA,NA,NA,NA,NA,NA,NA
Brown_et_al_2026,Tijuana,TJE12-08,58,59,TJE12-08_59,0.7372,0.192620727,NA,NA,NA,NA,NA,NA,NA,NA,NA,NA,NA,NA,NA,NA,NA,NA,NA,NA
Brown_et_al_2026,Tijuana,TJE12-08,59,60,TJE12-08_60,0.8203,0.177739851,NA,NA,NA,NA,NA,NA,NA,NA,NA,NA,NA,NA,NA,NA,NA,NA,NA,NA
Brown_et_al_2026,Tijuana,TJE12-08,60,61,TJE12-08_61,0.7171,0.183935295,NA,NA,NA,NA,NA,NA,NA,NA,NA,NA,NA,NA,NA,NA,NA,NA,NA,NA
Brown_et_al_2026,Tijuana,TJE12-08,61,62,TJE12-08_62,0.9519,0.168715201,NA,NA,NA,NA,NA,NA,NA,NA,NA,NA,NA,NA,NA,NA,NA,NA,NA,NA
Brown_et_al_2026,Tijuana,TJE12-08,62,63,TJE12-08_63,0.8421,0.17765111,NA,NA,NA,NA,NA,NA,NA,NA,NA,NA,NA,NA,NA,NA,NA,NA,NA,NA
Brown_et_al_2026,Tijuana,TJE12-08,63,64,TJE12-08_64,0.8702,0.172489083,NA,NA,NA,NA,NA,NA,NA,NA,NA,NA,NA,NA,NA,NA,NA,NA,NA,NA
Brown_et_al_2026,Tijuana,TJE12-08,64,65,TJE12-08_65,0.757,0.181373844,NA,NA,NA,NA,NA,NA,NA,NA,NA,NA,NA,NA,NA,NA,NA,NA,NA,NA
Brown_et_al_2026,Tijuana,TJE12-08,65,66,TJE12-08_66,0.7764,0.171174652,NA,NA,NA,NA,NA,NA,NA,NA,NA,NA,NA,NA,NA,NA,NA,NA,NA,NA
Brown_et_al_2026,Tijuana,TJE12-08,66,67,TJE12-08_67,0.8977,0.168541829,NA,NA,NA,NA,NA,NA,NA,NA,NA,NA,NA,NA,NA,NA,NA,NA,NA,NA
Brown_et_al_2026,Tijuana,TJE12-08,67,68,TJE12-08_68,0.771,0.176394293,NA,NA,NA,NA,NA,NA,NA,NA,NA,NA,NA,NA,NA,NA,NA,NA,NA,NA
Brown_et_al_2026,Tijuana,TJE12-08,68,69,TJE12-08_69,0.872,0.173623853,NA,NA,NA,NA,NA,NA,NA,NA,NA,NA,NA,NA,NA,NA,NA,NA,NA,NA
Brown_et_al_2026,Tijuana,TJE12-08,69,70,TJE12-08_70,0.8745,0.175528874,NA,NA,NA,NA,NA,NA,NA,NA,NA,NA,NA,NA,NA,NA,NA,NA,NA,NA
Brown_et_al_2026,Tijuana,TJE12-08,70,71,TJE12-08_71,0.67490000000000006,0.182841903,NA,NA,NA,NA,NA,NA,NA,NA,NA,NA,NA,NA,NA,NA,NA,NA,NA,NA
Brown_et_al_2026,Tijuana,TJE12-08,71,72,TJE12-08_72,0.6415,0.193764614,NA,NA,NA,NA,NA,NA,NA,NA,NA,NA,NA,NA,NA,NA,NA,NA,NA,NA
Brown_et_al_2026,Tijuana,TJE12-08,72,73,TJE12-08_73,0.96,0.1803125,NA,NA,NA,NA,NA,NA,NA,NA,NA,NA,NA,NA,NA,NA,NA,NA,NA,NA
Brown_et_al_2026,Tijuana,TJE12-08,73,74,TJE12-08_74,0.8431,0.168900486,NA,NA,NA,NA,NA,NA,NA,NA,NA,NA,NA,NA,NA,NA,NA,NA,NA,NA
Brown_et_al_2026,Tijuana,TJE12-08,74,75,TJE12-08_75,0.8039,0.186465978,NA,NA,NA,NA,NA,NA,NA,NA,NA,NA,NA,NA,NA,NA,NA,NA,NA,NA
Brown_et_al_2026,Tijuana,TJE12-08,75,76,TJE12-08_76,0.7498,0.182181915,NA,NA,NA,NA,NA,NA,NA,NA,NA,NA,NA,NA,NA,NA,NA,NA,NA,NA
Brown_et_al_2026,Tijuana,TJE12-08,76,77,TJE12-08_77,0.7039,0.190936213,NA,NA,NA,NA,NA,NA,NA,NA,NA,NA,NA,NA,NA,NA,NA,NA,NA,NA
Brown_et_al_2026,Tijuana,TJE12-08,77,78,TJE12-08_78,0.7379,0.180918824,NA,NA,NA,NA,NA,NA,NA,NA,NA,NA,NA,NA,NA,NA,NA,NA,NA,NA
Brown_et_al_2026,Tijuana,TJE12-08,78,79,TJE12-08_79,0.6327,0.196143512,NA,NA,NA,NA,NA,NA,NA,NA,NA,NA,NA,NA,NA,NA,NA,NA,NA,NA
Brown_et_al_2026,Tijuana,TJE12-08,79,80,TJE12-08_80,0.7157,0.212100042,NA,NA,NA,NA,NA,NA,NA,NA,NA,NA,NA,NA,NA,NA,NA,NA,NA,NA
Brown_et_al_2026,Tijuana,TJE12-08,80,81,TJE12-08_81,0.705,0.183829787,NA,NA,NA,NA,NA,NA,NA,NA,NA,NA,NA,NA,NA,NA,NA,NA,NA,NA
Brown_et_al_2026,Tijuana,TJE12-08,81,82,TJE12-08_82,0.8568,0.175887022,NA,NA,NA,NA,NA,NA,NA,NA,NA,NA,NA,NA,NA,NA,NA,NA,NA,NA
Brown_et_al_2026,Tijuana,TJE12-08,82,83,TJE12-08_83,0.8107,0.178117676,NA,NA,NA,NA,NA,NA,NA,NA,NA,NA,NA,NA,NA,NA,NA,NA,NA,NA
Brown_et_al_2026,Tijuana,TJE12-08,83,84,TJE12-08_84,0.9826,0.167107674,NA,NA,NA,NA,NA,NA,NA,NA,NA,NA,NA,NA,NA,NA,NA,NA,NA,NA
Brown_et_al_2026,Tijuana,TJE12-08,84,85,TJE12-08_85,0.8986,0.191853995,NA,NA,NA,NA,NA,NA,NA,NA,NA,NA,NA,NA,NA,NA,NA,NA,NA,NA
Brown_et_al_2026,Tijuana,TJE12-08,85,86,TJE12-08_86,0.8317,0.241914152,NA,NA,NA,NA,NA,NA,NA,NA,NA,NA,NA,NA,NA,NA,NA,NA,NA,NA
Brown_et_al_2026,Tijuana,TJE12-08,86,87,TJE12-08_87,0.8902,0.226465963,NA,NA,NA,NA,NA,NA,NA,NA,NA,NA,NA,NA,NA,NA,NA,NA,NA,NA
Brown_et_al_2026,Tijuana,TJE12-08,87,88,TJE12-08_88,0.8367,0.236285407,NA,NA,NA,NA,NA,NA,NA,NA,NA,NA,NA,NA,NA,NA,NA,NA,NA,NA
Brown_et_al_2026,Tijuana,TJE12-08,88,89,TJE12-08_89,1.0772,0.213516524,NA,NA,NA,NA,NA,NA,NA,NA,NA,NA,NA,NA,NA,NA,NA,NA,NA,NA
Brown_et_al_2026,Tijuana,TJE12-08,89,90,TJE12-08_90,0.7753,0.241325938,NA,NA,NA,NA,NA,NA,NA,NA,NA,NA,NA,NA,NA,NA,NA,NA,NA,NA
Brown_et_al_2026,Tijuana,TJE12-08,90,91,TJE12-08_91,1.2986,0.210611428,NA,NA,NA,NA,NA,NA,NA,NA,NA,NA,NA,NA,NA,NA,NA,NA,NA,NA
Brown_et_al_2026,Tijuana,TJE12-08,91,92,TJE12-08_92,0.8995,0.24446915,NA,NA,NA,NA,NA,NA,NA,NA,NA,NA,NA,NA,NA,NA,NA,NA,NA,NA
Brown_et_al_2026,Tijuana,TJE12-08,92,93,TJE12-08_93,0.8681,0.230733786,NA,NA,NA,NA,NA,NA,NA,NA,NA,NA,NA,NA,NA,NA,NA,NA,NA,NA
Brown_et_al_2026,Tijuana,TJE12-08,93,94,TJE12-08_94,0.857,0.221120187,NA,NA,NA,NA,NA,NA,NA,NA,NA,NA,NA,NA,NA,NA,NA,NA,NA,NA
Brown_et_al_2026,Tijuana,TJE12-08,94,95,TJE12-08_95,0.7911,0.224876754,NA,NA,NA,NA,NA,NA,NA,NA,NA,NA,NA,NA,NA,NA,NA,NA,NA,NA
Brown_et_al_2026,Tijuana,TJE12-08,95,96,TJE12-08_96,1.1062,0.17917194,NA,NA,NA,NA,NA,NA,NA,NA,NA,NA,NA,NA,NA,NA,NA,NA,NA,NA
Brown_et_al_2026,Tijuana,TJE12-08,141,142,TJE12-08_142,NA,NA,NA,NA,NA,NA,NA,NA,NA,NA,1610,30,terrestrial,TJE12-08 142 .052mgC,0.8181,0.0029,-181.9,2.9,NA,NA
Brown_et_al_2026,Triangle,TRM16-01,0,1,TRM16-01_1,0.5438,0.143251195,NA,NA,NA,NA,NA,NA,NA,NA,NA,NA,NA,NA,NA,NA,NA,NA,NA,NA
Brown_et_al_2026,Triangle,TRM16-01,1,2,TRM16-01_2,0.5715,0.133508312,NA,NA,NA,NA,NA,NA,NA,NA,NA,NA,NA,NA,NA,NA,NA,NA,NA,NA
Brown_et_al_2026,Triangle,TRM16-01,2,3,TRM16-01_3,0.5831,0.128451381,NA,NA,NA,NA,NA,NA,NA,NA,NA,NA,NA,NA,NA,NA,NA,NA,NA,NA
Brown_et_al_2026,Triangle,TRM16-01,3,4,TRM16-01_4,0.573,0.12582897,8.739820881,1.211217477,40.89572943,9.202205322,59.03871888,8.536737342,19.50829188,2.498992448,NA,NA,NA,NA,NA,NA,NA,NA,NA,NA
Brown_et_al_2026,Triangle,TRM16-01,4,5,TRM16-01_5,0.6349,0.123169003,NA,NA,NA,NA,NA,NA,NA,NA,NA,NA,NA,NA,NA,NA,NA,NA,NA,NA
Brown_et_al_2026,Triangle,TRM16-01,5,6,TRM16-01_6,0.5675,0.131982379,NA,NA,NA,NA,NA,NA,NA,NA,NA,NA,NA,NA,NA,NA,NA,NA,NA,NA
Brown_et_al_2026,Triangle,TRM16-01,6,7,TRM16-01_7,0.6292,0.131913541,NA,NA,NA,NA,NA,NA,NA,NA,NA,NA,NA,NA,NA,NA,NA,NA,NA,NA
Brown_et_al_2026,Triangle,TRM16-01,7,8,TRM16-01_8,0.61240000000000006,0.132593076,3.655046871,0.80759909,23.74912832,6.555579297,47.89709843,5.626540032,24.94278739,2.913632316,NA,NA,NA,NA,NA,NA,NA,NA,NA,NA
Brown_et_al_2026,Triangle,TRM16-01,8,9,TRM16-01_9,0.6334,0.11998737,NA,NA,NA,NA,NA,NA,NA,NA,NA,NA,NA,NA,NA,NA,NA,NA,NA,NA
Brown_et_al_2026,Triangle,TRM16-01,9,10,TRM16-01_10,0.6741,0.114968106,NA,NA,NA,NA,NA,NA,NA,NA,NA,NA,NA,NA,NA,NA,NA,NA,NA,NA
Brown_et_al_2026,Triangle,TRM16-01,10,11,TRM16-01_11,0.5994,0.113279947,NA,NA,NA,NA,NA,NA,NA,NA,NA,NA,NA,NA,NA,NA,NA,NA,NA,NA
Brown_et_al_2026,Triangle,TRM16-01,11,12,TRM16-01_12,0.5618,0.139551442,4.656620931,0.658090127,14.80473427,6.628631325,41.43112394,5.616783314,27.12429818,3.079728309,NA,NA,NA,NA,NA,NA,NA,NA,NA,NA
Brown_et_al_2026,Triangle,TRM16-01,12,13,TRM16-01_13,0.6547,0.133038033,NA,NA,NA,NA,NA,NA,NA,NA,NA,NA,NA,NA,NA,NA,NA,NA,NA,NA
Brown_et_al_2026,Triangle,TRM16-01,13,14,TRM16-01_14,0.6041,0.126634663,NA,NA,NA,NA,NA,NA,NA,NA,NA,NA,NA,NA,NA,NA,NA,NA,NA,NA
Brown_et_al_2026,Triangle,TRM16-01,14,15,TRM16-01_15,0.6538,0.117467115,NA,NA,NA,NA,NA,NA,NA,NA,NA,NA,NA,NA,NA,NA,NA,NA,NA,NA
Brown_et_al_2026,Triangle,TRM16-01,15,16,TRM16-01_16,0.6344,0.111916772,3.855519165,0.549690151,9.484961704,5.708801333,37.16436091,4.543945073,27.9999546,3.126873461,NA,NA,NA,NA,NA,NA,NA,NA,NA,NA
Brown_et_al_2026,Triangle,TRM16-01,16,17,TRM16-01_17,0.6134,0.101891099,NA,NA,NA,NA,NA,NA,NA,NA,NA,NA,NA,NA,NA,NA,NA,NA,NA,NA
Brown_et_al_2026,Triangle,TRM16-01,17,18,TRM16-01_18,0.6835,0.12026335,NA,NA,NA,NA,NA,NA,NA,NA,NA,NA,NA,NA,NA,NA,NA,NA,NA,NA
Brown_et_al_2026,Triangle,TRM16-01,18,19,TRM16-01_19,0.5958,0.104229607,NA,NA,NA,NA,NA,NA,NA,NA,NA,NA,NA,NA,NA,NA,NA,NA,NA,NA
Brown_et_al_2026,Triangle,TRM16-01,19,20,TRM16-01_20,0.5582,0.104442852,NA,NA,NA,NA,NA,NA,NA,NA,NA,NA,NA,NA,NA,NA,NA,NA,NA,NA
Brown_et_al_2026,Triangle,TRM16-01,20,21,TRM16-01_21,0.6672,0.102967626,NA,NA,NA,NA,NA,NA,NA,NA,NA,NA,NA,NA,NA,NA,NA,NA,NA,NA
Brown_et_al_2026,Triangle,TRM16-01,21,22,TRM16-01_22,0.6699,0.112255561,NA,NA,NA,NA,NA,NA,NA,NA,NA,NA,NA,NA,NA,NA,NA,NA,NA,NA
Brown_et_al_2026,Triangle,TRM16-01,22,23,TRM16-01_23,0.7126,0.112124614,NA,NA,NA,NA,NA,NA,NA,NA,NA,NA,NA,NA,NA,NA,NA,NA,NA,NA
Brown_et_al_2026,Triangle,TRM16-01,23,24,TRM16-01_24,0.6236,0.109044259,NA,NA,NA,NA,NA,NA,NA,NA,NA,NA,NA,NA,NA,NA,NA,NA,NA,NA
Brown_et_al_2026,Triangle,TRM16-01,24,25,TRM16-01_25,0.5957,0.116165855,NA,NA,NA,NA,NA,NA,NA,NA,NA,NA,NA,NA,NA,NA,NA,NA,NA,NA
Brown_et_al_2026,Triangle,TRM16-01,25,26,TRM16-01_26,0.6338,0.105553803,NA,NA,NA,NA,NA,NA,NA,NA,NA,NA,NA,NA,NA,NA,NA,NA,NA,NA
Brown_et_al_2026,Triangle,TRM16-01,26,27,TRM16-01_27,0.5766,0.109434617,NA,NA,NA,NA,NA,NA,NA,NA,NA,NA,NA,NA,NA,NA,NA,NA,NA,NA
Brown_et_al_2026,Triangle,TRM16-01,27,28,TRM16-01_28,0.6306,0.106089439,4.262066308,0.807786931,17.69803276,7.158762647,43.7076996,6.142962113,26.65864898,3.134057785,NA,NA,NA,NA,NA,NA,NA,NA,NA,NA
Brown_et_al_2026,Triangle,TRM16-01,28,29,TRM16-01_29,0.5852,0.113978127,NA,NA,NA,NA,NA,NA,NA,NA,NA,NA,NA,NA,NA,NA,NA,NA,NA,NA
Brown_et_al_2026,Triangle,TRM16-01,29,30,TRM16-01_30,0.587,0.104258944,4.41827768,0.723850252,14.31307157,5.699854847,37.24271783,4.714992242,23.53172874,2.753438276,NA,NA,NA,NA,NA,NA,NA,NA,NA,NA
Brown_et_al_2026,Triangle,TRM16-01,30,31,TRM16-01_31,0.5681,0.133251188,NA,NA,NA,NA,NA,NA,NA,NA,NA,NA,NA,NA,NA,NA,NA,NA,NA,NA
Brown_et_al_2026,Triangle,TRM16-01,31,32,TRM16-01_32,0.5551,0.123040894,5.212908397,0.897081164,4.359478936,6.04256444,30.82483876,4.867136225,26.64980828,3.130376201,NA,NA,NA,NA,NA,NA,NA,NA,NA,NA
Brown_et_al_2026,Triangle,TRM16-01,32,33,TRM16-01_33,0.5326,0.115095757,NA,NA,NA,NA,NA,NA,NA,NA,NA,NA,NA,NA,NA,NA,NA,NA,NA,NA
Brown_et_al_2026,Triangle,TRM16-01,33,34,TRM16-01_34,0.613,0.111582382,NA,NA,NA,NA,NA,NA,NA,NA,NA,NA,NA,NA,NA,NA,NA,NA,NA,NA
Brown_et_al_2026,Triangle,TRM16-01,34,35,TRM16-01_35,0.5887,0.11907593,NA,NA,NA,NA,NA,NA,NA,NA,NA,NA,NA,NA,NA,NA,NA,NA,NA,NA
Brown_et_al_2026,Triangle,TRM16-01,35,36,TRM16-01_36,0.6031,0.111921738,NA,NA,NA,NA,NA,NA,NA,NA,NA,NA,NA,NA,NA,NA,NA,NA,NA,NA
Brown_et_al_2026,Triangle,TRM16-01,36,37,TRM16-01_37,0.5567,0.108676127,NA,NA,NA,NA,NA,NA,NA,NA,NA,NA,NA,NA,NA,NA,NA,NA,NA,NA
Brown_et_al_2026,Triangle,TRM16-01,37,38,TRM16-01_38,0.6061,0.106913051,NA,NA,NA,NA,NA,NA,NA,NA,NA,NA,NA,NA,NA,NA,NA,NA,NA,NA
Brown_et_al_2026,Triangle,TRM16-01,38,39,TRM16-01_39,0.6234,0.109400064,NA,NA,NA,NA,NA,NA,NA,NA,NA,NA,NA,NA,NA,NA,NA,NA,NA,NA
Brown_et_al_2026,Triangle,TRM16-01,39,40,TRM16-01_40,0.5769,0.114924597,4.413450323,0.988826706,-1.561967726,6.936024946,32.20391607,5.434472854,33.69967004,3.818722973,NA,NA,NA,NA,NA,NA,NA,NA,NA,NA
Brown_et_al_2026,Triangle,TRM16-01,40,41,TRM16-01_41,0.6188,0.108112476,NA,NA,NA,NA,NA,NA,NA,NA,NA,NA,NA,NA,NA,NA,NA,NA,NA,NA
Brown_et_al_2026,Triangle,TRM16-01,41,42,TRM16-01_42,0.5762,0.116973273,NA,NA,NA,NA,NA,NA,NA,NA,NA,NA,NA,NA,NA,NA,NA,NA,NA,NA
Brown_et_al_2026,Triangle,TRM16-01,42,43,TRM16-01_43,0.5889,0.115299711,NA,NA,NA,NA,NA,NA,NA,NA,NA,NA,NA,NA,NA,NA,NA,NA,NA,NA
Brown_et_al_2026,Triangle,TRM16-01,43,44,TRM16-01_44,0.5637,0.13500088700000001,4.951243247,0.63663782,26.85825092,6.203048446,56.57297422,4.926760192,30.85765509,3.316584986,NA,NA,NA,NA,NA,NA,NA,NA,NA,NA
Brown_et_al_2026,Triangle,TRM16-01,44,45,TRM16-01_45,0.6554,0.105584376,NA,NA,NA,NA,NA,NA,NA,NA,NA,NA,NA,NA,NA,NA,NA,NA,NA,NA
Brown_et_al_2026,Triangle,TRM16-01,45,46,TRM16-01_46,0.6084,0.099769888,NA,NA,NA,NA,NA,NA,NA,NA,NA,NA,NA,NA,NA,NA,NA,NA,NA,NA
Brown_et_al_2026,Triangle,TRM16-01,46,47,TRM16-01_47,0.6043,0.113188814,NA,NA,NA,NA,NA,NA,NA,NA,NA,NA,NA,NA,NA,NA,NA,NA,NA,NA
Brown_et_al_2026,Triangle,TRM16-01,47,48,TRM16-01_48,0.6428,0.102209085,NA,NA,NA,NA,NA,NA,NA,NA,NA,NA,NA,NA,NA,NA,NA,NA,NA,NA
Brown_et_al_2026,Triangle,TRM16-01,48,49,TRM16-01_49,0.5838,0.124015074,NA,NA,NA,NA,NA,NA,NA,NA,NA,NA,NA,NA,NA,NA,NA,NA,NA,NA
Brown_et_al_2026,Triangle,TRM16-01,49,50,TRM16-01_50,0.5507,0.152896314,NA,NA,NA,NA,NA,NA,NA,NA,NA,NA,NA,NA,NA,NA,NA,NA,NA,NA
Brown_et_al_2026,Triangle,TRM16-01,50,51,TRM16-01_51,0.6335,0.029834254,NA,NA,NA,NA,NA,NA,NA,NA,NA,NA,NA,NA,NA,NA,NA,NA,NA,NA
Brown_et_al_2026,Triangle,TRM16-01,51,52,TRM16-01_52,0.6278,0.006212169,NA,NA,NA,NA,NA,NA,NA,NA,NA,NA,NA,NA,NA,NA,NA,NA,NA,NA
Brown_et_al_2026,Triangle,TRM16-01,52,53,TRM16-01_53,0.6526,0.016089488,NA,NA,NA,NA,NA,NA,NA,NA,NA,NA,NA,NA,NA,NA,NA,NA,NA,NA
Brown_et_al_2026,Triangle,TRM16-01,53,54,TRM16-01_54,0.6482,0.018204258,NA,NA,NA,NA,NA,NA,NA,NA,NA,NA,NA,NA,NA,NA,NA,NA,NA,NA
Brown_et_al_2026,Triangle,TRM16-01,54,55,TRM16-01_55,0.6399,0.022190967,NA,NA,NA,NA,NA,NA,NA,NA,NA,NA,NA,NA,NA,NA,NA,NA,NA,NA
Brown_et_al_2026,Triangle,TRM16-01,55,56,TRM16-01_56,0.6334,0.014366909,NA,NA,NA,NA,NA,NA,NA,NA,NA,NA,NA,NA,NA,NA,NA,NA,NA,NA
Brown_et_al_2026,Triangle,TRM16-01,56,57,TRM16-01_57,0.6052,0.035690681,NA,NA,NA,NA,NA,NA,NA,NA,NA,NA,NA,NA,NA,NA,NA,NA,NA,NA
Brown_et_al_2026,Triangle,TRM16-01,57,58,TRM16-01_58,0.6211,0.042505233,NA,NA,NA,NA,NA,NA,NA,NA,NA,NA,NA,NA,NA,NA,NA,NA,NA,NA
Brown_et_al_2026,Triangle,TRM16-01,58,59,TRM16-01_59,0.4741,0.056317233,NA,NA,NA,NA,NA,NA,NA,NA,NA,NA,NA,NA,NA,NA,NA,NA,NA,NA
Brown_et_al_2026,Triangle,TRM16-01,59,60,TRM16-01_60,0.4825,0.057823834,NA,NA,NA,NA,NA,NA,NA,NA,NA,NA,NA,NA,NA,NA,NA,NA,NA,NA
Brown_et_al_2026,Triangle,TRM16-01,60,61,TRM16-01_61,0.5108,0.08183242,NA,NA,NA,NA,NA,NA,NA,NA,NA,NA,NA,NA,NA,NA,NA,NA,NA,NA
Brown_et_al_2026,Triangle,TRM16-01,61,62,TRM16-01_62,0.4637,0.073323269,NA,NA,NA,NA,NA,NA,NA,NA,NA,NA,NA,NA,NA,NA,NA,NA,NA,NA
Brown_et_al_2026,Triangle,TRM16-01,62,63,TRM16-01_63,0.5664,0.035840395,NA,NA,NA,NA,NA,NA,NA,NA,NA,NA,NA,NA,NA,NA,NA,NA,NA,NA
Brown_et_al_2026,Triangle,TRM16-01,63,64,TRM16-01_64,0.5994,0.039706373,NA,NA,NA,NA,NA,NA,NA,NA,NA,NA,NA,NA,NA,NA,NA,NA,NA,NA
Brown_et_al_2026,Triangle,TRM16-01,64,65,TRM16-01_65,0.4281,0.075216071,NA,NA,NA,NA,NA,NA,NA,NA,NA,NA,NA,NA,NA,NA,NA,NA,NA,NA
Brown_et_al_2026,Triangle,TRM16-01,65,66,TRM16-01_66,0.4572,0.052930884,NA,NA,NA,NA,NA,NA,NA,NA,NA,NA,NA,NA,NA,NA,NA,NA,NA,NA
Brown_et_al_2026,Triangle,TRM16-01,66,67,TRM16-01_67,0.5266,0.055829852,NA,NA,NA,NA,NA,NA,NA,NA,NA,NA,NA,NA,NA,NA,NA,NA,NA,NA
Brown_et_al_2026,Triangle,TRM16-01,67,68,TRM16-01_68,0.545,0.063302752,NA,NA,NA,NA,NA,NA,NA,NA,NA,NA,NA,NA,NA,NA,NA,NA,NA,NA
Brown_et_al_2026,Triangle,TRM16-01,68,69,TRM16-01_69,0.5498,0.046562386,NA,NA,NA,NA,NA,NA,NA,NA,NA,NA,NA,NA,NA,NA,NA,NA,NA,NA
Brown_et_al_2026,Triangle,TRM16-01,69,70,TRM16-01_70,0.4954,0.060355268,NA,NA,NA,NA,NA,NA,NA,NA,NA,NA,NA,NA,NA,NA,NA,NA,NA,NA
Brown_et_al_2026,Triangle,TRM16-01,70,71,TRM16-01_71,0.4822,0.047698051,NA,NA,NA,NA,NA,NA,NA,NA,NA,NA,NA,NA,NA,NA,NA,NA,NA,NA
Brown_et_al_2026,Triangle,TRM16-01,71,72,TRM16-01_72,0.5101,0.062144678,NA,NA,NA,NA,NA,NA,NA,NA,NA,NA,NA,NA,NA,NA,NA,NA,NA,NA
Brown_et_al_2026,Triangle,TRM16-01,72,73,TRM16-01_73,0.489,0.046216769,NA,NA,NA,NA,NA,NA,NA,NA,NA,NA,NA,NA,NA,NA,NA,NA,NA,NA
Brown_et_al_2026,Triangle,TRM16-01,73,74,TRM16-01_74,0.5592,0.037017167,NA,NA,NA,NA,NA,NA,NA,NA,NA,NA,NA,NA,NA,NA,NA,NA,NA,NA
Brown_et_al_2026,Triangle,TRM16-01,74,75,TRM16-01_75,0.4562,0.052608505,NA,NA,NA,NA,NA,NA,NA,NA,NA,NA,NA,NA,NA,NA,NA,NA,NA,NA
Brown_et_al_2026,Triangle,TRM16-01,75,76,TRM16-01_76,0.5576,0.045911047,NA,NA,NA,NA,NA,NA,NA,NA,NA,NA,NA,NA,NA,NA,NA,NA,NA,NA
Brown_et_al_2026,Triangle,TRM16-01,76,77,TRM16-01_77,0.6133,0.031469102,NA,NA,NA,NA,NA,NA,NA,NA,NA,NA,NA,NA,NA,NA,NA,NA,NA,NA
Brown_et_al_2026,Triangle,TRM16-01,77,78,TRM16-01_78,0.504,0.055753968,NA,NA,NA,NA,NA,NA,NA,NA,NA,NA,NA,NA,NA,NA,NA,NA,NA,NA
Brown_et_al_2026,Triangle,TRM16-01,78,79,TRM16-01_79,0.6488,0.019266338,NA,NA,NA,NA,NA,NA,NA,NA,NA,NA,NA,NA,NA,NA,NA,NA,NA,NA
Brown_et_al_2026,Triangle,TRM16-01,79,80,TRM16-01_80,0.5751,0.031994436,NA,NA,NA,NA,NA,NA,NA,NA,NA,NA,NA,NA,NA,NA,NA,NA,NA,NA
Brown_et_al_2026,Triangle,TRM16-01,80,81,TRM16-01_81,0.5832,0.023148148,NA,NA,NA,NA,NA,NA,NA,NA,NA,NA,NA,NA,NA,NA,NA,NA,NA,NA
Brown_et_al_2026,Triangle,TRM16-01,81,82,TRM16-01_82,0.5581,0.017201218,NA,NA,NA,NA,NA,NA,NA,NA,NA,NA,NA,NA,NA,NA,NA,NA,NA,NA
Brown_et_al_2026,Triangle,TRM16-01,82,83,TRM16-01_83,0.538,0.050185874,NA,NA,NA,NA,NA,NA,NA,NA,NA,NA,NA,NA,NA,NA,NA,NA,NA,NA
Brown_et_al_2026,Triangle,TRM16-01,83,84,TRM16-01_84,0.5911,0.039756386,NA,NA,NA,NA,NA,NA,NA,NA,NA,NA,NA,NA,NA,NA,NA,NA,NA,NA
Brown_et_al_2026,Triangle,TRM16-01,84,85,TRM16-01_85,0.5399,0.040192628,NA,NA,NA,NA,NA,NA,NA,NA,NA,NA,NA,NA,NA,NA,NA,NA,NA,NA
Brown_et_al_2026,Triangle,TRM16-01,85,86,TRM16-01_86,0.5034,0.03178387,NA,NA,NA,NA,NA,NA,NA,NA,NA,NA,NA,NA,NA,NA,NA,NA,NA,NA
Brown_et_al_2026,Triangle,TRM16-01,86,87,TRM16-01_87,0.5687,0.035519606,NA,NA,NA,NA,NA,NA,NA,NA,NA,NA,NA,NA,NA,NA,NA,NA,NA,NA
Brown_et_al_2026,Triangle,TRM16-01,87,88,TRM16-01_88,0.4838,0.046713518,NA,NA,NA,NA,NA,NA,NA,NA,NA,NA,NA,NA,NA,NA,NA,NA,NA,NA
Brown_et_al_2026,Triangle,TRM16-01,88,89,TRM16-01_89,0.5324,0.050901578,NA,NA,NA,NA,NA,NA,NA,NA,NA,NA,NA,NA,NA,NA,NA,NA,NA,NA
Brown_et_al_2026,Triangle,TRM16-01,89,90,TRM16-01_90,0.555,0.031171171,NA,NA,NA,NA,NA,NA,NA,NA,NA,NA,NA,NA,NA,NA,NA,NA,NA,NA
Brown_et_al_2026,Triangle,TRM16-01,90,91,TRM16-01_91,0.4817,0.04131202,NA,NA,NA,NA,NA,NA,NA,NA,NA,NA,NA,NA,NA,NA,NA,NA,NA,NA
Brown_et_al_2026,Triangle,TRM16-01,91,92,TRM16-01_92,0.6243,0.022585296,NA,NA,NA,NA,NA,NA,NA,NA,NA,NA,NA,NA,NA,NA,NA,NA,NA,NA
Brown_et_al_2026,Triangle,TRM16-01,92,93,TRM16-01_93,0.6264,0.029693487,NA,NA,NA,NA,NA,NA,NA,NA,NA,NA,NA,NA,NA,NA,NA,NA,NA,NA
Brown_et_al_2026,Triangle,TRM16-01,93,94,TRM16-01_94,0.5647,0.046750487,NA,NA,NA,NA,NA,NA,NA,NA,NA,NA,NA,NA,NA,NA,NA,NA,NA,NA
Brown_et_al_2026,Triangle,TRM16-01,94,95,TRM16-01_95,0.6034,0.031322506,NA,NA,NA,NA,NA,NA,NA,NA,NA,NA,NA,NA,NA,NA,NA,NA,NA,NA
Brown_et_al_2026,Triangle,TRM16-01,95,96,TRM16-01_96,0.6176,0.033516839,NA,NA,NA,NA,NA,NA,NA,NA,NA,NA,NA,NA,NA,NA,NA,NA,NA,NA
Brown_et_al_2026,Triangle,TRM16-01,96,97,TRM16-01_97,0.5623,0.035746043,NA,NA,NA,NA,NA,NA,NA,NA,NA,NA,NA,NA,NA,NA,NA,NA,NA,NA
Brown_et_al_2026,Triangle,TRM16-01,97,98,TRM16-01_98,0.6111,0.030436917,NA,NA,NA,NA,NA,NA,NA,NA,NA,NA,NA,NA,NA,NA,NA,NA,NA,NA
Brown_et_al_2026,Triangle,TRM16-01,98,99,TRM16-01_99,0.6868,0.041059988,NA,NA,NA,NA,NA,NA,NA,NA,NA,NA,NA,NA,NA,NA,NA,NA,NA,NA
Brown_et_al_2026,Triangle,TRM16-01,99,100,TRM16-01_100,0.708,0.036016949,NA,NA,NA,NA,NA,NA,NA,NA,NA,NA,NA,NA,NA,NA,NA,NA,NA,NA
Brown_et_al_2026,Triangle,TRM16-01,162,163,TRM16-01_163,NA,NA,NA,NA,NA,NA,NA,NA,NA,NA,1105,25,terrestrial,TRM16-01_163 Plant .10mgC,0.8717,0.0024,-128.3,2.4,NA,NA
Brown_et_al_2026,Triangle,TRM16-01,245,246,TRM16-01_246,NA,NA,NA,NA,NA,NA,NA,NA,NA,NA,295,30,terrestrial,TRM16-01-246 .042mgC,0.9638,0.0031,-36.2,3.1,NA,NA
Brown_et_al_2026,Triangle,TRM16-01,282,283,TRM16-01_283,NA,NA,NA,NA,NA,NA,NA,NA,NA,NA,1805,15,terrestrial,TRM16-01-28 .25mgC,0.7989,0.0012,-201.1,1.2,NA,NA
Brown_et_al_2026,Triangle,TRM16-01,332,333,TRM16-01_333,NA,NA,NA,NA,NA,NA,NA,NA,NA,NA,1745,30,terrestrial,TRM16-01_333 Plant .11mgC,0.8045,0.0027,-195.5,2.7,NA,NA
Brown_et_al_2026,Triangle,TRM16-01,386,387,TRM16-01_387,NA,NA,NA,NA,NA,NA,NA,NA,NA,NA,1790,100,terrestrial,TRM16-01_387 Plant .025mgC,0.8005,0.0091,-199.5,9.1,NA,NA
Brown_et_al_2026,Triangle,TRM16-02,0,1,TRM16-02_1,0.617,0.130632091,NA,NA,NA,NA,NA,NA,NA,NA,NA,NA,NA,NA,NA,NA,NA,NA,NA,NA
Brown_et_al_2026,Triangle,TRM16-02,1,2,TRM16-02_2,0.7473,0.107185869,NA,NA,NA,NA,NA,NA,NA,NA,NA,NA,NA,NA,NA,NA,NA,NA,NA,NA
Brown_et_al_2026,Triangle,TRM16-02,2,3,TRM16-02_3,0.6747,0.11501408,NA,NA,NA,NA,NA,NA,NA,NA,NA,NA,NA,NA,NA,NA,NA,NA,NA,NA
Brown_et_al_2026,Triangle,TRM16-02,3,4,TRM16-02_4,0.6234,0.13538659,4.409557884,0.636150998,27.85407403,5.004737741,46.52938077,4.196234049,19.9218216,2.290711454,NA,NA,NA,NA,NA,NA,NA,NA,NA,NA
Brown_et_al_2026,Triangle,TRM16-02,4,5,TRM16-02_5,0.6486,0.128584644,NA,NA,NA,NA,NA,NA,NA,NA,NA,NA,NA,NA,NA,NA,NA,NA,NA,NA
Brown_et_al_2026,Triangle,TRM16-02,5,6,TRM16-02_6,0.7489,0.119642142,NA,NA,NA,NA,NA,NA,NA,NA,NA,NA,NA,NA,NA,NA,NA,NA,NA,NA
Brown_et_al_2026,Triangle,TRM16-02,6,7,TRM16-02_7,0.82457,0.097226433,NA,NA,NA,NA,NA,NA,NA,NA,NA,NA,NA,NA,NA,NA,NA,NA,NA,NA
Brown_et_al_2026,Triangle,TRM16-02,7,8,TRM16-02_8,0.7381,0.100121935,4.491487581,0.526603611,41.16891061,4.915869282,62.41338218,3.980936399,23.09353972,2.48915518,NA,NA,NA,NA,NA,NA,NA,NA,NA,NA
Brown_et_al_2026,Triangle,TRM16-02,8,9,TRM16-02_9,0.74263,0.101167472,NA,NA,NA,NA,NA,NA,NA,NA,NA,NA,NA,NA,NA,NA,NA,NA,NA,NA
Brown_et_al_2026,Triangle,TRM16-02,9,10,TRM16-02_10,0.5876,0.144656229,NA,NA,NA,NA,NA,NA,NA,NA,NA,NA,NA,NA,NA,NA,NA,NA,NA,NA
Brown_et_al_2026,Triangle,TRM16-02,10,11,TRM16-02_11,0.6461,0.109425786,NA,NA,NA,NA,NA,NA,NA,NA,NA,NA,NA,NA,NA,NA,NA,NA,NA,NA
Brown_et_al_2026,Triangle,TRM16-02,11,12,TRM16-02_12,0.7012,0.102395893,5.095681408,0.512082362,29.62242765,4.520546057,52.71766901,3.451933063,24.43293065,2.591433961,NA,NA,NA,NA,NA,NA,NA,NA,NA,NA
Brown_et_al_2026,Triangle,TRM16-02,12,13,TRM16-02_13,0.7299,0.099876695,NA,NA,NA,NA,NA,NA,NA,NA,NA,NA,NA,NA,NA,NA,NA,NA,NA,NA
Brown_et_al_2026,Triangle,TRM16-02,13,14,TRM16-02_14,0.7522,0.09518745,NA,NA,NA,NA,NA,NA,NA,NA,NA,NA,NA,NA,NA,NA,NA,NA,NA,NA
Brown_et_al_2026,Triangle,TRM16-02,14,15,TRM16-02_15,0.7285,0.09540151,NA,NA,NA,NA,NA,NA,NA,NA,NA,NA,NA,NA,NA,NA,NA,NA,NA,NA
Brown_et_al_2026,Triangle,TRM16-02,15,16,TRM16-02_16,0.7054,0.094272753,5.597821969,0.555029861,21.67463521,4.51818559,42.93210033,3.571791393,22.24329176,2.416931774,NA,NA,NA,NA,NA,NA,NA,NA,NA,NA
Brown_et_al_2026,Triangle,TRM16-02,16,17,TRM16-02_17,0.67490000000000006,0.093495333,NA,NA,NA,NA,NA,NA,NA,NA,NA,NA,NA,NA,NA,NA,NA,NA,NA,NA
Brown_et_al_2026,Triangle,TRM16-02,17,18,TRM16-02_18,0.735,0.083129252,NA,NA,NA,NA,NA,NA,NA,NA,NA,NA,NA,NA,NA,NA,NA,NA,NA,NA
Brown_et_al_2026,Triangle,TRM16-02,18,19,TRM16-02_19,0.8132,0.08915396,NA,NA,NA,NA,NA,NA,NA,NA,NA,NA,NA,NA,NA,NA,NA,NA,NA,NA
Brown_et_al_2026,Triangle,TRM16-02,19,20,TRM16-02_20,0.7544,0.087884411,4.304181345,0.635023083,15.04224574,5.658254086,39.57397969,4.635397108,25.22078653,2.768205484,NA,NA,NA,NA,NA,NA,NA,NA,NA,NA
Brown_et_al_2026,Triangle,TRM16-02,20,21,TRM16-02_21,0.7077,0.081107814,NA,NA,NA,NA,NA,NA,NA,NA,NA,NA,NA,NA,NA,NA,NA,NA,NA,NA
Brown_et_al_2026,Triangle,TRM16-02,21,22,TRM16-02_22,0.6919,0.083249024,NA,NA,NA,NA,NA,NA,NA,NA,NA,NA,NA,NA,NA,NA,NA,NA,NA,NA
Brown_et_al_2026,Triangle,TRM16-02,22,23,TRM16-02_23,0.6469,0.084247952,NA,NA,NA,NA,NA,NA,NA,NA,NA,NA,NA,NA,NA,NA,NA,NA,NA,NA
Brown_et_al_2026,Triangle,TRM16-02,23,24,TRM16-02_24,0.7443,0.079672175,6.221911292,0.812538256,11.41217889,5.664166114,37.46467291,4.544907796,26.57618777,2.923979502,NA,NA,NA,NA,NA,NA,NA,NA,NA,NA
Brown_et_al_2026,Triangle,TRM16-02,24,25,TRM16-02_25,0.6671,0.077349723,NA,NA,NA,NA,NA,NA,NA,NA,NA,NA,NA,NA,NA,NA,NA,NA,NA,NA
Brown_et_al_2026,Triangle,TRM16-02,25,26,TRM16-02_26,0.6812,0.086611861,NA,NA,NA,NA,NA,NA,NA,NA,NA,NA,NA,NA,NA,NA,NA,NA,NA,NA
Brown_et_al_2026,Triangle,TRM16-02,26,27,TRM16-02_27,0.6722,0.093424576,NA,NA,NA,NA,NA,NA,NA,NA,NA,NA,NA,NA,NA,NA,NA,NA,NA,NA
Brown_et_al_2026,Triangle,TRM16-02,27,28,TRM16-02_28,0.7138,0.100728495,NA,NA,NA,NA,NA,NA,NA,NA,NA,NA,NA,NA,NA,NA,NA,NA,NA,NA
Brown_et_al_2026,Triangle,TRM16-02,28,29,TRM16-02_29,0.6438,0.09972041,NA,NA,NA,NA,NA,NA,NA,NA,NA,NA,NA,NA,NA,NA,NA,NA,NA,NA
Brown_et_al_2026,Triangle,TRM16-02,29,30,TRM16-02_30,0.6727,0.092760517,5.30086069,0.601450142,11.60336755,4.699013508,34.70806092,3.684007938,23.6390447,2.553809675,NA,NA,NA,NA,NA,NA,NA,NA,NA,NA
Brown_et_al_2026,Triangle,TRM16-02,30,31,TRM16-02_31,0.7114,0.07745291,NA,NA,NA,NA,NA,NA,NA,NA,NA,NA,NA,NA,NA,NA,NA,NA,NA,NA
Brown_et_al_2026,Triangle,TRM16-02,31,32,TRM16-02_32,0.6486,0.087264878,3.848964574,0.757081138,3.977159612,5.570077266,31.37383199,4.385640299,27.58144016,2.996020826,NA,NA,NA,NA,NA,NA,NA,NA,NA,NA
Brown_et_al_2026,Triangle,TRM16-02,32,33,TRM16-02_33,0.6112,0.08802356,NA,NA,NA,NA,NA,NA,NA,NA,NA,NA,NA,NA,NA,NA,NA,NA,NA,NA
Brown_et_al_2026,Triangle,TRM16-02,33,34,TRM16-02_34,0.5567,0.09735944,NA,NA,NA,NA,NA,NA,NA,NA,NA,NA,NA,NA,NA,NA,NA,NA,NA,NA
Brown_et_al_2026,Triangle,TRM16-02,34,35,TRM16-02_35,0.6568,0.104902558,NA,NA,NA,NA,NA,NA,NA,NA,NA,NA,NA,NA,NA,NA,NA,NA,NA,NA
Brown_et_al_2026,Triangle,TRM16-02,35,36,TRM16-02_36,0.641,0.093915757,NA,NA,NA,NA,NA,NA,NA,NA,NA,NA,NA,NA,NA,NA,NA,NA,NA,NA
Brown_et_al_2026,Triangle,TRM16-02,36,37,TRM16-02_37,0.6034,0.094133245,NA,NA,NA,NA,NA,NA,NA,NA,NA,NA,NA,NA,NA,NA,NA,NA,NA,NA
Brown_et_al_2026,Triangle,TRM16-02,37,38,TRM16-02_38,0.6606,0.087042083,NA,NA,NA,NA,NA,NA,NA,NA,NA,NA,NA,NA,NA,NA,NA,NA,NA,NA
Brown_et_al_2026,Triangle,TRM16-02,38,39,TRM16-02_39,0.6135,0.089486553,NA,NA,NA,NA,NA,NA,NA,NA,NA,NA,NA,NA,NA,NA,NA,NA,NA,NA
Brown_et_al_2026,Triangle,TRM16-02,39,40,TRM16-02_40,0.6211,0.093704717,5.31203372,0.769298109,14.88408718,6.403143642,40.36156681,5.368772502,26.16895294,2.907835087,NA,NA,NA,NA,NA,NA,NA,NA,NA,NA
Brown_et_al_2026,Triangle,TRM16-02,40,41,TRM16-02_41,0.7334,0.096263976,NA,NA,NA,NA,NA,NA,NA,NA,NA,NA,NA,NA,NA,NA,NA,NA,NA,NA
Brown_et_al_2026,Triangle,TRM16-02,41,42,TRM16-02_42,0.6367,0.09784828,NA,NA,NA,NA,NA,NA,NA,NA,NA,NA,NA,NA,NA,NA,NA,NA,NA,NA
Brown_et_al_2026,Triangle,TRM16-02,42,43,TRM16-02_43,0.5951,0.105360444,NA,NA,NA,NA,NA,NA,NA,NA,NA,NA,NA,NA,NA,NA,NA,NA,NA,NA
Brown_et_al_2026,Triangle,TRM16-02,43,44,TRM16-02_44,0.6815,0.085399853,4.430213914,0.629771515,9.633018873,5.131226196,38.83779016,3.732317042,29.65385781,3.162527642,NA,NA,NA,NA,NA,NA,NA,NA,NA,NA
Brown_et_al_2026,Triangle,TRM16-02,44,45,TRM16-02_45,0.687,0.085443959,NA,NA,NA,NA,NA,NA,NA,NA,NA,NA,NA,NA,NA,NA,NA,NA,NA,NA
Brown_et_al_2026,Triangle,TRM16-02,45,46,TRM16-02_46,0.523,0.106309751,NA,NA,NA,NA,NA,NA,NA,NA,NA,NA,NA,NA,NA,NA,NA,NA,NA,NA
Brown_et_al_2026,Triangle,TRM16-02,46,47,TRM16-02_47,0.66,0.095454545,NA,NA,NA,NA,NA,NA,NA,NA,NA,NA,NA,NA,NA,NA,NA,NA,NA,NA
Brown_et_al_2026,Triangle,TRM16-02,47,48,TRM16-02_48,0.707,0.100141443,NA,NA,NA,NA,NA,NA,NA,NA,NA,NA,NA,NA,NA,NA,NA,NA,NA,NA
Brown_et_al_2026,Triangle,TRM16-02,48,49,TRM16-02_49,0.6761,0.092737761,NA,NA,NA,NA,NA,NA,NA,NA,NA,NA,NA,NA,NA,NA,NA,NA,NA,NA
Brown_et_al_2026,Triangle,TRM16-02,49,50,TRM16-02_50,0.5432,0.108431517,NA,NA,NA,NA,NA,NA,NA,NA,NA,NA,NA,NA,NA,NA,NA,NA,NA,NA
Brown_et_al_2026,Triangle,TRM16-02,50,51,TRM16-02_51,0.5801,0.108429581,NA,NA,NA,NA,NA,NA,NA,NA,NA,NA,NA,NA,NA,NA,NA,NA,NA,NA
Brown_et_al_2026,Triangle,TRM16-02,51,52,TRM16-02_52,0.7437,0.09533414,NA,NA,NA,NA,NA,NA,NA,NA,NA,NA,NA,NA,NA,NA,NA,NA,NA,NA
Brown_et_al_2026,Triangle,TRM16-02,52,53,TRM16-02_53,0.6295,0.096425735,NA,NA,NA,NA,NA,NA,NA,NA,NA,NA,NA,NA,NA,NA,NA,NA,NA,NA
Brown_et_al_2026,Triangle,TRM16-02,53,54,TRM16-02_54,0.6408,0.108926342,NA,NA,NA,NA,NA,NA,NA,NA,NA,NA,NA,NA,NA,NA,NA,NA,NA,NA
Brown_et_al_2026,Triangle,TRM16-02,54,55,TRM16-02_55,0.5,0.167,NA,NA,NA,NA,NA,NA,NA,NA,NA,NA,NA,NA,NA,NA,NA,NA,NA,NA
Brown_et_al_2026,Triangle,TRM16-02,55,56,TRM16-02_56,0.5805,0.124547804,NA,NA,NA,NA,NA,NA,NA,NA,NA,NA,NA,NA,NA,NA,NA,NA,NA,NA
Brown_et_al_2026,Triangle,TRM16-02,56,57,TRM16-02_57,0.5859,0.114353985,NA,NA,NA,NA,NA,NA,NA,NA,NA,NA,NA,NA,NA,NA,NA,NA,NA,NA
Brown_et_al_2026,Triangle,TRM16-02,57,58,TRM16-02_58,0.614,0.110912052,NA,NA,NA,NA,NA,NA,NA,NA,NA,NA,NA,NA,NA,NA,NA,NA,NA,NA
Brown_et_al_2026,Triangle,TRM16-02,58,59,TRM16-02_59,0.5528,0.126447178,NA,NA,NA,NA,NA,NA,NA,NA,NA,NA,NA,NA,NA,NA,NA,NA,NA,NA
Brown_et_al_2026,Triangle,TRM16-02,59,60,TRM16-02_60,0.4926,0.140479091,NA,NA,NA,NA,NA,NA,NA,NA,NA,NA,NA,NA,NA,NA,NA,NA,NA,NA
Brown_et_al_2026,Triangle,TRM16-02,60,61,TRM16-02_61,0.4053,0.183320997,NA,NA,NA,NA,NA,NA,NA,NA,NA,NA,NA,NA,NA,NA,NA,NA,NA,NA
Brown_et_al_2026,Triangle,TRM16-02,61,62,TRM16-02_62,0.4364,0.13863428,NA,NA,NA,NA,NA,NA,NA,NA,NA,NA,NA,NA,NA,NA,NA,NA,NA,NA
Brown_et_al_2026,Triangle,TRM16-02,62,63,TRM16-02_63,0.6049,0.101339064,NA,NA,NA,NA,NA,NA,NA,NA,NA,NA,NA,NA,NA,NA,NA,NA,NA,NA
Brown_et_al_2026,Triangle,TRM16-02,63,64,TRM16-02_64,0.4384,0.121122263,NA,NA,NA,NA,NA,NA,NA,NA,NA,NA,NA,NA,NA,NA,NA,NA,NA,NA
Brown_et_al_2026,Triangle,TRM16-02,64,65,TRM16-02_65,0.5042,0.125743753,NA,NA,NA,NA,NA,NA,NA,NA,NA,NA,NA,NA,NA,NA,NA,NA,NA,NA
Brown_et_al_2026,Triangle,TRM16-02,65,66,TRM16-02_66,0.4292,0.140260951,NA,NA,NA,NA,NA,NA,NA,NA,NA,NA,NA,NA,NA,NA,NA,NA,NA,NA
Brown_et_al_2026,Triangle,TRM16-02,66,67,TRM16-02_67,0.3699,0.167883212,NA,NA,NA,NA,NA,NA,NA,NA,NA,NA,NA,NA,NA,NA,NA,NA,NA,NA
Brown_et_al_2026,Triangle,TRM16-02,67,68,TRM16-02_68,0.5899,0.11154433,NA,NA,NA,NA,NA,NA,NA,NA,NA,NA,NA,NA,NA,NA,NA,NA,NA,NA
Brown_et_al_2026,Triangle,TRM16-02,68,69,TRM16-02_69,0.5966,0.089171975,NA,NA,NA,NA,NA,NA,NA,NA,NA,NA,NA,NA,NA,NA,NA,NA,NA,NA
Brown_et_al_2026,Triangle,TRM16-02,69,70,TRM16-02_70,0.6429,0.090371753,NA,NA,NA,NA,NA,NA,NA,NA,NA,NA,NA,NA,NA,NA,NA,NA,NA,NA
Brown_et_al_2026,Triangle,TRM16-02,70,71,TRM16-02_71,0.5495,0.091355778,NA,NA,NA,NA,NA,NA,NA,NA,NA,NA,NA,NA,NA,NA,NA,NA,NA,NA
Brown_et_al_2026,Triangle,TRM16-02,71,72,TRM16-02_72,0.5437,0.094353504,NA,NA,NA,NA,NA,NA,NA,NA,NA,NA,NA,NA,NA,NA,NA,NA,NA,NA
Brown_et_al_2026,Triangle,TRM16-02,72,73,TRM16-02_73,0.5023,0.107505475,NA,NA,NA,NA,NA,NA,NA,NA,NA,NA,NA,NA,NA,NA,NA,NA,NA,NA
Brown_et_al_2026,Triangle,TRM16-02,73,74,TRM16-02_74,0.5624,0.102418208,NA,NA,NA,NA,NA,NA,NA,NA,NA,NA,NA,NA,NA,NA,NA,NA,NA,NA
Brown_et_al_2026,Triangle,TRM16-02,74,75,TRM16-02_75,0.6246,0.098142811,NA,NA,NA,NA,NA,NA,NA,NA,NA,NA,NA,NA,NA,NA,NA,NA,NA,NA
Brown_et_al_2026,Triangle,TRM16-02,75,76,TRM16-02_76,0.4602,0.109083007,NA,NA,NA,NA,NA,NA,NA,NA,NA,NA,NA,NA,NA,NA,NA,NA,NA,NA
Brown_et_al_2026,Triangle,TRM16-02,76,77,TRM16-02_77,0.6454,0.079175705,NA,NA,NA,NA,NA,NA,NA,NA,NA,NA,NA,NA,NA,NA,NA,NA,NA,NA
Brown_et_al_2026,Triangle,TRM16-02,77,78,TRM16-02_78,0.8164,0.067123959,NA,NA,NA,NA,NA,NA,NA,NA,NA,NA,NA,NA,NA,NA,NA,NA,NA,NA
Brown_et_al_2026,Triangle,TRM16-02,78,79,TRM16-02_79,0.7126,0.079146786,NA,NA,NA,NA,NA,NA,NA,NA,NA,NA,NA,NA,NA,NA,NA,NA,NA,NA
Brown_et_al_2026,Triangle,TRM16-02,79,80,TRM16-02_80,0.6222,0.084538734,NA,NA,NA,NA,NA,NA,NA,NA,NA,NA,NA,NA,NA,NA,NA,NA,NA,NA
Brown_et_al_2026,Triangle,TRM16-02,80,81,TRM16-02_81,0.6646,0.071772495,NA,NA,NA,NA,NA,NA,NA,NA,NA,NA,NA,NA,NA,NA,NA,NA,NA,NA
Brown_et_al_2026,Triangle,TRM16-02,81,82,TRM16-02_82,0.662,0.08081571,NA,NA,NA,NA,NA,NA,NA,NA,NA,NA,NA,NA,NA,NA,NA,NA,NA,NA
Brown_et_al_2026,Triangle,TRM16-02,82,83,TRM16-02_83,0.6728,0.076099881,NA,NA,NA,NA,NA,NA,NA,NA,NA,NA,NA,NA,NA,NA,NA,NA,NA,NA
Brown_et_al_2026,Triangle,TRM16-02,83,84,TRM16-02_84,0.54990000000000006,0.111111111,NA,NA,NA,NA,NA,NA,NA,NA,NA,NA,NA,NA,NA,NA,NA,NA,NA,NA
Brown_et_al_2026,Triangle,TRM16-02,84,85,TRM16-02_85,0.6685,0.084218399,NA,NA,NA,NA,NA,NA,NA,NA,NA,NA,NA,NA,NA,NA,NA,NA,NA,NA
Brown_et_al_2026,Triangle,TRM16-02,85,86,TRM16-02_86,0.6842,0.080678164,NA,NA,NA,NA,NA,NA,NA,NA,NA,NA,NA,NA,NA,NA,NA,NA,NA,NA
Brown_et_al_2026,Triangle,TRM16-02,86,87,TRM16-02_87,0.5816,0.075481431,NA,NA,NA,NA,NA,NA,NA,NA,NA,NA,NA,NA,NA,NA,NA,NA,NA,NA
Brown_et_al_2026,Triangle,TRM16-02,87,88,TRM16-02_88,0.6297,0.075591552,NA,NA,NA,NA,NA,NA,NA,NA,NA,NA,NA,NA,NA,NA,NA,NA,NA,NA
Brown_et_al_2026,Triangle,TRM16-02,88,89,TRM16-02_89,0.6256,0.091112532,NA,NA,NA,NA,NA,NA,NA,NA,NA,NA,NA,NA,NA,NA,NA,NA,NA,NA
Brown_et_al_2026,Triangle,TRM16-02,89,90,TRM16-02_90,0.5175,0.09352657,NA,NA,NA,NA,NA,NA,NA,NA,NA,NA,NA,NA,NA,NA,NA,NA,NA,NA
Brown_et_al_2026,Triangle,TRM16-02,90,91,TRM16-02_91,0.5719,0.109109984,NA,NA,NA,NA,NA,NA,NA,NA,NA,NA,NA,NA,NA,NA,NA,NA,NA,NA
Brown_et_al_2026,Triangle,TRM16-02,91,92,TRM16-02_92,0.6385,0.076429131,NA,NA,NA,NA,NA,NA,NA,NA,NA,NA,NA,NA,NA,NA,NA,NA,NA,NA
Brown_et_al_2026,Triangle,TRM16-02,92,93,TRM16-02_93,0.5078,0.090783773,NA,NA,NA,NA,NA,NA,NA,NA,NA,NA,NA,NA,NA,NA,NA,NA,NA,NA
Brown_et_al_2026,Triangle,TRM16-02,93,94,TRM16-02_94,0.5848,0.082934337,NA,NA,NA,NA,NA,NA,NA,NA,NA,NA,NA,NA,NA,NA,NA,NA,NA,NA
Brown_et_al_2026,Triangle,TRM16-02,94,95,TRM16-02_95,0.5443,0.078449385,NA,NA,NA,NA,NA,NA,NA,NA,NA,NA,NA,NA,NA,NA,NA,NA,NA,NA
Brown_et_al_2026,Triangle,TRM16-02,95,96,TRM16-02_96,0.5426,0.085882787,NA,NA,NA,NA,NA,NA,NA,NA,NA,NA,NA,NA,NA,NA,NA,NA,NA,NA
Brown_et_al_2026,Triangle,TRM16-02,96,97,TRM16-02_97,0.5803,0.081681889,NA,NA,NA,NA,NA,NA,NA,NA,NA,NA,NA,NA,NA,NA,NA,NA,NA,NA
Brown_et_al_2026,Triangle,TRM16-02,97,98,TRM16-02_98,0.6825,0.077509158,NA,NA,NA,NA,NA,NA,NA,NA,NA,NA,NA,NA,NA,NA,NA,NA,NA,NA
Brown_et_al_2026,Triangle,TRM16-02,98,99,TRM16-02_99,0.6238,0.07181789,NA,NA,NA,NA,NA,NA,NA,NA,NA,NA,NA,NA,NA,NA,NA,NA,NA,NA
Brown_et_al_2026,Triangle,TRM16-02,99,100,TRM16-02_100,0.6485,0.079105628,NA,NA,NA,NA,NA,NA,NA,NA,NA,NA,NA,NA,NA,NA,NA,NA,NA,NA
Brown_et_al_2026,Triangle,TRM16-02,148,149,TRM16-02_149,NA,NA,NA,NA,NA,NA,NA,NA,NA,NA,325,40,terrestrial,TRM16-02_149 Plant .063mgC,0.9601,0.0044,-39.9,4.4,NA,NA
Brown_et_al_2026,Triangle,TRM16-02,240,241,TRM16-02_241,NA,NA,NA,NA,NA,NA,NA,NA,NA,NA,350,15,terrestrial,TRM16-02-241,0.9574,0.0014,-42.6,1.4,NA,NA
Brown_et_al_2026,Triangle,TRM16-02,324,325,TRM16-02_325,NA,NA,NA,NA,NA,NA,NA,NA,NA,NA,875,15,terrestrial,TRM16-02 325 .11mgC,0.8968,0.0015,-103.2,1.5,NA,NA
Brown_et_al_2026,Triangle,TRM16-02,426,427,TRM16-02_427,NA,NA,NA,NA,NA,NA,NA,NA,NA,NA,1345,15,terrestrial,TRM16-02-427 .26mgC,0.8457,0.0013,-154.3,1.3,NA,NA
Brown_et_al_2026,Triangle,TRM16-02,510,511,TRM16-02_511,NA,NA,NA,NA,NA,NA,NA,NA,NA,NA,1905,15,terrestrial,TRM16-02 511,0.7889,0.0013,-211.1,1.3,NA,NA
Brown_et_al_2026,Triangle,TRM16-02,538,539,TRM16-02_539,NA,NA,NA,NA,NA,NA,NA,NA,NA,NA,3310,110,terrestrial,TRM16-02_539 Plant .025mgC,0.6627,0.0086,-337.3,8.6,NA,NA
Brown_et_al_2026,Triangle,TRM16-03,0,1,TRM16-03_1,0.5868,0.171267894,NA,NA,NA,NA,NA,NA,NA,NA,NA,NA,NA,NA,NA,NA,NA,NA,NA,NA
Brown_et_al_2026,Triangle,TRM16-03,1,2,TRM16-03_2,0.6271,0.129644395,NA,NA,NA,NA,NA,NA,NA,NA,NA,NA,NA,NA,NA,NA,NA,NA,NA,NA
Brown_et_al_2026,Triangle,TRM16-03,2,3,TRM16-03_3,0.625,0.11904000000000001,NA,NA,NA,NA,NA,NA,NA,NA,NA,NA,NA,NA,NA,NA,NA,NA,NA,NA
Brown_et_al_2026,Triangle,TRM16-03,3,4,TRM16-03_4,0.609,0.124466338,NA,NA,NA,NA,NA,NA,NA,NA,NA,NA,NA,NA,NA,NA,NA,NA,NA,NA
Brown_et_al_2026,Triangle,TRM16-03,4,5,TRM16-03_5,0.7104,0.114583333,NA,NA,NA,NA,NA,NA,NA,NA,NA,NA,NA,NA,NA,NA,NA,NA,NA,NA
Brown_et_al_2026,Triangle,TRM16-03,5,6,TRM16-03_6,0.6208,0.124033505,NA,NA,NA,NA,NA,NA,NA,NA,NA,NA,NA,NA,NA,NA,NA,NA,NA,NA
Brown_et_al_2026,Triangle,TRM16-03,6,7,TRM16-03_7,0.662,0.106344411,NA,NA,NA,NA,NA,NA,NA,NA,NA,NA,NA,NA,NA,NA,NA,NA,NA,NA
Brown_et_al_2026,Triangle,TRM16-03,7,8,TRM16-03_8,0.6352,0.111618388,NA,NA,NA,NA,NA,NA,NA,NA,NA,NA,NA,NA,NA,NA,NA,NA,NA,NA
Brown_et_al_2026,Triangle,TRM16-03,8,9,TRM16-03_9,0.678,0.094985251,NA,NA,NA,NA,NA,NA,NA,NA,NA,NA,NA,NA,NA,NA,NA,NA,NA,NA
Brown_et_al_2026,Triangle,TRM16-03,9,10,TRM16-03_10,0.7819,0.088758153,NA,NA,NA,NA,NA,NA,NA,NA,NA,NA,NA,NA,NA,NA,NA,NA,NA,NA
Brown_et_al_2026,Triangle,TRM16-03,10,11,TRM16-03_11,0.6482,0.09055847,NA,NA,NA,NA,NA,NA,NA,NA,NA,NA,NA,NA,NA,NA,NA,NA,NA,NA
Brown_et_al_2026,Triangle,TRM16-03,11,12,TRM16-03_12,0.7022,0.087154657,NA,NA,NA,NA,NA,NA,NA,NA,NA,NA,NA,NA,NA,NA,NA,NA,NA,NA
Brown_et_al_2026,Triangle,TRM16-03,12,13,TRM16-03_13,0.6801,0.082781944,NA,NA,NA,NA,NA,NA,NA,NA,NA,NA,NA,NA,NA,NA,NA,NA,NA,NA
Brown_et_al_2026,Triangle,TRM16-03,13,14,TRM16-03_14,0.6936,0.087658593,NA,NA,NA,NA,NA,NA,NA,NA,NA,NA,NA,NA,NA,NA,NA,NA,NA,NA
Brown_et_al_2026,Triangle,TRM16-03,14,15,TRM16-03_15,0.7784,0.093653649,NA,NA,NA,NA,NA,NA,NA,NA,NA,NA,NA,NA,NA,NA,NA,NA,NA,NA
Brown_et_al_2026,Triangle,TRM16-03,15,16,TRM16-03_16,0.6304,0.106916244,NA,NA,NA,NA,NA,NA,NA,NA,NA,NA,NA,NA,NA,NA,NA,NA,NA,NA
Brown_et_al_2026,Triangle,TRM16-03,16,17,TRM16-03_17,0.6133,0.086743845,NA,NA,NA,NA,NA,NA,NA,NA,NA,NA,NA,NA,NA,NA,NA,NA,NA,NA
Brown_et_al_2026,Triangle,TRM16-03,17,18,TRM16-03_18,0.5856,0.081113388,NA,NA,NA,NA,NA,NA,NA,NA,NA,NA,NA,NA,NA,NA,NA,NA,NA,NA
Brown_et_al_2026,Triangle,TRM16-03,18,19,TRM16-03_19,0.7053,0.082801645,NA,NA,NA,NA,NA,NA,NA,NA,NA,NA,NA,NA,NA,NA,NA,NA,NA,NA
Brown_et_al_2026,Triangle,TRM16-03,19,20,TRM16-03_20,0.8182,0.080053777,NA,NA,NA,NA,NA,NA,NA,NA,NA,NA,NA,NA,NA,NA,NA,NA,NA,NA
Brown_et_al_2026,Triangle,TRM16-03,20,21,TRM16-03_21,0.751,0.079227696,NA,NA,NA,NA,NA,NA,NA,NA,NA,NA,NA,NA,NA,NA,NA,NA,NA,NA
Brown_et_al_2026,Triangle,TRM16-03,21,22,TRM16-03_22,0.6835,0.080029261,NA,NA,NA,NA,NA,NA,NA,NA,NA,NA,NA,NA,NA,NA,NA,NA,NA,NA
Brown_et_al_2026,Triangle,TRM16-03,22,23,TRM16-03_23,0.7035,0.08869936,NA,NA,NA,NA,NA,NA,NA,NA,NA,NA,NA,NA,NA,NA,NA,NA,NA,NA
Brown_et_al_2026,Triangle,TRM16-03,23,24,TRM16-03_24,0.713,0.08401122,NA,NA,NA,NA,NA,NA,NA,NA,NA,NA,NA,NA,NA,NA,NA,NA,NA,NA
Brown_et_al_2026,Triangle,TRM16-03,24,25,TRM16-03_25,0.755,0.080529801,NA,NA,NA,NA,NA,NA,NA,NA,NA,NA,NA,NA,NA,NA,NA,NA,NA,NA
Brown_et_al_2026,Triangle,TRM16-03,25,26,TRM16-03_26,0.7009,0.082608075,NA,NA,NA,NA,NA,NA,NA,NA,NA,NA,NA,NA,NA,NA,NA,NA,NA,NA
Brown_et_al_2026,Triangle,TRM16-03,26,27,TRM16-03_27,0.659,0.091502276,NA,NA,NA,NA,NA,NA,NA,NA,NA,NA,NA,NA,NA,NA,NA,NA,NA,NA
Brown_et_al_2026,Triangle,TRM16-03,27,28,TRM16-03_28,0.6533,0.097351906,NA,NA,NA,NA,NA,NA,NA,NA,NA,NA,NA,NA,NA,NA,NA,NA,NA,NA
Brown_et_al_2026,Triangle,TRM16-03,28,29,TRM16-03_29,0.6478,0.096789132,NA,NA,NA,NA,NA,NA,NA,NA,NA,NA,NA,NA,NA,NA,NA,NA,NA,NA
Brown_et_al_2026,Triangle,TRM16-03,29,30,TRM16-03_30,0.6608,0.088226392,NA,NA,NA,NA,NA,NA,NA,NA,NA,NA,NA,NA,NA,NA,NA,NA,NA,NA
Brown_et_al_2026,Triangle,TRM16-03,30,31,TRM16-03_31,0.6469,0.08053795,NA,NA,NA,NA,NA,NA,NA,NA,NA,NA,NA,NA,NA,NA,NA,NA,NA,NA
Brown_et_al_2026,Triangle,TRM16-03,31,32,TRM16-03_32,0.581,0.078657487,NA,NA,NA,NA,NA,NA,NA,NA,NA,NA,NA,NA,NA,NA,NA,NA,NA,NA
Brown_et_al_2026,Triangle,TRM16-03,32,33,TRM16-03_33,0.6798,0.078993822,NA,NA,NA,NA,NA,NA,NA,NA,NA,NA,NA,NA,NA,NA,NA,NA,NA,NA
Brown_et_al_2026,Triangle,TRM16-03,33,34,TRM16-03_34,0.7193,0.081885166,NA,NA,NA,NA,NA,NA,NA,NA,NA,NA,NA,NA,NA,NA,NA,NA,NA,NA
Brown_et_al_2026,Triangle,TRM16-03,34,35,TRM16-03_35,0.5862,0.102695326,NA,NA,NA,NA,NA,NA,NA,NA,NA,NA,NA,NA,NA,NA,NA,NA,NA,NA
Brown_et_al_2026,Triangle,TRM16-03,35,36,TRM16-03_36,0.6492,0.098120764,NA,NA,NA,NA,NA,NA,NA,NA,NA,NA,NA,NA,NA,NA,NA,NA,NA,NA
Brown_et_al_2026,Triangle,TRM16-03,36,37,TRM16-03_37,0.6374,0.10260433,NA,NA,NA,NA,NA,NA,NA,NA,NA,NA,NA,NA,NA,NA,NA,NA,NA,NA
Brown_et_al_2026,Triangle,TRM16-03,37,38,TRM16-03_38,0.4953,0.132041187,NA,NA,NA,NA,NA,NA,NA,NA,NA,NA,NA,NA,NA,NA,NA,NA,NA,NA
Brown_et_al_2026,Triangle,TRM16-03,38,39,TRM16-03_39,0.5033,0.109676137,NA,NA,NA,NA,NA,NA,NA,NA,NA,NA,NA,NA,NA,NA,NA,NA,NA,NA
Brown_et_al_2026,Triangle,TRM16-03,39,40,TRM16-03_40,0.5291,0.098658099,NA,NA,NA,NA,NA,NA,NA,NA,NA,NA,NA,NA,NA,NA,NA,NA,NA,NA
Brown_et_al_2026,Triangle,TRM16-03,40,41,TRM16-03_41,0.5909,0.09832459,NA,NA,NA,NA,NA,NA,NA,NA,NA,NA,NA,NA,NA,NA,NA,NA,NA,NA
Brown_et_al_2026,Triangle,TRM16-03,41,42,TRM16-03_42,0.6227,0.097478722,NA,NA,NA,NA,NA,NA,NA,NA,NA,NA,NA,NA,NA,NA,NA,NA,NA,NA
Brown_et_al_2026,Triangle,TRM16-03,42,43,TRM16-03_43,0.5993,0.097447022,NA,NA,NA,NA,NA,NA,NA,NA,NA,NA,NA,NA,NA,NA,NA,NA,NA,NA
Brown_et_al_2026,Triangle,TRM16-03,43,44,TRM16-03_44,0.5576,0.092539455,NA,NA,NA,NA,NA,NA,NA,NA,NA,NA,NA,NA,NA,NA,NA,NA,NA,NA
Brown_et_al_2026,Triangle,TRM16-03,44,45,TRM16-03_45,0.6033,0.085861097,NA,NA,NA,NA,NA,NA,NA,NA,NA,NA,NA,NA,NA,NA,NA,NA,NA,NA
Brown_et_al_2026,Triangle,TRM16-03,45,46,TRM16-03_46,0.6,0.097166667,NA,NA,NA,NA,NA,NA,NA,NA,NA,NA,NA,NA,NA,NA,NA,NA,NA,NA
Brown_et_al_2026,Triangle,TRM16-03,46,47,TRM16-03_47,0.5489,0.089998178,NA,NA,NA,NA,NA,NA,NA,NA,NA,NA,NA,NA,NA,NA,NA,NA,NA,NA
Brown_et_al_2026,Triangle,TRM16-03,47,48,TRM16-03_48,0.5337,0.106614203,NA,NA,NA,NA,NA,NA,NA,NA,NA,NA,NA,NA,NA,NA,NA,NA,NA,NA
Brown_et_al_2026,Triangle,TRM16-03,48,49,TRM16-03_49,0.6531,0.1010565,NA,NA,NA,NA,NA,NA,NA,NA,NA,NA,NA,NA,NA,NA,NA,NA,NA,NA
Brown_et_al_2026,Triangle,TRM16-03,49,50,TRM16-03_50,0.5966,0.08079115,NA,NA,NA,NA,NA,NA,NA,NA,NA,NA,NA,NA,NA,NA,NA,NA,NA,NA
Brown_et_al_2026,Triangle,TRM16-03,50,51,TRM16-03_51,0.6743,0.078155124,NA,NA,NA,NA,NA,NA,NA,NA,NA,NA,NA,NA,NA,NA,NA,NA,NA,NA
Brown_et_al_2026,Triangle,TRM16-03,51,52,TRM16-03_52,0.5903,0.102659665,NA,NA,NA,NA,NA,NA,NA,NA,NA,NA,NA,NA,NA,NA,NA,NA,NA,NA
Brown_et_al_2026,Triangle,TRM16-03,52,53,TRM16-03_53,0.6335,0.086029992,NA,NA,NA,NA,NA,NA,NA,NA,NA,NA,NA,NA,NA,NA,NA,NA,NA,NA
Brown_et_al_2026,Triangle,TRM16-03,53,54,TRM16-03_54,0.6453,0.086471409,NA,NA,NA,NA,NA,NA,NA,NA,NA,NA,NA,NA,NA,NA,NA,NA,NA,NA
Brown_et_al_2026,Triangle,TRM16-03,54,55,TRM16-03_55,0.5776,0.08933518,NA,NA,NA,NA,NA,NA,NA,NA,NA,NA,NA,NA,NA,NA,NA,NA,NA,NA
Brown_et_al_2026,Triangle,TRM16-03,55,56,TRM16-03_56,0.6381,0.083372512,NA,NA,NA,NA,NA,NA,NA,NA,NA,NA,NA,NA,NA,NA,NA,NA,NA,NA
Brown_et_al_2026,Triangle,TRM16-03,56,57,TRM16-03_57,0.5442,0.095185594,NA,NA,NA,NA,NA,NA,NA,NA,NA,NA,NA,NA,NA,NA,NA,NA,NA,NA
Brown_et_al_2026,Triangle,TRM16-03,57,58,TRM16-03_58,0.5847,0.0950915,NA,NA,NA,NA,NA,NA,NA,NA,NA,NA,NA,NA,NA,NA,NA,NA,NA,NA
Brown_et_al_2026,Triangle,TRM16-03,58,59,TRM16-03_59,0.67,0.076567164,NA,NA,NA,NA,NA,NA,NA,NA,NA,NA,NA,NA,NA,NA,NA,NA,NA,NA
Brown_et_al_2026,Triangle,TRM16-03,59,60,TRM16-03_60,0.5836,0.120973269,NA,NA,NA,NA,NA,NA,NA,NA,NA,NA,NA,NA,NA,NA,NA,NA,NA,NA
Brown_et_al_2026,Triangle,TRM16-03,60,61,TRM16-03_61,0.6144,0.078450521,NA,NA,NA,NA,NA,NA,NA,NA,NA,NA,NA,NA,NA,NA,NA,NA,NA,NA
Brown_et_al_2026,Triangle,TRM16-03,61,62,TRM16-03_62,0.6367,0.07852992,NA,NA,NA,NA,NA,NA,NA,NA,NA,NA,NA,NA,NA,NA,NA,NA,NA,NA
Brown_et_al_2026,Triangle,TRM16-03,62,63,TRM16-03_63,0.5599,0.087337024,NA,NA,NA,NA,NA,NA,NA,NA,NA,NA,NA,NA,NA,NA,NA,NA,NA,NA
Brown_et_al_2026,Triangle,TRM16-03,63,64,TRM16-03_64,0.5695,0.081826163,NA,NA,NA,NA,NA,NA,NA,NA,NA,NA,NA,NA,NA,NA,NA,NA,NA,NA
Brown_et_al_2026,Triangle,TRM16-03,64,65,TRM16-03_65,0.5663,0.091117782,NA,NA,NA,NA,NA,NA,NA,NA,NA,NA,NA,NA,NA,NA,NA,NA,NA,NA
Brown_et_al_2026,Triangle,TRM16-03,65,66,TRM16-03_66,0.6397,0.085821479,NA,NA,NA,NA,NA,NA,NA,NA,NA,NA,NA,NA,NA,NA,NA,NA,NA,NA
Brown_et_al_2026,Triangle,TRM16-03,66,67,TRM16-03_67,0.6082,0.080894443,NA,NA,NA,NA,NA,NA,NA,NA,NA,NA,NA,NA,NA,NA,NA,NA,NA,NA
Brown_et_al_2026,Triangle,TRM16-03,67,68,TRM16-03_68,0.7803,0.072408048,NA,NA,NA,NA,NA,NA,NA,NA,NA,NA,NA,NA,NA,NA,NA,NA,NA,NA
Brown_et_al_2026,Triangle,TRM16-03,68,69,TRM16-03_69,0.6374,0.081738312,NA,NA,NA,NA,NA,NA,NA,NA,NA,NA,NA,NA,NA,NA,NA,NA,NA,NA
Brown_et_al_2026,Triangle,TRM16-03,69,70,TRM16-03_70,0.7972,0.070245861,NA,NA,NA,NA,NA,NA,NA,NA,NA,NA,NA,NA,NA,NA,NA,NA,NA,NA
Brown_et_al_2026,Triangle,TRM16-03,70,71,TRM16-03_71,0.7419,0.067798895,NA,NA,NA,NA,NA,NA,NA,NA,NA,NA,NA,NA,NA,NA,NA,NA,NA,NA
Brown_et_al_2026,Triangle,TRM16-03,71,72,TRM16-03_72,0.7379,0.071283372,NA,NA,NA,NA,NA,NA,NA,NA,NA,NA,NA,NA,NA,NA,NA,NA,NA,NA
Brown_et_al_2026,Triangle,TRM16-03,72,73,TRM16-03_73,0.68,0.082941176,NA,NA,NA,NA,NA,NA,NA,NA,NA,NA,NA,NA,NA,NA,NA,NA,NA,NA
Brown_et_al_2026,Triangle,TRM16-03,73,74,TRM16-03_74,0.651,0.083717358,NA,NA,NA,NA,NA,NA,NA,NA,NA,NA,NA,NA,NA,NA,NA,NA,NA,NA
Brown_et_al_2026,Triangle,TRM16-03,74,75,TRM16-03_75,0.5842,0.082505991,NA,NA,NA,NA,NA,NA,NA,NA,NA,NA,NA,NA,NA,NA,NA,NA,NA,NA
Brown_et_al_2026,Triangle,TRM16-03,75,76,TRM16-03_76,0.7152,0.070329978,NA,NA,NA,NA,NA,NA,NA,NA,NA,NA,NA,NA,NA,NA,NA,NA,NA,NA
Brown_et_al_2026,Triangle,TRM16-03,76,77,TRM16-03_77,0.5791,0.076498014,NA,NA,NA,NA,NA,NA,NA,NA,NA,NA,NA,NA,NA,NA,NA,NA,NA,NA
Brown_et_al_2026,Triangle,TRM16-03,77,78,TRM16-03_78,0.6328,0.080594185,NA,NA,NA,NA,NA,NA,NA,NA,NA,NA,NA,NA,NA,NA,NA,NA,NA,NA
Brown_et_al_2026,Triangle,TRM16-03,78,79,TRM16-03_79,0.5692,0.097680956,NA,NA,NA,NA,NA,NA,NA,NA,NA,NA,NA,NA,NA,NA,NA,NA,NA,NA
Brown_et_al_2026,Triangle,TRM16-03,79,80,TRM16-03_80,0.5852,0.083219412,NA,NA,NA,NA,NA,NA,NA,NA,NA,NA,NA,NA,NA,NA,NA,NA,NA,NA
Brown_et_al_2026,Triangle,TRM16-03,80,81,TRM16-03_81,0.676,0.075443787,NA,NA,NA,NA,NA,NA,NA,NA,NA,NA,NA,NA,NA,NA,NA,NA,NA,NA
Brown_et_al_2026,Triangle,TRM16-03,81,82,TRM16-03_82,0.6181,0.08380521,NA,NA,NA,NA,NA,NA,NA,NA,NA,NA,NA,NA,NA,NA,NA,NA,NA,NA
Brown_et_al_2026,Triangle,TRM16-03,82,83,TRM16-03_83,0.7063,0.077587427,NA,NA,NA,NA,NA,NA,NA,NA,NA,NA,NA,NA,NA,NA,NA,NA,NA,NA
Brown_et_al_2026,Triangle,TRM16-03,83,84,TRM16-03_84,0.6212,0.07340631,NA,NA,NA,NA,NA,NA,NA,NA,NA,NA,NA,NA,NA,NA,NA,NA,NA,NA
Brown_et_al_2026,Triangle,TRM16-03,84,85,TRM16-03_85,0.648,0.073611111,NA,NA,NA,NA,NA,NA,NA,NA,NA,NA,NA,NA,NA,NA,NA,NA,NA,NA
Brown_et_al_2026,Triangle,TRM16-03,85,86,TRM16-03_86,0.5748,0.073590814,NA,NA,NA,NA,NA,NA,NA,NA,NA,NA,NA,NA,NA,NA,NA,NA,NA,NA
Brown_et_al_2026,Triangle,TRM16-03,86,87,TRM16-03_87,0.6496,0.080818966,NA,NA,NA,NA,NA,NA,NA,NA,NA,NA,NA,NA,NA,NA,NA,NA,NA,NA
Brown_et_al_2026,Triangle,TRM16-03,87,88,TRM16-03_88,0.6782,0.084046004,NA,NA,NA,NA,NA,NA,NA,NA,NA,NA,NA,NA,NA,NA,NA,NA,NA,NA
Brown_et_al_2026,Triangle,TRM16-03,88,89,TRM16-03_89,0.5448,0.08314978,NA,NA,NA,NA,NA,NA,NA,NA,NA,NA,NA,NA,NA,NA,NA,NA,NA,NA
Brown_et_al_2026,Triangle,TRM16-03,89,90,TRM16-03_90,0.5904,0.071646341,NA,NA,NA,NA,NA,NA,NA,NA,NA,NA,NA,NA,NA,NA,NA,NA,NA,NA
Brown_et_al_2026,Triangle,TRM16-03,90,91,TRM16-03_91,0.6909,0.069185121,NA,NA,NA,NA,NA,NA,NA,NA,NA,NA,NA,NA,NA,NA,NA,NA,NA,NA
Brown_et_al_2026,Triangle,TRM16-03,91,92,TRM16-03_92,0.6505,0.068562644,NA,NA,NA,NA,NA,NA,NA,NA,NA,NA,NA,NA,NA,NA,NA,NA,NA,NA
Brown_et_al_2026,Triangle,TRM16-03,92,93,TRM16-03_93,0.6406,0.06665626,NA,NA,NA,NA,NA,NA,NA,NA,NA,NA,NA,NA,NA,NA,NA,NA,NA,NA
Brown_et_al_2026,Triangle,TRM16-03,93,94,TRM16-03_94,0.7223,0.068115741,NA,NA,NA,NA,NA,NA,NA,NA,NA,NA,NA,NA,NA,NA,NA,NA,NA,NA
Brown_et_al_2026,Triangle,TRM16-03,94,95,TRM16-03_95,0.5924,0.073767725,NA,NA,NA,NA,NA,NA,NA,NA,NA,NA,NA,NA,NA,NA,NA,NA,NA,NA
Brown_et_al_2026,Triangle,TRM16-03,95,96,TRM16-03_96,0.6996,0.066180675,NA,NA,NA,NA,NA,NA,NA,NA,NA,NA,NA,NA,NA,NA,NA,NA,NA,NA
Brown_et_al_2026,Triangle,TRM16-03,96,97,TRM16-03_97,0.6442,0.06830177,NA,NA,NA,NA,NA,NA,NA,NA,NA,NA,NA,NA,NA,NA,NA,NA,NA,NA
Brown_et_al_2026,Triangle,TRM16-03,97,98,TRM16-03_98,0.6215,0.069509252,NA,NA,NA,NA,NA,NA,NA,NA,NA,NA,NA,NA,NA,NA,NA,NA,NA,NA
Brown_et_al_2026,Triangle,TRM16-03,98,99,TRM16-03_99,0.6542,0.06420055,NA,NA,NA,NA,NA,NA,NA,NA,NA,NA,NA,NA,NA,NA,NA,NA,NA,NA
Brown_et_al_2026,Triangle,TRM16-04,0,1,TRM16-04_1,0.8775,0.078860399,NA,NA,NA,NA,NA,NA,NA,NA,NA,NA,NA,NA,NA,NA,NA,NA,NA,NA
Brown_et_al_2026,Triangle,TRM16-04,1,2,TRM16-04_2,0.8525,0.075777126,NA,NA,NA,NA,NA,NA,NA,NA,NA,NA,NA,NA,NA,NA,NA,NA,NA,NA
Brown_et_al_2026,Triangle,TRM16-04,2,3,TRM16-04_3,0.7211,0.083206213,NA,NA,NA,NA,NA,NA,NA,NA,NA,NA,NA,NA,NA,NA,NA,NA,NA,NA
Brown_et_al_2026,Triangle,TRM16-04,3,4,TRM16-04_4,0.7425,0.075286195,4.663449353,0.774226984,36.03614287,6.513660121,59.90858414,5.541063228,25.41473848,2.858391583,NA,NA,NA,NA,NA,NA,NA,NA,NA,NA
Brown_et_al_2026,Triangle,TRM16-04,4,5,TRM16-04_5,0.6836,0.091135167,NA,NA,NA,NA,NA,NA,NA,NA,NA,NA,NA,NA,NA,NA,NA,NA,NA,NA
Brown_et_al_2026,Triangle,TRM16-04,5,6,TRM16-04_6,0.8342,0.076120834,NA,NA,NA,NA,NA,NA,NA,NA,NA,NA,NA,NA,NA,NA,NA,NA,NA,NA
Brown_et_al_2026,Triangle,TRM16-04,6,7,TRM16-04_7,0.7859,0.083725665,NA,NA,NA,NA,NA,NA,NA,NA,NA,NA,NA,NA,NA,NA,NA,NA,NA,NA
Brown_et_al_2026,Triangle,TRM16-04,7,8,TRM16-04_8,0.8833,0.07777652,4.840841268,0.803820164,34.03721714,6.024226881,57.44876173,5.047357201,24.87660728,2.785419282,NA,NA,NA,NA,NA,NA,NA,NA,NA,NA
Brown_et_al_2026,Triangle,TRM16-04,8,9,TRM16-04_9,0.7605,0.076397107,NA,NA,NA,NA,NA,NA,NA,NA,NA,NA,NA,NA,NA,NA,NA,NA,NA,NA
Brown_et_al_2026,Triangle,TRM16-04,9,10,TRM16-04_10,0.7195,0.072272411,NA,NA,NA,NA,NA,NA,NA,NA,NA,NA,NA,NA,NA,NA,NA,NA,NA,NA
Brown_et_al_2026,Triangle,TRM16-04,10,11,TRM16-04_11,0.7482,0.075113606,NA,NA,NA,NA,NA,NA,NA,NA,NA,NA,NA,NA,NA,NA,NA,NA,NA,NA
Brown_et_al_2026,Triangle,TRM16-04,11,12,TRM16-04_12,0.8217,0.063648534,5.51463528,0.739214275,23.23599744,5.537659723,47.10167312,4.46713,24.86771406,2.850013444,NA,NA,NA,NA,NA,NA,NA,NA,NA,NA
Brown_et_al_2026,Triangle,TRM16-04,12,13,TRM16-04_13,0.8359,0.06699366,NA,NA,NA,NA,NA,NA,NA,NA,NA,NA,NA,NA,NA,NA,NA,NA,NA,NA
Brown_et_al_2026,Triangle,TRM16-04,13,14,TRM16-04_14,0.7732,0.06751164,NA,NA,NA,NA,NA,NA,NA,NA,NA,NA,NA,NA,NA,NA,NA,NA,NA,NA
Brown_et_al_2026,Triangle,TRM16-04,14,15,TRM16-04_15,0.821,0.065042631,NA,NA,NA,NA,NA,NA,NA,NA,NA,NA,NA,NA,NA,NA,NA,NA,NA,NA
Brown_et_al_2026,Triangle,TRM16-04,15,16,TRM16-04_16,0.8072,0.070242815,4.46861168,0.69142098,22.571361,5.548161261,48.42641482,4.37930668,26.83210583,2.999416852,NA,NA,NA,NA,NA,NA,NA,NA,NA,NA
Brown_et_al_2026,Triangle,TRM16-04,16,17,TRM16-04_17,0.9095,0.064980759,NA,NA,NA,NA,NA,NA,NA,NA,NA,NA,NA,NA,NA,NA,NA,NA,NA,NA
Brown_et_al_2026,Triangle,TRM16-04,17,18,TRM16-04_18,0.7385,0.074339878,NA,NA,NA,NA,NA,NA,NA,NA,NA,NA,NA,NA,NA,NA,NA,NA,NA,NA
Brown_et_al_2026,Triangle,TRM16-04,18,19,TRM16-04_19,0.87,0.06954023,NA,NA,NA,NA,NA,NA,NA,NA,NA,NA,NA,NA,NA,NA,NA,NA,NA,NA
Brown_et_al_2026,Triangle,TRM16-04,19,20,TRM16-04_20,0.7076,0.069248163,4.690263791,0.724165469,24.34959291,6.228392342,48.00515796,5.255394887,24.71355639,2.806390519,NA,NA,NA,NA,NA,NA,NA,NA,NA,NA
Brown_et_al_2026,Triangle,TRM16-04,20,21,TRM16-04_21,0.8149,0.066572586,NA,NA,NA,NA,NA,NA,NA,NA,NA,NA,NA,NA,NA,NA,NA,NA,NA,NA
Brown_et_al_2026,Triangle,TRM16-04,21,22,TRM16-04_22,0.7665,0.05975212,NA,NA,NA,NA,NA,NA,NA,NA,NA,NA,NA,NA,NA,NA,NA,NA,NA,NA
Brown_et_al_2026,Triangle,TRM16-04,22,23,TRM16-04_23,0.8179,0.063821983,NA,NA,NA,NA,NA,NA,NA,NA,NA,NA,NA,NA,NA,NA,NA,NA,NA,NA
Brown_et_al_2026,Triangle,TRM16-04,23,24,TRM16-04_24,0.8024,0.06555334,NA,NA,NA,NA,NA,NA,NA,NA,NA,NA,NA,NA,NA,NA,NA,NA,NA,NA
Brown_et_al_2026,Triangle,TRM16-04,24,25,TRM16-04_25,0.7163,0.069105124,NA,NA,NA,NA,NA,NA,NA,NA,NA,NA,NA,NA,NA,NA,NA,NA,NA,NA
Brown_et_al_2026,Triangle,TRM16-04,25,26,TRM16-04_26,0.8203,0.059978057,NA,NA,NA,NA,NA,NA,NA,NA,NA,NA,NA,NA,NA,NA,NA,NA,NA,NA
Brown_et_al_2026,Triangle,TRM16-04,26,27,TRM16-04_27,0.8703,0.058600483,NA,NA,NA,NA,NA,NA,NA,NA,NA,NA,NA,NA,NA,NA,NA,NA,NA,NA
Brown_et_al_2026,Triangle,TRM16-04,27,28,TRM16-04_28,0.8158,0.063128218,4.383511484,0.69481159,22.79380072,5.893715699,42.5612591,5.111050464,20.76156108,2.376816405,NA,NA,NA,NA,NA,NA,NA,NA,NA,NA
Brown_et_al_2026,Triangle,TRM16-04,28,29,TRM16-04_29,0.7256,0.066703418,NA,NA,NA,NA,NA,NA,NA,NA,NA,NA,NA,NA,NA,NA,NA,NA,NA,NA
Brown_et_al_2026,Triangle,TRM16-04,29,30,TRM16-04_30,0.7211,0.06379143,4.491371599,0.583434756,23.15681739,5.312752125,45.6923363,4.392122369,23.54922289,2.552943717,NA,NA,NA,NA,NA,NA,NA,NA,NA,NA
Brown_et_al_2026,Triangle,TRM16-04,30,31,TRM16-04_31,0.6271,0.060915325,NA,NA,NA,NA,NA,NA,NA,NA,NA,NA,NA,NA,NA,NA,NA,NA,NA,NA
Brown_et_al_2026,Triangle,TRM16-04,31,32,TRM16-04_32,0.6549,0.05664987,4.597952052,0.772857892,13.78578686,6.213361761,35.61468858,5.342404855,22.43686955,2.59509927,NA,NA,NA,NA,NA,NA,NA,NA,NA,NA
Brown_et_al_2026,Triangle,TRM16-04,32,33,TRM16-04_33,0.7963,0.056888108,NA,NA,NA,NA,NA,NA,NA,NA,NA,NA,NA,NA,NA,NA,NA,NA,NA,NA
Brown_et_al_2026,Triangle,TRM16-04,33,34,TRM16-04_34,0.5767,0.05912953,NA,NA,NA,NA,NA,NA,NA,NA,NA,NA,NA,NA,NA,NA,NA,NA,NA,NA
Brown_et_al_2026,Triangle,TRM16-04,34,35,TRM16-04_35,0.654,0.074311927,NA,NA,NA,NA,NA,NA,NA,NA,NA,NA,NA,NA,NA,NA,NA,NA,NA,NA
Brown_et_al_2026,Triangle,TRM16-04,35,36,TRM16-04_36,0.7176,0.071627648,NA,NA,NA,NA,NA,NA,NA,NA,NA,NA,NA,NA,NA,NA,NA,NA,NA,NA
Brown_et_al_2026,Triangle,TRM16-04,36,37,TRM16-04_37,0.7758,0.065351895,NA,NA,NA,NA,NA,NA,NA,NA,NA,NA,NA,NA,NA,NA,NA,NA,NA,NA
Brown_et_al_2026,Triangle,TRM16-04,37,38,TRM16-04_38,0.7222,0.060786486,NA,NA,NA,NA,NA,NA,NA,NA,NA,NA,NA,NA,NA,NA,NA,NA,NA,NA
Brown_et_al_2026,Triangle,TRM16-04,38,39,TRM16-04_39,0.6652,0.066897174,NA,NA,NA,NA,NA,NA,NA,NA,NA,NA,NA,NA,NA,NA,NA,NA,NA,NA
Brown_et_al_2026,Triangle,TRM16-04,39,40,TRM16-04_40,0.5519,0.064504439,6.110664935,0.70502512,9.411999093,5.334098752,35.30635004,4.198218483,26.31096125,2.892141027,NA,NA,NA,NA,NA,NA,NA,NA,NA,NA
Brown_et_al_2026,Triangle,TRM16-04,40,41,TRM16-04_41,0.6281,0.08533673,NA,NA,NA,NA,NA,NA,NA,NA,NA,NA,NA,NA,NA,NA,NA,NA,NA,NA
Brown_et_al_2026,Triangle,TRM16-04,41,42,TRM16-04_42,0.5149,0.096329384,NA,NA,NA,NA,NA,NA,NA,NA,NA,NA,NA,NA,NA,NA,NA,NA,NA,NA
Brown_et_al_2026,Triangle,TRM16-04,42,43,TRM16-04_43,0.7039,0.061656485,NA,NA,NA,NA,NA,NA,NA,NA,NA,NA,NA,NA,NA,NA,NA,NA,NA,NA
Brown_et_al_2026,Triangle,TRM16-04,43,44,TRM16-04_44,0.5878,0.06005444,4.993463279,0.686018101,15.87593956,5.665251914,35.78829402,4.814865489,20.62024705,2.472606748,NA,NA,NA,NA,NA,NA,NA,NA,NA,NA
Brown_et_al_2026,Triangle,TRM16-04,44,45,TRM16-04_45,0.6865,0.057975237,NA,NA,NA,NA,NA,NA,NA,NA,NA,NA,NA,NA,NA,NA,NA,NA,NA,NA
Brown_et_al_2026,Triangle,TRM16-04,45,46,TRM16-04_46,0.5639,0.05727966,NA,NA,NA,NA,NA,NA,NA,NA,NA,NA,NA,NA,NA,NA,NA,NA,NA,NA
Brown_et_al_2026,Triangle,TRM16-04,46,47,TRM16-04_47,0.7356,0.065524742,NA,NA,NA,NA,NA,NA,NA,NA,NA,NA,NA,NA,NA,NA,NA,NA,NA,NA
Brown_et_al_2026,Triangle,TRM16-04,47,48,TRM16-04_48,0.6049,0.067449165,NA,NA,NA,NA,NA,NA,NA,NA,NA,NA,NA,NA,NA,NA,NA,NA,NA,NA
Brown_et_al_2026,Triangle,TRM16-04,48,49,TRM16-04_49,0.5543,0.078657767,NA,NA,NA,NA,NA,NA,NA,NA,NA,NA,NA,NA,NA,NA,NA,NA,NA,NA
Brown_et_al_2026,Triangle,TRM16-04,50,51,TRM16-04_51,0.6251,0.071828507,NA,NA,NA,NA,NA,NA,NA,NA,NA,NA,NA,NA,NA,NA,NA,NA,NA,NA
Brown_et_al_2026,Triangle,TRM16-04,51,52,TRM16-04_52,0.647,0.067233385,NA,NA,NA,NA,NA,NA,NA,NA,NA,NA,NA,NA,NA,NA,NA,NA,NA,NA
Brown_et_al_2026,Triangle,TRM16-04,52,53,TRM16-04_53,0.5792,0.063017956,NA,NA,NA,NA,NA,NA,NA,NA,NA,NA,NA,NA,NA,NA,NA,NA,NA,NA
Brown_et_al_2026,Triangle,TRM16-04,53,54,TRM16-04_54,0.587,0.068654174,NA,NA,NA,NA,NA,NA,NA,NA,NA,NA,NA,NA,NA,NA,NA,NA,NA,NA
Brown_et_al_2026,Triangle,TRM16-04,54,55,TRM16-04_55,0.6294,0.062122657,NA,NA,NA,NA,NA,NA,NA,NA,NA,NA,NA,NA,NA,NA,NA,NA,NA,NA
Brown_et_al_2026,Triangle,TRM16-04,55,56,TRM16-04_56,0.6721,0.072459455,NA,NA,NA,NA,NA,NA,NA,NA,NA,NA,NA,NA,NA,NA,NA,NA,NA,NA
Brown_et_al_2026,Triangle,TRM16-04,56,57,TRM16-04_57,0.6854,0.068864896,NA,NA,NA,NA,NA,NA,NA,NA,NA,NA,NA,NA,NA,NA,NA,NA,NA,NA
Brown_et_al_2026,Triangle,TRM16-04,57,58,TRM16-04_58,0.5834,0.076791224,NA,NA,NA,NA,NA,NA,NA,NA,NA,NA,NA,NA,NA,NA,NA,NA,NA,NA
Brown_et_al_2026,Triangle,TRM16-04,58,59,TRM16-04_59,0.6339,0.066572015,NA,NA,NA,NA,NA,NA,NA,NA,NA,NA,NA,NA,NA,NA,NA,NA,NA,NA
Brown_et_al_2026,Triangle,TRM16-04,59,60,TRM16-04_60,0.6633,0.060153777,NA,NA,NA,NA,NA,NA,NA,NA,NA,NA,NA,NA,NA,NA,NA,NA,NA,NA
Brown_et_al_2026,Triangle,TRM16-04,60,61,TRM16-04_61,0.6545,0.068907563,NA,NA,NA,NA,NA,NA,NA,NA,NA,NA,NA,NA,NA,NA,NA,NA,NA,NA
Brown_et_al_2026,Triangle,TRM16-04,61,62,TRM16-04_62,0.6325,0.063873518,NA,NA,NA,NA,NA,NA,NA,NA,NA,NA,NA,NA,NA,NA,NA,NA,NA,NA
Brown_et_al_2026,Triangle,TRM16-04,62,63,TRM16-04_63,0.6398,0.06486402,NA,NA,NA,NA,NA,NA,NA,NA,NA,NA,NA,NA,NA,NA,NA,NA,NA,NA
Brown_et_al_2026,Triangle,TRM16-04,63,64,TRM16-04_64,0.5841,0.084574559,NA,NA,NA,NA,NA,NA,NA,NA,NA,NA,NA,NA,NA,NA,NA,NA,NA,NA
Brown_et_al_2026,Triangle,TRM16-04,64,65,TRM16-04_65,0.4583,0.104080297,NA,NA,NA,NA,NA,NA,NA,NA,NA,NA,NA,NA,NA,NA,NA,NA,NA,NA
Brown_et_al_2026,Triangle,TRM16-04,65,66,TRM16-04_66,0.5178,0.088258015,NA,NA,NA,NA,NA,NA,NA,NA,NA,NA,NA,NA,NA,NA,NA,NA,NA,NA
Brown_et_al_2026,Triangle,TRM16-04,66,67,TRM16-04_67,0.564,0.083687943,NA,NA,NA,NA,NA,NA,NA,NA,NA,NA,NA,NA,NA,NA,NA,NA,NA,NA
Brown_et_al_2026,Triangle,TRM16-04,67,68,TRM16-04_68,0.5779,0.078041184,NA,NA,NA,NA,NA,NA,NA,NA,NA,NA,NA,NA,NA,NA,NA,NA,NA,NA
Brown_et_al_2026,Triangle,TRM16-04,68,69,TRM16-04_69,0.5628,0.075159915,NA,NA,NA,NA,NA,NA,NA,NA,NA,NA,NA,NA,NA,NA,NA,NA,NA,NA
Brown_et_al_2026,Triangle,TRM16-04,69,70,TRM16-04_70,0.6655,0.076183321,NA,NA,NA,NA,NA,NA,NA,NA,NA,NA,NA,NA,NA,NA,NA,NA,NA,NA
Brown_et_al_2026,Triangle,TRM16-04,70,71,TRM16-04_71,0.5526,0.08179515,NA,NA,NA,NA,NA,NA,NA,NA,NA,NA,NA,NA,NA,NA,NA,NA,NA,NA
Brown_et_al_2026,Triangle,TRM16-04,71,72,TRM16-04_72,0.5822,0.075231879,NA,NA,NA,NA,NA,NA,NA,NA,NA,NA,NA,NA,NA,NA,NA,NA,NA,NA
Brown_et_al_2026,Triangle,TRM16-04,72,73,TRM16-04_73,0.5074,0.072329523,NA,NA,NA,NA,NA,NA,NA,NA,NA,NA,NA,NA,NA,NA,NA,NA,NA,NA
Brown_et_al_2026,Triangle,TRM16-04,73,74,TRM16-04_74,0.4439,0.081099347,NA,NA,NA,NA,NA,NA,NA,NA,NA,NA,NA,NA,NA,NA,NA,NA,NA,NA
Brown_et_al_2026,Triangle,TRM16-04,74,75,TRM16-04_75,0.5497,0.069128616,NA,NA,NA,NA,NA,NA,NA,NA,NA,NA,NA,NA,NA,NA,NA,NA,NA,NA
Brown_et_al_2026,Triangle,TRM16-04,75,76,TRM16-04_76,0.5087,0.082366817,NA,NA,NA,NA,NA,NA,NA,NA,NA,NA,NA,NA,NA,NA,NA,NA,NA,NA
Brown_et_al_2026,Triangle,TRM16-04,76,77,TRM16-04_77,0.5149,0.078073412,NA,NA,NA,NA,NA,NA,NA,NA,NA,NA,NA,NA,NA,NA,NA,NA,NA,NA
Brown_et_al_2026,Triangle,TRM16-04,77,78,TRM16-04_78,0.5579,0.077074745,NA,NA,NA,NA,NA,NA,NA,NA,NA,NA,NA,NA,NA,NA,NA,NA,NA,NA
Brown_et_al_2026,Triangle,TRM16-04,78,79,TRM16-04_79,0.5132,0.080280592,NA,NA,NA,NA,NA,NA,NA,NA,NA,NA,NA,NA,NA,NA,NA,NA,NA,NA
Brown_et_al_2026,Triangle,TRM16-04,79,80,TRM16-04_80,0.4813,0.082900478,NA,NA,NA,NA,NA,NA,NA,NA,NA,NA,NA,NA,NA,NA,NA,NA,NA,NA
Brown_et_al_2026,Triangle,TRM16-04,80,81,TRM16-04_81,0.4695,0.079659212,NA,NA,NA,NA,NA,NA,NA,NA,NA,NA,NA,NA,NA,NA,NA,NA,NA,NA
Brown_et_al_2026,Triangle,TRM16-04,81,82,TRM16-04_82,0.4633,0.084394561,NA,NA,NA,NA,NA,NA,NA,NA,NA,NA,NA,NA,NA,NA,NA,NA,NA,NA
Brown_et_al_2026,Triangle,TRM16-04,82,83,TRM16-04_83,0.4528,0.088560071,NA,NA,NA,NA,NA,NA,NA,NA,NA,NA,NA,NA,NA,NA,NA,NA,NA,NA
Brown_et_al_2026,Triangle,TRM16-04,83,84,TRM16-04_84,0.3827,0.121766397,NA,NA,NA,NA,NA,NA,NA,NA,NA,NA,NA,NA,NA,NA,NA,NA,NA,NA
Brown_et_al_2026,Triangle,TRM16-04,84,85,TRM16-04_85,0.4974,0.068556494,NA,NA,NA,NA,NA,NA,NA,NA,NA,NA,NA,NA,NA,NA,NA,NA,NA,NA
Brown_et_al_2026,Triangle,TRM16-04,85,86,TRM16-04_86,0.5693,0.075180046,NA,NA,NA,NA,NA,NA,NA,NA,NA,NA,NA,NA,NA,NA,NA,NA,NA,NA
Brown_et_al_2026,Triangle,TRM16-04,86,87,TRM16-04_87,0.5143,0.069220299,NA,NA,NA,NA,NA,NA,NA,NA,NA,NA,NA,NA,NA,NA,NA,NA,NA,NA
Brown_et_al_2026,Triangle,TRM16-04,87,88,TRM16-04_88,0.5034,0.089789432,NA,NA,NA,NA,NA,NA,NA,NA,NA,NA,NA,NA,NA,NA,NA,NA,NA,NA
Brown_et_al_2026,Triangle,TRM16-04,88,89,TRM16-04_89,0.5106,0.079122601,NA,NA,NA,NA,NA,NA,NA,NA,NA,NA,NA,NA,NA,NA,NA,NA,NA,NA
Brown_et_al_2026,Triangle,TRM16-04,89,90,TRM16-04_90,0.4523,0.105682069,NA,NA,NA,NA,NA,NA,NA,NA,NA,NA,NA,NA,NA,NA,NA,NA,NA,NA
Brown_et_al_2026,Triangle,TRM16-04,90,91,TRM16-04_91,0.5355,0.063492063,NA,NA,NA,NA,NA,NA,NA,NA,NA,NA,NA,NA,NA,NA,NA,NA,NA,NA
Brown_et_al_2026,Triangle,TRM16-04,91,92,TRM16-04_92,0.585,0.06991453,NA,NA,NA,NA,NA,NA,NA,NA,NA,NA,NA,NA,NA,NA,NA,NA,NA,NA
Brown_et_al_2026,Triangle,TRM16-04,92,93,TRM16-04_93,0.5537,0.077839986,NA,NA,NA,NA,NA,NA,NA,NA,NA,NA,NA,NA,NA,NA,NA,NA,NA,NA
Brown_et_al_2026,Triangle,TRM16-04,93,94,TRM16-04_94,0.6381,0.061432377,NA,NA,NA,NA,NA,NA,NA,NA,NA,NA,NA,NA,NA,NA,NA,NA,NA,NA
Brown_et_al_2026,Triangle,TRM16-04,94,95,TRM16-04_95,0.6054,0.064089858,NA,NA,NA,NA,NA,NA,NA,NA,NA,NA,NA,NA,NA,NA,NA,NA,NA,NA
Brown_et_al_2026,Triangle,TRM16-04,95,96,TRM16-04_96,0.5896,0.068860244,NA,NA,NA,NA,NA,NA,NA,NA,NA,NA,NA,NA,NA,NA,NA,NA,NA,NA
Brown_et_al_2026,Triangle,TRM16-04,96,97,TRM16-04_97,0.4788,0.084795322,NA,NA,NA,NA,NA,NA,NA,NA,NA,NA,NA,NA,NA,NA,NA,NA,NA,NA
Brown_et_al_2026,Triangle,TRM16-04,97,98,TRM16-04_98,0.4314,0.124478442,NA,NA,NA,NA,NA,NA,NA,NA,NA,NA,NA,NA,NA,NA,NA,NA,NA,NA
Brown_et_al_2026,Triangle,TRM16-04,98,99,TRM16-04_99,0.4587,0.079354698,NA,NA,NA,NA,NA,NA,NA,NA,NA,NA,NA,NA,NA,NA,NA,NA,NA,NA
Brown_et_al_2026,Triangle,TRM16-04,99,100,TRM16-04_100,0.511,0.087475538,NA,NA,NA,NA,NA,NA,NA,NA,NA,NA,NA,NA,NA,NA,NA,NA,NA,NA
Brown_et_al_2026,Upper Newport,UNB13-01,0,1,UNB13-01_1,0.4599,0.28962818,NA,NA,NA,NA,NA,NA,NA,NA,NA,NA,NA,NA,NA,NA,NA,NA,NA,NA
Brown_et_al_2026,Upper Newport,UNB13-01,1,2,UNB13-01_2,0.1455,0.397250859,NA,NA,NA,NA,NA,NA,NA,NA,NA,NA,NA,NA,NA,NA,NA,NA,NA,NA
Brown_et_al_2026,Upper Newport,UNB13-01,2,3,UNB13-01_3,0.46635,0.170687252,NA,NA,NA,NA,NA,NA,NA,NA,NA,NA,NA,NA,NA,NA,NA,NA,NA,NA
Brown_et_al_2026,Upper Newport,UNB13-01,3,4,UNB13-01_4,0.2847,0.292237443,NA,NA,NA,NA,NA,NA,NA,NA,NA,NA,NA,NA,NA,NA,NA,NA,NA,NA
Brown_et_al_2026,Upper Newport,UNB13-01,4,5,UNB13-01_5,0.1403,0.410548824,NA,NA,NA,NA,NA,NA,NA,NA,NA,NA,NA,NA,NA,NA,NA,NA,NA,NA
Brown_et_al_2026,Upper Newport,UNB13-01,5,6,UNB13-01_6,0.2935,0.192844974,NA,NA,NA,NA,NA,NA,NA,NA,NA,NA,NA,NA,NA,NA,NA,NA,NA,NA
Brown_et_al_2026,Upper Newport,UNB13-01,6,7,UNB13-01_7,1.2632,0.069981001,NA,NA,NA,NA,NA,NA,NA,NA,NA,NA,NA,NA,NA,NA,NA,NA,NA,NA
Brown_et_al_2026,Upper Newport,UNB13-01,7,8,UNB13-01_8,0.4993,0.249349089,NA,NA,NA,NA,NA,NA,NA,NA,NA,NA,NA,NA,NA,NA,NA,NA,NA,NA
Brown_et_al_2026,Upper Newport,UNB13-01,8,9,UNB13-01_9,0.2741,0.225100328,NA,NA,NA,NA,NA,NA,NA,NA,NA,NA,NA,NA,NA,NA,NA,NA,NA,NA
Brown_et_al_2026,Upper Newport,UNB13-01,9,10,UNB13-01_10,0.4655,0.184962406,NA,NA,NA,NA,NA,NA,NA,NA,NA,NA,NA,NA,NA,NA,NA,NA,NA,NA
Brown_et_al_2026,Upper Newport,UNB13-01,10,11,UNB13-01_11,0.5286,0.173666288,NA,NA,NA,NA,NA,NA,NA,NA,NA,NA,NA,NA,NA,NA,NA,NA,NA,NA
Brown_et_al_2026,Upper Newport,UNB13-01,11,12,UNB13-01_12,0.316,0.178797468,NA,NA,NA,NA,NA,NA,NA,NA,NA,NA,NA,NA,NA,NA,NA,NA,NA,NA
Brown_et_al_2026,Upper Newport,UNB13-01,12,13,UNB13-01_13,0.3487,0.192142243,NA,NA,NA,NA,NA,NA,NA,NA,NA,NA,NA,NA,NA,NA,NA,NA,NA,NA
Brown_et_al_2026,Upper Newport,UNB13-01,13,14,UNB13-01_14,0.3841,0.288987243,NA,NA,NA,NA,NA,NA,NA,NA,NA,NA,NA,NA,NA,NA,NA,NA,NA,NA
Brown_et_al_2026,Upper Newport,UNB13-01,14,15,UNB13-01_15,0.6462,0.087588982,NA,NA,NA,NA,NA,NA,NA,NA,NA,NA,NA,NA,NA,NA,NA,NA,NA,NA
Brown_et_al_2026,Upper Newport,UNB13-01,15,16,UNB13-01_16,0.8688,0.083448435,NA,NA,NA,NA,NA,NA,NA,NA,NA,NA,NA,NA,NA,NA,NA,NA,NA,NA
Brown_et_al_2026,Upper Newport,UNB13-01,16,17,UNB13-01_17,0.5939,0.091934669,NA,NA,NA,NA,NA,NA,NA,NA,NA,NA,NA,NA,NA,NA,NA,NA,NA,NA
Brown_et_al_2026,Upper Newport,UNB13-01,17,18,UNB13-01_18,0.4287,0.116864941,NA,NA,NA,NA,NA,NA,NA,NA,NA,NA,NA,NA,NA,NA,NA,NA,NA,NA
Brown_et_al_2026,Upper Newport,UNB13-01,18,19,UNB13-01_19,0.4159,0.123587401,NA,NA,NA,NA,NA,NA,NA,NA,NA,NA,NA,NA,NA,NA,NA,NA,NA,NA
Brown_et_al_2026,Upper Newport,UNB13-01,19,20,UNB13-01_20,0.7614,0.111505122,NA,NA,NA,NA,NA,NA,NA,NA,NA,NA,NA,NA,NA,NA,NA,NA,NA,NA
Brown_et_al_2026,Upper Newport,UNB13-01,20,21,UNB13-01_21,0.6976,0.089449541,NA,NA,NA,NA,NA,NA,NA,NA,NA,NA,NA,NA,NA,NA,NA,NA,NA,NA
Brown_et_al_2026,Upper Newport,UNB13-01,21,22,UNB13-01_22,0.4868,0.121405094,NA,NA,NA,NA,NA,NA,NA,NA,NA,NA,NA,NA,NA,NA,NA,NA,NA,NA
Brown_et_al_2026,Upper Newport,UNB13-01,22,23,UNB13-01_23,0.582,0.108419244,NA,NA,NA,NA,NA,NA,NA,NA,NA,NA,NA,NA,NA,NA,NA,NA,NA,NA
Brown_et_al_2026,Upper Newport,UNB13-01,23,24,UNB13-01_24,0.5299,0.072655218,NA,NA,NA,NA,NA,NA,NA,NA,NA,NA,NA,NA,NA,NA,NA,NA,NA,NA
Brown_et_al_2026,Upper Newport,UNB13-01,24,25,UNB13-01_25,0.5025,0.093532338,NA,NA,NA,NA,NA,NA,NA,NA,NA,NA,NA,NA,NA,NA,NA,NA,NA,NA
Brown_et_al_2026,Upper Newport,UNB13-01,25,26,UNB13-01_26,0.6696,0.102598566,NA,NA,NA,NA,NA,NA,NA,NA,NA,NA,NA,NA,NA,NA,NA,NA,NA,NA
Brown_et_al_2026,Upper Newport,UNB13-01,26,27,UNB13-01_27,0.8902,0.087957762,NA,NA,NA,NA,NA,NA,NA,NA,NA,NA,NA,NA,NA,NA,NA,NA,NA,NA
Brown_et_al_2026,Upper Newport,UNB13-01,27,28,UNB13-01_28,0.564,0.07287234,NA,NA,NA,NA,NA,NA,NA,NA,NA,NA,NA,NA,NA,NA,NA,NA,NA,NA
Brown_et_al_2026,Upper Newport,UNB13-01,28,29,UNB13-01_29,0.7075,0.079858657,NA,NA,NA,NA,NA,NA,NA,NA,NA,NA,NA,NA,NA,NA,NA,NA,NA,NA
Brown_et_al_2026,Upper Newport,UNB13-01,29,30,UNB13-01_30,0.9041,0.065811304,NA,NA,NA,NA,NA,NA,NA,NA,NA,NA,NA,NA,NA,NA,NA,NA,NA,NA
Brown_et_al_2026,Upper Newport,UNB13-01,30,31,UNB13-01_31,0.8475,0.067964602,NA,NA,NA,NA,NA,NA,NA,NA,NA,NA,NA,NA,NA,NA,NA,NA,NA,NA
Brown_et_al_2026,Upper Newport,UNB13-01,31,32,UNB13-01_32,0.9595,0.045544554,NA,NA,NA,NA,NA,NA,NA,NA,NA,NA,NA,NA,NA,NA,NA,NA,NA,NA
Brown_et_al_2026,Upper Newport,UNB13-01,32,33,UNB13-01_33,1.1613,0.047532937,NA,NA,NA,NA,NA,NA,NA,NA,NA,NA,NA,NA,NA,NA,NA,NA,NA,NA
Brown_et_al_2026,Upper Newport,UNB13-01,33,34,UNB13-01_34,0.9735,0.059681561,NA,NA,NA,NA,NA,NA,NA,NA,NA,NA,NA,NA,NA,NA,NA,NA,NA,NA
Brown_et_al_2026,Upper Newport,UNB13-01,34,35,UNB13-01_35,0.6795,0.065342163,NA,NA,NA,NA,NA,NA,NA,NA,NA,NA,NA,NA,NA,NA,NA,NA,NA,NA
Brown_et_al_2026,Upper Newport,UNB13-01,35,36,UNB13-01_36,0.737,0.06458616,NA,NA,NA,NA,NA,NA,NA,NA,NA,NA,NA,NA,NA,NA,NA,NA,NA,NA
Brown_et_al_2026,Upper Newport,UNB13-01,36,37,UNB13-01_37,0.6063,0.076034966,NA,NA,NA,NA,NA,NA,NA,NA,NA,NA,NA,NA,NA,NA,NA,NA,NA,NA
Brown_et_al_2026,Upper Newport,UNB13-01,37,38,UNB13-01_38,0.5997,0.074704019,NA,NA,NA,NA,NA,NA,NA,NA,NA,NA,NA,NA,NA,NA,NA,NA,NA,NA
Brown_et_al_2026,Upper Newport,UNB13-01,39,40,UNB13-01_40,0.6209,0.092929618,NA,NA,NA,NA,NA,NA,NA,NA,NA,NA,NA,NA,NA,NA,NA,NA,NA,NA
Brown_et_al_2026,Upper Newport,UNB13-01,40,41,UNB13-01_41,0.3834,0.090505999,NA,NA,NA,NA,NA,NA,NA,NA,NA,NA,NA,NA,NA,NA,NA,NA,NA,NA
Brown_et_al_2026,Upper Newport,UNB13-01,41,42,UNB13-01_42,0.4756,0.076955425,NA,NA,NA,NA,NA,NA,NA,NA,NA,NA,NA,NA,NA,NA,NA,NA,NA,NA
Brown_et_al_2026,Upper Newport,UNB13-01,42,43,UNB13-01_43,0.6554,0.066981996,NA,NA,NA,NA,NA,NA,NA,NA,NA,NA,NA,NA,NA,NA,NA,NA,NA,NA
Brown_et_al_2026,Upper Newport,UNB13-01,43,44,UNB13-01_44,0.6366,0.067232171,NA,NA,NA,NA,NA,NA,NA,NA,NA,NA,NA,NA,NA,NA,NA,NA,NA,NA
Brown_et_al_2026,Upper Newport,UNB13-01,44,45,UNB13-01_45,0.8516,0.06787224,NA,NA,NA,NA,NA,NA,NA,NA,NA,NA,NA,NA,NA,NA,NA,NA,NA,NA
Brown_et_al_2026,Upper Newport,UNB13-01,45,46,UNB13-01_46,0.8475,0.065486726,NA,NA,NA,NA,NA,NA,NA,NA,NA,NA,NA,NA,NA,NA,NA,NA,NA,NA
Brown_et_al_2026,Upper Newport,UNB13-01,46,47,UNB13-01_47,0.6307,0.062470271,NA,NA,NA,NA,NA,NA,NA,NA,NA,NA,NA,NA,NA,NA,NA,NA,NA,NA
Brown_et_al_2026,Upper Newport,UNB13-01,47,48,UNB13-01_48,0.8705,0.064330844,NA,NA,NA,NA,NA,NA,NA,NA,-1270,15,marine,UNB13-01 48cm A,1.172,0.0019,172,1.9,NA,NA
Brown_et_al_2026,Upper Newport,UNB13-01,48,49,UNB13-01_49,0.4898,0.082278481,NA,NA,NA,NA,NA,NA,NA,NA,NA,NA,NA,NA,NA,NA,NA,NA,NA,NA
Brown_et_al_2026,Upper Newport,UNB13-01,49,50,UNB13-01_50,0.6995,0.093352395,NA,NA,NA,NA,NA,NA,NA,NA,NA,NA,NA,NA,NA,NA,NA,NA,NA,NA
Brown_et_al_2026,Upper Newport,UNB13-01,54,55,UNB13-01_55,0.7274,0.10296948,NA,NA,NA,NA,NA,NA,NA,NA,NA,NA,NA,NA,NA,NA,NA,NA,NA,NA
Brown_et_al_2026,Upper Newport,UNB13-01,55,56,UNB13-01_56,0.7987,0.095780644,NA,NA,NA,NA,NA,NA,NA,NA,NA,NA,NA,NA,NA,NA,NA,NA,NA,NA
Brown_et_al_2026,Upper Newport,UNB13-01,56,57,UNB13-01_57,0.7919,0.100138906,NA,NA,NA,NA,NA,NA,NA,NA,NA,NA,NA,NA,NA,NA,NA,NA,NA,NA
Brown_et_al_2026,Upper Newport,UNB13-01,57,58,UNB13-01_58,0.7771,0.109638399,NA,NA,NA,NA,NA,NA,NA,NA,NA,NA,NA,NA,NA,NA,NA,NA,NA,NA
Brown_et_al_2026,Upper Newport,UNB13-01,58,59,UNB13-01_59,0.7564,0.093336859,NA,NA,NA,NA,NA,NA,NA,NA,NA,NA,NA,NA,NA,NA,NA,NA,NA,NA
Brown_et_al_2026,Upper Newport,UNB13-01,59,60,UNB13-01_60,0.8638,0.091803658,NA,NA,NA,NA,NA,NA,NA,NA,NA,NA,NA,NA,NA,NA,NA,NA,NA,NA
Brown_et_al_2026,Upper Newport,UNB13-01,60,61,UNB13-01_61,0.9235,0.053383866,NA,NA,NA,NA,NA,NA,NA,NA,NA,NA,NA,NA,NA,NA,NA,NA,NA,NA
Brown_et_al_2026,Upper Newport,UNB13-01,61,62,UNB13-01_62,0.906,0.048785872,NA,NA,NA,NA,NA,NA,NA,NA,NA,NA,NA,NA,NA,NA,NA,NA,NA,NA
Brown_et_al_2026,Upper Newport,UNB13-01,62,63,UNB13-01_63,0.9114,0.056616195,NA,NA,NA,NA,NA,NA,NA,NA,NA,NA,NA,NA,NA,NA,NA,NA,NA,NA
Brown_et_al_2026,Upper Newport,UNB13-01,63,64,UNB13-01_64,0.9662,0.06178845,NA,NA,NA,NA,NA,NA,NA,NA,NA,NA,NA,NA,NA,NA,NA,NA,NA,NA
Brown_et_al_2026,Upper Newport,UNB13-01,64,65,UNB13-01_65,0.8326,0.062695172,NA,NA,NA,NA,NA,NA,NA,NA,NA,NA,NA,NA,NA,NA,NA,NA,NA,NA
Brown_et_al_2026,Upper Newport,UNB13-01,65,66,UNB13-01_66,0.9299,0.064630605,NA,NA,NA,NA,NA,NA,NA,NA,NA,NA,NA,NA,NA,NA,NA,NA,NA,NA
Brown_et_al_2026,Upper Newport,UNB13-01,66,67,UNB13-01_67,0.907,0.064829107,NA,NA,NA,NA,NA,NA,NA,NA,NA,NA,NA,NA,NA,NA,NA,NA,NA,NA
Brown_et_al_2026,Upper Newport,UNB13-01,67,68,UNB13-01_68,1.0194,0.060133412,NA,NA,NA,NA,NA,NA,NA,NA,NA,NA,NA,NA,NA,NA,NA,NA,NA,NA
Brown_et_al_2026,Upper Newport,UNB13-01,68,69,UNB13-01_69,0.8635,0.061841343,NA,NA,NA,NA,NA,NA,NA,NA,NA,NA,NA,NA,NA,NA,NA,NA,NA,NA
Brown_et_al_2026,Upper Newport,UNB13-01,69,70,UNB13-01_70,0.6892,0.080528149,NA,NA,NA,NA,NA,NA,NA,NA,NA,NA,NA,NA,NA,NA,NA,NA,NA,NA
Brown_et_al_2026,Upper Newport,UNB13-01,70,71,UNB13-01_71,0.8781,0.064229587,NA,NA,NA,NA,NA,NA,NA,NA,NA,NA,NA,NA,NA,NA,NA,NA,NA,NA
Brown_et_al_2026,Upper Newport,UNB13-01,71,72,UNB13-01_72,0.8275,0.066344411,NA,NA,NA,NA,NA,NA,NA,NA,NA,NA,NA,NA,NA,NA,NA,NA,NA,NA
Brown_et_al_2026,Upper Newport,UNB13-01,72,73,UNB13-01_73,0.8516,0.059417567,NA,NA,NA,NA,NA,NA,NA,NA,NA,NA,NA,NA,NA,NA,NA,NA,NA,NA
Brown_et_al_2026,Upper Newport,UNB13-01,73,74,UNB13-01_74,0.855,0.057192982,NA,NA,NA,NA,NA,NA,NA,NA,NA,NA,NA,NA,NA,NA,NA,NA,NA,NA
Brown_et_al_2026,Upper Newport,UNB13-01,74,75,UNB13-01_75,0.9783,0.048553613,NA,NA,NA,NA,NA,NA,NA,NA,NA,NA,NA,NA,NA,NA,NA,NA,NA,NA
Brown_et_al_2026,Upper Newport,UNB13-01,75,76,UNB13-01_76,0.8877,0.054410274,NA,NA,NA,NA,NA,NA,NA,NA,NA,NA,NA,NA,NA,NA,NA,NA,NA,NA
Brown_et_al_2026,Upper Newport,UNB13-01,76,77,UNB13-01_77,0.786,0.057506361,NA,NA,NA,NA,NA,NA,NA,NA,NA,NA,NA,NA,NA,NA,NA,NA,NA,NA
Brown_et_al_2026,Upper Newport,UNB13-01,77,78,UNB13-01_78,0.9029,0.051279211,NA,NA,NA,NA,NA,NA,NA,NA,NA,NA,NA,NA,NA,NA,NA,NA,NA,NA
Brown_et_al_2026,Upper Newport,UNB13-01,78,79,UNB13-01_79,0.9202,0.050749837,NA,NA,NA,NA,NA,NA,NA,NA,NA,NA,NA,NA,NA,NA,NA,NA,NA,NA
Brown_et_al_2026,Upper Newport,UNB13-01,79,80,UNB13-01_80,0.6498,0.059402893,NA,NA,NA,NA,NA,NA,NA,NA,NA,NA,NA,NA,NA,NA,NA,NA,NA,NA
Brown_et_al_2026,Upper Newport,UNB13-01,80,81,UNB13-01_81,0.9045,0.05196241,NA,NA,NA,NA,NA,NA,NA,NA,NA,NA,NA,NA,NA,NA,NA,NA,NA,NA
Brown_et_al_2026,Upper Newport,UNB13-01,81,82,UNB13-01_82,0.8897,0.055861526,NA,NA,NA,NA,NA,NA,NA,NA,NA,NA,NA,NA,NA,NA,NA,NA,NA,NA
Brown_et_al_2026,Upper Newport,UNB13-01,82,83,UNB13-01_83,0.8351,0.058196623,NA,NA,NA,NA,NA,NA,NA,NA,NA,NA,NA,NA,NA,NA,NA,NA,NA,NA
Brown_et_al_2026,Upper Newport,UNB13-01,83,84,UNB13-01_84,0.7288,0.06805708,NA,NA,NA,NA,NA,NA,NA,NA,NA,NA,NA,NA,NA,NA,NA,NA,NA,NA
Brown_et_al_2026,Upper Newport,UNB13-01,84,85,UNB13-01_85,0.7964,0.053741838,NA,NA,NA,NA,NA,NA,NA,NA,NA,NA,NA,NA,NA,NA,NA,NA,NA,NA
Brown_et_al_2026,Upper Newport,UNB13-01,85,86,UNB13-01_86,1.2872,0.029443754,NA,NA,NA,NA,NA,NA,NA,NA,NA,NA,NA,NA,NA,NA,NA,NA,NA,NA
Brown_et_al_2026,Upper Newport,UNB13-01,86,87,UNB13-01_87,1.7168,0.013630009,NA,NA,NA,NA,NA,NA,NA,NA,NA,NA,NA,NA,NA,NA,NA,NA,NA,NA
Brown_et_al_2026,Upper Newport,UNB13-01,87,88,UNB13-01_88,1.7077,0.022427827,NA,NA,NA,NA,NA,NA,NA,NA,NA,NA,NA,NA,NA,NA,NA,NA,NA,NA
Brown_et_al_2026,Upper Newport,UNB13-01,88,89,UNB13-01_89,1.4053,0.018572547,NA,NA,NA,NA,NA,NA,NA,NA,NA,NA,NA,NA,NA,NA,NA,NA,NA,NA
Brown_et_al_2026,Upper Newport,UNB13-01,89,90,UNB13-01_90,1.1943,0.023947082,NA,NA,NA,NA,NA,NA,NA,NA,NA,NA,NA,NA,NA,NA,NA,NA,NA,NA
Brown_et_al_2026,Upper Newport,UNB13-01,90,91,UNB13-01_91,1.4927,0.018489985,NA,NA,NA,NA,NA,NA,NA,NA,NA,NA,NA,NA,NA,NA,NA,NA,NA,NA
Brown_et_al_2026,Upper Newport,UNB13-01,91,92,UNB13-01_92,1.37033,0.014325017,NA,NA,NA,NA,NA,NA,NA,NA,NA,NA,NA,NA,NA,NA,NA,NA,NA,NA
Brown_et_al_2026,Upper Newport,UNB13-01,92,93,UNB13-01_93,1.4879,0.020498689,NA,NA,NA,NA,NA,NA,NA,NA,NA,NA,NA,NA,NA,NA,NA,NA,NA,NA
Brown_et_al_2026,Upper Newport,UNB13-01,93,94,UNB13-01_94,1.4755,0.015316842,NA,NA,NA,NA,NA,NA,NA,NA,NA,NA,NA,NA,NA,NA,NA,NA,NA,NA
Brown_et_al_2026,Upper Newport,UNB13-01,94,95,UNB13-01_95,1.491,0.014755198,NA,NA,NA,NA,NA,NA,NA,NA,NA,NA,NA,NA,NA,NA,NA,NA,NA,NA
Brown_et_al_2026,Upper Newport,UNB13-01,95,96,UNB13-01_96,1.6178,0.01427865,NA,NA,NA,NA,NA,NA,NA,NA,NA,NA,NA,NA,NA,NA,NA,NA,NA,NA
Brown_et_al_2026,Upper Newport,UNB13-01,96,97,UNB13-01_97,1.5686,0.022950402,NA,NA,NA,NA,NA,NA,NA,NA,1410,15,marine,UNB13-01 97cm,0.8389,0.0012,-161.1,1.2,NA,NA
Brown_et_al_2026,Upper Newport,UNB13-01,97,98,UNB13-01_98,1.7443,0.070286075,NA,NA,NA,NA,NA,NA,NA,NA,NA,NA,NA,NA,NA,NA,NA,NA,NA,NA
Brown_et_al_2026,Upper Newport,UNB13-01,98,99,UNB13-01_99,1.5889,0.014664233,NA,NA,NA,NA,NA,NA,NA,NA,NA,NA,NA,NA,NA,NA,NA,NA,NA,NA
Brown_et_al_2026,Upper Newport,UNB13-01,99,100,UNB13-01_100,1.3811,0.018753168,NA,NA,NA,NA,NA,NA,NA,NA,NA,NA,NA,NA,NA,NA,NA,NA,NA,NA
Brown_et_al_2026,Upper Newport,UNB13-02,0,1,UNB13-02_1,0.2628,0.306316591,NA,NA,NA,NA,NA,NA,NA,NA,NA,NA,NA,NA,NA,NA,NA,NA,NA,NA
Brown_et_al_2026,Upper Newport,UNB13-02,1,2,UNB13-02_2,0.2496,0.283253205,NA,NA,NA,NA,NA,NA,NA,NA,NA,NA,NA,NA,NA,NA,NA,NA,NA,NA
Brown_et_al_2026,Upper Newport,UNB13-02,2,3,UNB13-02_3,0.2469,0.281895504,NA,NA,NA,NA,NA,NA,NA,NA,NA,NA,NA,NA,NA,NA,NA,NA,NA,NA
Brown_et_al_2026,Upper Newport,UNB13-02,3,4,UNB13-02_4,0.3913,0.137490417,NA,NA,NA,NA,NA,NA,NA,NA,NA,NA,NA,NA,NA,NA,NA,NA,NA,NA
Brown_et_al_2026,Upper Newport,UNB13-02,4,5,UNB13-02_5,0.9157,0.073714099,NA,NA,NA,NA,NA,NA,NA,NA,NA,NA,NA,NA,NA,NA,NA,NA,NA,NA
Brown_et_al_2026,Upper Newport,UNB13-02,5,6,UNB13-02_6,0.8444,0.058858361,NA,NA,NA,NA,NA,NA,NA,NA,NA,NA,NA,NA,NA,NA,NA,NA,NA,NA
Brown_et_al_2026,Upper Newport,UNB13-02,6,7,UNB13-02_7,0.5732,0.118806699,NA,NA,NA,NA,NA,NA,NA,NA,NA,NA,NA,NA,NA,NA,NA,NA,NA,NA
Brown_et_al_2026,Upper Newport,UNB13-02,7,8,UNB13-02_8,0.3239,0.192652053,NA,NA,NA,NA,NA,NA,NA,NA,NA,NA,NA,NA,NA,NA,NA,NA,NA,NA
Brown_et_al_2026,Upper Newport,UNB13-02,8,9,UNB13-02_9,0.2309,0.209614552,NA,NA,NA,NA,NA,NA,NA,NA,NA,NA,NA,NA,NA,NA,NA,NA,NA,NA
Brown_et_al_2026,Upper Newport,UNB13-02,9,10,UNB13-02_10,0.3193,0.204509865,NA,NA,NA,NA,NA,NA,NA,NA,NA,NA,NA,NA,NA,NA,NA,NA,NA,NA
Brown_et_al_2026,Upper Newport,UNB13-02,10,11,UNB13-02_11,0.2592,0.294367284,NA,NA,NA,NA,NA,NA,NA,NA,NA,NA,NA,NA,NA,NA,NA,NA,NA,NA
Brown_et_al_2026,Upper Newport,UNB13-02,11,12,UNB13-02_12,0.3517,0.236849588,NA,NA,NA,NA,NA,NA,NA,NA,NA,NA,NA,NA,NA,NA,NA,NA,NA,NA
Brown_et_al_2026,Upper Newport,UNB13-02,12,13,UNB13-02_13,0.4817,0.182063525,NA,NA,NA,NA,NA,NA,NA,NA,NA,NA,NA,NA,NA,NA,NA,NA,NA,NA
Brown_et_al_2026,Upper Newport,UNB13-02,13,14,UNB13-02_14,0.6561,0.080475537,NA,NA,NA,NA,NA,NA,NA,NA,NA,NA,NA,NA,NA,NA,NA,NA,NA,NA
Brown_et_al_2026,Upper Newport,UNB13-02,14,15,UNB13-02_15,1.0323,0.052310375,NA,NA,NA,NA,NA,NA,NA,NA,NA,NA,NA,NA,NA,NA,NA,NA,NA,NA
Brown_et_al_2026,Upper Newport,UNB13-02,15,16,UNB13-02_16,1.1001,0.045814017,NA,NA,NA,NA,NA,NA,NA,NA,NA,NA,NA,NA,NA,NA,NA,NA,NA,NA
Brown_et_al_2026,Upper Newport,UNB13-02,16,17,UNB13-02_17,0.6035,0.092294946,NA,NA,NA,NA,NA,NA,NA,NA,NA,NA,NA,NA,NA,NA,NA,NA,NA,NA
Brown_et_al_2026,Upper Newport,UNB13-02,17,18,UNB13-02_18,0.4809,0.15658141,NA,NA,NA,NA,NA,NA,NA,NA,NA,NA,NA,NA,NA,NA,NA,NA,NA,NA
Brown_et_al_2026,Upper Newport,UNB13-02,18,19,UNB13-02_19,0.4776,0.084589615,NA,NA,NA,NA,NA,NA,NA,NA,NA,NA,NA,NA,NA,NA,NA,NA,NA,NA
Brown_et_al_2026,Upper Newport,UNB13-02,19,20,UNB13-02_20,0.6586,0.073337382,NA,NA,NA,NA,NA,NA,NA,NA,NA,NA,NA,NA,NA,NA,NA,NA,NA,NA
Brown_et_al_2026,Upper Newport,UNB13-02,20,21,UNB13-02_21,0.8525,0.067565982,NA,NA,NA,NA,NA,NA,NA,NA,NA,NA,NA,NA,NA,NA,NA,NA,NA,NA
Brown_et_al_2026,Upper Newport,UNB13-02,21,22,UNB13-02_22,0.684,0.075877193,NA,NA,NA,NA,NA,NA,NA,NA,NA,NA,NA,NA,NA,NA,NA,NA,NA,NA
Brown_et_al_2026,Upper Newport,UNB13-02,22,23,UNB13-02_23,0.7205,0.07258848,NA,NA,NA,NA,NA,NA,NA,NA,NA,NA,NA,NA,NA,NA,NA,NA,NA,NA
Brown_et_al_2026,Upper Newport,UNB13-02,23,24,UNB13-02_24,0.8763,0.066187379,NA,NA,NA,NA,NA,NA,NA,NA,NA,NA,NA,NA,NA,NA,NA,NA,NA,NA
Brown_et_al_2026,Upper Newport,UNB13-02,24,25,UNB13-02_25,0.9077,0.074584114,NA,NA,NA,NA,NA,NA,NA,NA,NA,NA,NA,NA,NA,NA,NA,NA,NA,NA
Brown_et_al_2026,Upper Newport,UNB13-02,25,26,UNB13-02_26,1.1327,0.044672023,NA,NA,NA,NA,NA,NA,NA,NA,NA,NA,NA,NA,NA,NA,NA,NA,NA,NA
Brown_et_al_2026,Upper Newport,UNB13-02,26,27,UNB13-02_27,1.5177,0.039994729,NA,NA,NA,NA,NA,NA,NA,NA,NA,NA,NA,NA,NA,NA,NA,NA,NA,NA
Brown_et_al_2026,Upper Newport,UNB13-02,27,28,UNB13-02_28,1.3979,0.022748408,NA,NA,NA,NA,NA,NA,NA,NA,NA,NA,NA,NA,NA,NA,NA,NA,NA,NA
Brown_et_al_2026,Upper Newport,UNB13-02,28,29,UNB13-02_29,1.2845,0.025145971,NA,NA,NA,NA,NA,NA,NA,NA,NA,NA,NA,NA,NA,NA,NA,NA,NA,NA
Brown_et_al_2026,Upper Newport,UNB13-02,29,30,UNB13-02_30,1.1738,0.04626001,NA,NA,NA,NA,NA,NA,NA,NA,NA,NA,NA,NA,NA,NA,NA,NA,NA,NA
Brown_et_al_2026,Upper Newport,UNB13-02,30,31,UNB13-02_31,1.1092,0.06707537,NA,NA,NA,NA,NA,NA,NA,NA,NA,NA,NA,NA,NA,NA,NA,NA,NA,NA
Brown_et_al_2026,Upper Newport,UNB13-02,31,32,UNB13-02_32,1.3717,0.018079755,NA,NA,NA,NA,NA,NA,NA,NA,NA,NA,NA,NA,NA,NA,NA,NA,NA,NA
Brown_et_al_2026,Upper Newport,UNB13-02,32,33,UNB13-02_33,1.5051,0.016012225,NA,NA,NA,NA,NA,NA,NA,NA,NA,NA,NA,NA,NA,NA,NA,NA,NA,NA
Brown_et_al_2026,Upper Newport,UNB13-02,33,34,UNB13-02_34,1.3153,0.018018703,NA,NA,NA,NA,NA,NA,NA,NA,NA,NA,NA,NA,NA,NA,NA,NA,NA,NA
Brown_et_al_2026,Upper Newport,UNB13-02,34,35,UNB13-02_35,1.2929,0.026297471,NA,NA,NA,NA,NA,NA,NA,NA,NA,NA,NA,NA,NA,NA,NA,NA,NA,NA
Brown_et_al_2026,Upper Newport,UNB13-02,35,36,UNB13-02_36,1.3156,0.024855579,NA,NA,NA,NA,NA,NA,NA,NA,NA,NA,NA,NA,NA,NA,NA,NA,NA,NA
Brown_et_al_2026,Upper Newport,UNB13-02,36,37,UNB13-02_37,1.3272,0.023960217,NA,NA,NA,NA,NA,NA,NA,NA,NA,NA,NA,NA,NA,NA,NA,NA,NA,NA
Brown_et_al_2026,Upper Newport,UNB13-02,37,38,UNB13-02_38,1.2385,0.032539362,NA,NA,NA,NA,NA,NA,NA,NA,NA,NA,NA,NA,NA,NA,NA,NA,NA,NA
Brown_et_al_2026,Upper Newport,UNB13-02,38,39,UNB13-02_39,1.3398,0.022540678,NA,NA,NA,NA,NA,NA,NA,NA,NA,NA,NA,NA,NA,NA,NA,NA,NA,NA
Brown_et_al_2026,Upper Newport,UNB13-02,39,40,UNB13-02_40,1.3153,0.020071467,NA,NA,NA,NA,NA,NA,NA,NA,NA,NA,NA,NA,NA,NA,NA,NA,NA,NA
Brown_et_al_2026,Upper Newport,UNB13-02,40,41,UNB13-02_41,1.314,0.022526636,NA,NA,NA,NA,NA,NA,NA,NA,NA,NA,NA,NA,NA,NA,NA,NA,NA,NA
Brown_et_al_2026,Upper Newport,UNB13-02,41,42,UNB13-02_42,1.1619,0.025819778,NA,NA,NA,NA,NA,NA,NA,NA,NA,NA,NA,NA,NA,NA,NA,NA,NA,NA
Brown_et_al_2026,Upper Newport,UNB13-02,42,43,UNB13-02_43,1.0648,0.099173554,NA,NA,NA,NA,NA,NA,NA,NA,NA,NA,NA,NA,NA,NA,NA,NA,NA,NA
Brown_et_al_2026,Upper Newport,UNB13-02,43,44,UNB13-02_44,1.0174,0.089148811,NA,NA,NA,NA,NA,NA,NA,NA,NA,NA,NA,NA,NA,NA,NA,NA,NA,NA
Brown_et_al_2026,Upper Newport,UNB13-02,44,45,UNB13-02_45,1.0349,0.080877379,NA,NA,NA,NA,NA,NA,NA,NA,NA,NA,NA,NA,NA,NA,NA,NA,NA,NA
Brown_et_al_2026,Upper Newport,UNB13-02,45,46,UNB13-02_46,1.0278,0.073652462,NA,NA,NA,NA,NA,NA,NA,NA,NA,NA,NA,NA,NA,NA,NA,NA,NA,NA
Brown_et_al_2026,Upper Newport,UNB13-02,47,48,UNB13-02_48,1.2955,0.023234272,NA,NA,NA,NA,NA,NA,NA,NA,NA,NA,NA,NA,NA,NA,NA,NA,NA,NA
Brown_et_al_2026,Upper Newport,UNB13-02,48,49,UNB13-02_49,1.3838,0.020161873,NA,NA,NA,NA,NA,NA,NA,NA,-1340,70,terrestrial,UNB13-02 49cm .033mgC,1.1824,0.0091,182.4,9.1,NA,NA
Brown_et_al_2026,Upper Newport,UNB13-02,49,50,UNB13-02_50,1.4468,0.018800111,NA,NA,NA,NA,NA,NA,NA,NA,NA,NA,NA,NA,NA,NA,NA,NA,NA,NA
Brown_et_al_2026,Upper Newport,UNB13-02,50,51,UNB13-02_51,1.0785,0.016782568,NA,NA,NA,NA,NA,NA,NA,NA,NA,NA,NA,NA,NA,NA,NA,NA,NA,NA
Brown_et_al_2026,Upper Newport,UNB13-02,51,52,UNB13-02_52,1.828,0.016028446,NA,NA,NA,NA,NA,NA,NA,NA,NA,NA,NA,NA,NA,NA,NA,NA,NA,NA
Brown_et_al_2026,Upper Newport,UNB13-02,52,53,UNB13-02_53,1.3866,0.017020049,NA,NA,NA,NA,NA,NA,NA,NA,NA,NA,NA,NA,NA,NA,NA,NA,NA,NA
Brown_et_al_2026,Upper Newport,UNB13-02,53,54,UNB13-02_54,1.4507,0.022402978,NA,NA,NA,NA,NA,NA,NA,NA,NA,NA,NA,NA,NA,NA,NA,NA,NA,NA
Brown_et_al_2026,Upper Newport,UNB13-02,54,55,UNB13-02_55,1.6672,0.030170345,NA,NA,NA,NA,NA,NA,NA,NA,NA,NA,NA,NA,NA,NA,NA,NA,NA,NA
Brown_et_al_2026,Upper Newport,UNB13-02,55,56,UNB13-02_56,1.3832,0.040630422,NA,NA,NA,NA,NA,NA,NA,NA,NA,NA,NA,NA,NA,NA,NA,NA,NA,NA
Brown_et_al_2026,Upper Newport,UNB13-02,56,57,UNB13-02_57,1.5196,0.043958937,NA,NA,NA,NA,NA,NA,NA,NA,NA,NA,NA,NA,NA,NA,NA,NA,NA,NA
Brown_et_al_2026,Upper Newport,UNB13-02,57,58,UNB13-02_58,1.384,0.02882948,NA,NA,NA,NA,NA,NA,NA,NA,NA,NA,NA,NA,NA,NA,NA,NA,NA,NA
Brown_et_al_2026,Upper Newport,UNB13-02,58,59,UNB13-02_59,1.6361,0.016135933,NA,NA,NA,NA,NA,NA,NA,NA,NA,NA,NA,NA,NA,NA,NA,NA,NA,NA
Brown_et_al_2026,Upper Newport,UNB13-02,59,60,UNB13-02_60,1.625,0.022830769,NA,NA,NA,NA,NA,NA,NA,NA,NA,NA,NA,NA,NA,NA,NA,NA,NA,NA
Brown_et_al_2026,Upper Newport,UNB13-02,60,61,UNB13-02_61,1.8,0.031555556,NA,NA,NA,NA,NA,NA,NA,NA,NA,NA,NA,NA,NA,NA,NA,NA,NA,NA
Brown_et_al_2026,Upper Newport,UNB13-02,61,62,UNB13-02_62,1.663,0.03096813,NA,NA,NA,NA,NA,NA,NA,NA,NA,NA,NA,NA,NA,NA,NA,NA,NA,NA
Brown_et_al_2026,Upper Newport,UNB13-02,62,63,UNB13-02_63,1.4559,0.02980974,NA,NA,NA,NA,NA,NA,NA,NA,NA,NA,NA,NA,NA,NA,NA,NA,NA,NA
Brown_et_al_2026,Upper Newport,UNB13-02,63,64,UNB13-02_64,1.3598,0.0323577,NA,NA,NA,NA,NA,NA,NA,NA,NA,NA,NA,NA,NA,NA,NA,NA,NA,NA
Brown_et_al_2026,Upper Newport,UNB13-02,64,65,UNB13-02_65,1.3684,0.041946799,NA,NA,NA,NA,NA,NA,NA,NA,NA,NA,NA,NA,NA,NA,NA,NA,NA,NA
Brown_et_al_2026,Upper Newport,UNB13-02,65,66,UNB13-02_66,1.1081,0.05874921,NA,NA,NA,NA,NA,NA,NA,NA,NA,NA,NA,NA,NA,NA,NA,NA,NA,NA
Brown_et_al_2026,Upper Newport,UNB13-02,66,67,UNB13-02_67,1.1312,0.048709335,NA,NA,NA,NA,NA,NA,NA,NA,NA,NA,NA,NA,NA,NA,NA,NA,NA,NA
Brown_et_al_2026,Upper Newport,UNB13-02,67,68,UNB13-02_68,1.1213,0.047355748,NA,NA,NA,NA,NA,NA,NA,NA,NA,NA,NA,NA,NA,NA,NA,NA,NA,NA
Brown_et_al_2026,Upper Newport,UNB13-02,68,69,UNB13-02_69,1.0459,0.06195621,NA,NA,NA,NA,NA,NA,NA,NA,NA,NA,NA,NA,NA,NA,NA,NA,NA,NA
Brown_et_al_2026,Upper Newport,UNB13-02,69,70,UNB13-02_70,0.6248,0.050896287,NA,NA,NA,NA,NA,NA,NA,NA,NA,NA,NA,NA,NA,NA,NA,NA,NA,NA
Brown_et_al_2026,Upper Newport,UNB13-02,70,71,UNB13-02_71,0.6502,0.085204552,NA,NA,NA,NA,NA,NA,NA,NA,NA,NA,NA,NA,NA,NA,NA,NA,NA,NA
Brown_et_al_2026,Upper Newport,UNB13-02,71,72,UNB13-02_72,0.4372,0.091033852,NA,NA,NA,NA,NA,NA,NA,NA,NA,NA,NA,NA,NA,NA,NA,NA,NA,NA
Brown_et_al_2026,Upper Newport,UNB13-02,72,73,UNB13-02_73,0.3882,0.08758372,NA,NA,NA,NA,NA,NA,NA,NA,NA,NA,NA,NA,NA,NA,NA,NA,NA,NA
Brown_et_al_2026,Upper Newport,UNB13-02,73,74,UNB13-02_74,0.3087,0.087139618,NA,NA,NA,NA,NA,NA,NA,NA,NA,NA,NA,NA,NA,NA,NA,NA,NA,NA
Brown_et_al_2026,Upper Newport,UNB13-02,74,75,UNB13-02_75,0.3575,0.088951049,NA,NA,NA,NA,NA,NA,NA,NA,NA,NA,NA,NA,NA,NA,NA,NA,NA,NA
Brown_et_al_2026,Upper Newport,UNB13-02,75,76,UNB13-02_76,0.7101,0.080833685,NA,NA,NA,NA,NA,NA,NA,NA,NA,NA,NA,NA,NA,NA,NA,NA,NA,NA
Brown_et_al_2026,Upper Newport,UNB13-02,76,77,UNB13-02_77,0.6919,0.08787397,NA,NA,NA,NA,NA,NA,NA,NA,NA,NA,NA,NA,NA,NA,NA,NA,NA,NA
Brown_et_al_2026,Upper Newport,UNB13-02,77,78,UNB13-02_78,0.4166,0.08737398,NA,NA,NA,NA,NA,NA,NA,NA,NA,NA,NA,NA,NA,NA,NA,NA,NA,NA
Brown_et_al_2026,Upper Newport,UNB13-02,78,79,UNB13-02_79,0.665,0.080601504,NA,NA,NA,NA,NA,NA,NA,NA,NA,NA,NA,NA,NA,NA,NA,NA,NA,NA
Brown_et_al_2026,Upper Newport,UNB13-02,79,80,UNB13-02_80,0.4924,0.082859464,NA,NA,NA,NA,NA,NA,NA,NA,NA,NA,NA,NA,NA,NA,NA,NA,NA,NA
Brown_et_al_2026,Upper Newport,UNB13-02,80,81,UNB13-02_81,0.8218,0.076295936,NA,NA,NA,NA,NA,NA,NA,NA,NA,NA,NA,NA,NA,NA,NA,NA,NA,NA
Brown_et_al_2026,Upper Newport,UNB13-02,81,82,UNB13-02_82,0.7126,0.077603143,NA,NA,NA,NA,NA,NA,NA,NA,NA,NA,NA,NA,NA,NA,NA,NA,NA,NA
Brown_et_al_2026,Upper Newport,UNB13-02,82,83,UNB13-02_83,0.934,0.075910064,NA,NA,NA,NA,NA,NA,NA,NA,NA,NA,NA,NA,NA,NA,NA,NA,NA,NA
Brown_et_al_2026,Upper Newport,UNB13-02,83,84,UNB13-02_84,0.4542,0.084324086,NA,NA,NA,NA,NA,NA,NA,NA,NA,NA,NA,NA,NA,NA,NA,NA,NA,NA
Brown_et_al_2026,Upper Newport,UNB13-02,84,85,UNB13-02_85,0.6444,0.088919926,NA,NA,NA,NA,NA,NA,NA,NA,NA,NA,NA,NA,NA,NA,NA,NA,NA,NA
Brown_et_al_2026,Upper Newport,UNB13-02,85,86,UNB13-02_86,0.3551,0.078569417,NA,NA,NA,NA,NA,NA,NA,NA,NA,NA,NA,NA,NA,NA,NA,NA,NA,NA
Brown_et_al_2026,Upper Newport,UNB13-02,86,87,UNB13-02_87,1.0311,0.041606052,NA,NA,NA,NA,NA,NA,NA,NA,NA,NA,NA,NA,NA,NA,NA,NA,NA,NA
Brown_et_al_2026,Upper Newport,UNB13-02,87,88,UNB13-02_88,0.5456,0.064882698,NA,NA,NA,NA,NA,NA,NA,NA,NA,NA,NA,NA,NA,NA,NA,NA,NA,NA
Brown_et_al_2026,Upper Newport,UNB13-02,88,89,UNB13-02_89,0.3691,0.083446221,NA,NA,NA,NA,NA,NA,NA,NA,NA,NA,NA,NA,NA,NA,NA,NA,NA,NA
Brown_et_al_2026,Upper Newport,UNB13-02,89,90,UNB13-02_90,0.3988,0.077231695,NA,NA,NA,NA,NA,NA,NA,NA,NA,NA,NA,NA,NA,NA,NA,NA,NA,NA
Brown_et_al_2026,Upper Newport,UNB13-02,90,91,UNB13-02_91,0.4799,0.076682642,NA,NA,NA,NA,NA,NA,NA,NA,NA,NA,NA,NA,NA,NA,NA,NA,NA,NA
Brown_et_al_2026,Upper Newport,UNB13-02,91,92,UNB13-02_92,0.8072,0.049677899,NA,NA,NA,NA,NA,NA,NA,NA,NA,NA,NA,NA,NA,NA,NA,NA,NA,NA
Brown_et_al_2026,Upper Newport,UNB13-02,92,93,UNB13-02_93,1.1089,0.045450446,NA,NA,NA,NA,NA,NA,NA,NA,NA,NA,NA,NA,NA,NA,NA,NA,NA,NA
Brown_et_al_2026,Upper Newport,UNB13-02,93,94,UNB13-02_94,1.0077,0.043862261,NA,NA,NA,NA,NA,NA,NA,NA,NA,NA,NA,NA,NA,NA,NA,NA,NA,NA
Brown_et_al_2026,Upper Newport,UNB13-02,94,95,UNB13-02_95,1.0217,0.048742292,NA,NA,NA,NA,NA,NA,NA,NA,NA,NA,NA,NA,NA,NA,NA,NA,NA,NA
Brown_et_al_2026,Upper Newport,UNB13-02,95,96,UNB13-02_96,1.2584,0.056341386,NA,NA,NA,NA,NA,NA,NA,NA,NA,NA,NA,NA,NA,NA,NA,NA,NA,NA
Brown_et_al_2026,Upper Newport,UNB13-02,96,97,UNB13-02_97,0.7859,0.056750223,NA,NA,NA,NA,NA,NA,NA,NA,NA,NA,NA,NA,NA,NA,NA,NA,NA,NA
Brown_et_al_2026,Upper Newport,UNB13-02,97,98,UNB13-02_98,0.8159,0.06888099,NA,NA,NA,NA,NA,NA,NA,NA,NA,NA,NA,NA,NA,NA,NA,NA,NA,NA
Brown_et_al_2026,Upper Newport,UNB13-02,98,99,UNB13-02_99,0.6395,0.076153245,NA,NA,NA,NA,NA,NA,NA,NA,NA,NA,NA,NA,NA,NA,NA,NA,NA,NA
Brown_et_al_2026,Upper Newport,UNB13-02,99,100,UNB13-02_100,0.6105,0.08009828,NA,NA,NA,NA,NA,NA,NA,NA,NA,NA,NA,NA,NA,NA,NA,NA,NA,NA
Brown_et_al_2026,Upper Newport,UNB13-02,126,127,UNB13-02_127,NA,NA,NA,NA,NA,NA,NA,NA,NA,NA,665,20,marine,UNB13-02 127cm,0.9208,0.0018,-79.2,1.8,NA,NA
Brown_et_al_2026,Upper Newport,UNB13-03,0,1,UNB13-03_1,0.2792,0.246060172,NA,NA,NA,NA,NA,NA,NA,NA,NA,NA,NA,NA,NA,NA,NA,NA,NA,NA
Brown_et_al_2026,Upper Newport,UNB13-03,1,2,UNB13-03_2,0.2093,0.320114668,NA,NA,NA,NA,NA,NA,NA,NA,NA,NA,NA,NA,NA,NA,NA,NA,NA,NA
Brown_et_al_2026,Upper Newport,UNB13-03,2,3,UNB13-03_3,0.1614,0.329615861,0,4.94,20.3966,34.6577,50.86,34.02,NA,NA,NA,NA,NA,NA,NA,NA,NA,NA,NA,2.75
Brown_et_al_2026,Upper Newport,UNB13-03,3,4,UNB13-03_4,0.3968,0.143649194,NA,NA,NA,NA,NA,NA,NA,NA,NA,NA,NA,NA,NA,NA,NA,NA,NA,NA
Brown_et_al_2026,Upper Newport,UNB13-03,4,5,UNB13-03_5,0.7156,0.068334265,0,3.77,24.2709,27.8003,70.16,27.35,NA,NA,NA,NA,NA,NA,NA,NA,NA,NA,1,2.28
Brown_et_al_2026,Upper Newport,UNB13-03,5,6,UNB13-03_6,1.0698,0.062908955,NA,NA,NA,NA,NA,NA,NA,NA,NA,NA,NA,NA,NA,NA,NA,NA,NA,NA
Brown_et_al_2026,Upper Newport,UNB13-03,6,7,UNB13-03_7,1.0349,0.067252875,NA,NA,NA,NA,NA,NA,NA,NA,NA,NA,NA,NA,NA,NA,NA,NA,NA,NA
Brown_et_al_2026,Upper Newport,UNB13-03,7,8,UNB13-03_8,0.2396,0.176126878,NA,NA,NA,NA,NA,NA,NA,NA,NA,NA,NA,NA,NA,NA,NA,NA,NA,NA
Brown_et_al_2026,Upper Newport,UNB13-03,8,9,UNB13-03_9,0.3632,0.100770925,4.56,2.34,3.4728,16.6152,43.17,16.31,NA,NA,NA,NA,NA,NA,NA,NA,NA,NA,NA,1.34
Brown_et_al_2026,Upper Newport,UNB13-03,9,10,UNB13-03_10,0.3357,0.09562109,NA,NA,NA,NA,NA,NA,NA,NA,NA,NA,NA,NA,NA,NA,NA,NA,NA,NA
Brown_et_al_2026,Upper Newport,UNB13-03,10,11,UNB13-03_11,0.3485,0.156097561,5.3,2.23,44.1298,16.2992,81.98,16.01,NA,NA,NA,NA,NA,NA,NA,NA,NA,NA,NA,1.28
Brown_et_al_2026,Upper Newport,UNB13-03,11,12,UNB13-03_12,0.2294,0.161290323,NA,NA,NA,NA,NA,NA,NA,NA,NA,NA,NA,NA,NA,NA,NA,NA,NA,NA
Brown_et_al_2026,Upper Newport,UNB13-03,12,13,UNB13-03_13,0.3045,0.139901478,8.32,2.92,23.5867,20.6008,57.52,20.29,NA,NA,NA,NA,NA,NA,NA,NA,NA,NA,NA,1.61
Brown_et_al_2026,Upper Newport,UNB13-03,13,14,UNB13-03_14,0.4916,0.072009764,NA,NA,NA,NA,NA,NA,NA,NA,NA,NA,NA,NA,NA,NA,NA,NA,NA,NA
Brown_et_al_2026,Upper Newport,UNB13-03,14,15,UNB13-03_15,0.8539,0.050708514,NA,NA,NA,NA,NA,NA,NA,NA,NA,NA,NA,NA,NA,NA,NA,NA,NA,NA
Brown_et_al_2026,Upper Newport,UNB13-03,15,16,UNB13-03_16,0.7833,0.037022852,NA,NA,NA,NA,NA,NA,NA,NA,NA,NA,NA,NA,NA,NA,NA,NA,NA,NA
Brown_et_al_2026,Upper Newport,UNB13-03,16,17,UNB13-03_17,0.5169,0.065196363,0,1.69,0,13.2267,45.73,12.92,NA,NA,NA,NA,NA,NA,NA,NA,NA,NA,0.21,1.07
Brown_et_al_2026,Upper Newport,UNB13-03,17,18,UNB13-03_18,0.4152,0.134874759,NA,NA,NA,NA,NA,NA,NA,NA,NA,NA,NA,NA,NA,NA,NA,NA,NA,NA
Brown_et_al_2026,Upper Newport,UNB13-03,18,19,UNB13-03_19,0.4809,0.059471824,NA,NA,NA,NA,NA,NA,NA,NA,NA,NA,NA,NA,NA,NA,NA,NA,NA,NA
Brown_et_al_2026,Upper Newport,UNB13-03,19,20,UNB13-03_20,0.7124,0.04126895,NA,NA,NA,NA,NA,NA,NA,NA,NA,NA,NA,NA,NA,NA,NA,NA,NA,NA
Brown_et_al_2026,Upper Newport,UNB13-03,20,21,UNB13-03_21,0.3127,0.068436201,NA,NA,NA,NA,NA,NA,NA,NA,NA,NA,NA,NA,NA,NA,NA,NA,NA,NA
Brown_et_al_2026,Upper Newport,UNB13-03,21,22,UNB13-03_22,0.2839,0.086297992,NA,NA,NA,NA,NA,NA,NA,NA,NA,NA,NA,NA,NA,NA,NA,NA,NA,NA
Brown_et_al_2026,Upper Newport,UNB13-03,22,23,UNB13-03_23,0.7501,0.055992534,NA,NA,NA,NA,NA,NA,NA,NA,NA,NA,NA,NA,NA,NA,NA,NA,NA,NA
Brown_et_al_2026,Upper Newport,UNB13-03,23,24,UNB13-03_24,1.0869,0.032293679,NA,NA,NA,NA,NA,NA,NA,NA,NA,NA,NA,NA,NA,NA,NA,NA,NA,NA
Brown_et_al_2026,Upper Newport,UNB13-03,24,25,UNB13-03_25,0.8177,0.045982634,NA,NA,NA,NA,NA,NA,NA,NA,NA,NA,NA,NA,NA,NA,NA,NA,NA,NA
Brown_et_al_2026,Upper Newport,UNB13-03,25,26,UNB13-03_26,0.2996,0.1311749,NA,NA,NA,NA,NA,NA,NA,NA,NA,NA,NA,NA,NA,NA,NA,NA,NA,NA
Brown_et_al_2026,Upper Newport,UNB13-03,26,27,UNB13-03_27,0.499,0.072945892,NA,NA,NA,NA,NA,NA,NA,NA,NA,NA,NA,NA,NA,NA,NA,NA,NA,NA
Brown_et_al_2026,Upper Newport,UNB13-03,27,28,UNB13-03_28,0.6736,0.074079572,NA,NA,NA,NA,NA,NA,NA,NA,NA,NA,NA,NA,NA,NA,NA,NA,NA,NA
Brown_et_al_2026,Upper Newport,UNB13-03,28,29,UNB13-03_29,0.9628,0.048400499,NA,NA,NA,NA,NA,NA,NA,NA,NA,NA,NA,NA,NA,NA,NA,NA,NA,NA
Brown_et_al_2026,Upper Newport,UNB13-03,29,30,UNB13-03_30,0.7732,0.04694775,NA,NA,NA,NA,NA,NA,NA,NA,NA,NA,NA,NA,NA,NA,NA,NA,NA,NA
Brown_et_al_2026,Upper Newport,UNB13-03,30,31,UNB13-03_31,0.9533,0.034616595,NA,NA,NA,NA,NA,NA,NA,NA,NA,NA,NA,NA,NA,NA,NA,NA,NA,NA
Brown_et_al_2026,Upper Newport,UNB13-03,31,32,UNB13-03_32,0.8922,0.036314728,NA,NA,NA,NA,NA,NA,NA,NA,NA,NA,NA,NA,NA,NA,NA,NA,NA,NA
Brown_et_al_2026,Upper Newport,UNB13-03,32,33,UNB13-03_33,1.0456,0.050306044,NA,NA,NA,NA,NA,NA,NA,NA,NA,NA,NA,NA,NA,NA,NA,NA,NA,NA
Brown_et_al_2026,Upper Newport,UNB13-03,33,34,UNB13-03_34,1.1564,0.024213075,NA,NA,NA,NA,NA,NA,NA,NA,NA,NA,NA,NA,NA,NA,NA,NA,NA,NA
Brown_et_al_2026,Upper Newport,UNB13-03,34,35,UNB13-03_35,1.1558,0.026302128,NA,NA,NA,NA,NA,NA,NA,NA,NA,NA,NA,NA,NA,NA,NA,NA,NA,NA
Brown_et_al_2026,Upper Newport,UNB13-03,35,36,UNB13-03_36,1.342,0.021311475,NA,NA,NA,NA,NA,NA,NA,NA,NA,NA,NA,NA,NA,NA,NA,NA,NA,NA
Brown_et_al_2026,Upper Newport,UNB13-03,36,37,UNB13-03_37,1.5068,0.011547651,NA,NA,NA,NA,NA,NA,NA,NA,NA,NA,NA,NA,NA,NA,NA,NA,NA,NA
Brown_et_al_2026,Upper Newport,UNB13-03,37,38,UNB13-03_38,1.9381,0.016046644,NA,NA,NA,NA,NA,NA,NA,NA,NA,NA,NA,NA,NA,NA,NA,NA,NA,NA
Brown_et_al_2026,Upper Newport,UNB13-03,38,39,UNB13-03_39,1.6094,0.008947434,NA,NA,NA,NA,NA,NA,NA,NA,NA,NA,NA,NA,NA,NA,NA,NA,NA,NA
Brown_et_al_2026,Upper Newport,UNB13-03,39,40,UNB13-03_40,1.6339,0.009180488,NA,NA,NA,NA,NA,NA,NA,NA,NA,NA,NA,NA,NA,NA,NA,NA,NA,NA
Brown_et_al_2026,Upper Newport,UNB13-03,40,41,UNB13-03_41,1.3861,0.008585239,NA,NA,NA,NA,NA,NA,NA,NA,NA,NA,NA,NA,NA,NA,NA,NA,NA,NA
Brown_et_al_2026,Upper Newport,UNB13-03,41,42,UNB13-03_42,1.6163,0.015653035,NA,NA,NA,NA,NA,NA,NA,NA,NA,NA,NA,NA,NA,NA,NA,NA,NA,NA
Brown_et_al_2026,Upper Newport,UNB13-03,42,43,UNB13-03_43,0.9252,0.016861219,NA,NA,NA,NA,NA,NA,NA,NA,NA,NA,NA,NA,NA,NA,NA,NA,NA,NA
Brown_et_al_2026,Upper Newport,UNB13-03,43,44,UNB13-03_44,1.3978,0.014522822,NA,NA,NA,NA,NA,NA,NA,NA,NA,NA,NA,NA,NA,NA,NA,NA,NA,NA
Brown_et_al_2026,Upper Newport,UNB13-03,44,45,UNB13-03_45,1.5358,0.012827191,NA,NA,NA,NA,NA,NA,NA,NA,NA,NA,NA,NA,NA,NA,NA,NA,NA,NA
Brown_et_al_2026,Upper Newport,UNB13-03,45,46,UNB13-03_46,1.5094,0.0088777,NA,NA,NA,NA,NA,NA,NA,NA,NA,NA,NA,NA,NA,NA,NA,NA,NA,NA
Brown_et_al_2026,Upper Newport,UNB13-03,47,48,UNB13-03_48,1.617,0.008039579,NA,NA,NA,NA,NA,NA,NA,NA,NA,NA,NA,NA,NA,NA,NA,NA,NA,NA
Brown_et_al_2026,Upper Newport,UNB13-03,50,51,UNB13-03_51,0.6841,0.055985967,NA,NA,NA,NA,NA,NA,NA,NA,NA,NA,NA,NA,NA,NA,NA,NA,NA,NA
Brown_et_al_2026,Upper Newport,UNB13-03,51,52,UNB13-03_52,0.8712,0.049701561,NA,NA,NA,NA,NA,NA,NA,NA,NA,NA,NA,NA,NA,NA,NA,NA,NA,NA
Brown_et_al_2026,Upper Newport,UNB13-03,52,53,UNB13-03_53,1.0152,0.043144208,NA,NA,NA,NA,NA,NA,NA,NA,NA,NA,NA,NA,NA,NA,NA,NA,NA,NA
Brown_et_al_2026,Upper Newport,UNB13-03,53,54,UNB13-03_54,0.9974,0.03258472,NA,NA,NA,NA,NA,NA,NA,NA,NA,NA,NA,NA,NA,NA,NA,NA,NA,NA
Brown_et_al_2026,Upper Newport,UNB13-03,54,55,UNB13-03_55,1.0988,0.044594103,NA,NA,NA,NA,NA,NA,NA,NA,NA,NA,NA,NA,NA,NA,NA,NA,NA,NA
Brown_et_al_2026,Upper Newport,UNB13-03,55,56,UNB13-03_56,0.9913,0.041460708,NA,NA,NA,NA,NA,NA,NA,NA,NA,NA,NA,NA,NA,NA,NA,NA,NA,NA
Brown_et_al_2026,Upper Newport,UNB13-03,56,57,UNB13-03_57,0.7494,0.050840673,NA,NA,NA,NA,NA,NA,NA,NA,NA,NA,NA,NA,NA,NA,NA,NA,NA,NA
Brown_et_al_2026,Upper Newport,UNB13-03,57,58,UNB13-03_58,0.6968,0.061997704,NA,NA,NA,NA,NA,NA,NA,NA,NA,NA,NA,NA,NA,NA,NA,NA,NA,NA
Brown_et_al_2026,Upper Newport,UNB13-03,58,59,UNB13-03_59,0.5691,0.063082059,NA,NA,NA,NA,NA,NA,NA,NA,NA,NA,NA,NA,NA,NA,NA,NA,NA,NA
Brown_et_al_2026,Upper Newport,UNB13-03,59,60,UNB13-03_60,0.6081,0.065614208,NA,NA,NA,NA,NA,NA,NA,NA,NA,NA,NA,NA,NA,NA,NA,NA,NA,NA
Brown_et_al_2026,Upper Newport,UNB13-03,60,61,UNB13-03_61,0.7067,0.052214518,NA,NA,NA,NA,NA,NA,NA,NA,NA,NA,NA,NA,NA,NA,NA,NA,NA,NA
Brown_et_al_2026,Upper Newport,UNB13-03,61,62,UNB13-03_62,0.7165,0.05247732,NA,NA,NA,NA,NA,NA,NA,NA,NA,NA,NA,NA,NA,NA,NA,NA,NA,NA
Brown_et_al_2026,Upper Newport,UNB13-03,62,63,UNB13-03_63,0.7794,0.050166795,NA,NA,NA,NA,NA,NA,NA,NA,NA,NA,NA,NA,NA,NA,NA,NA,NA,NA
Brown_et_al_2026,Upper Newport,UNB13-03,63,64,UNB13-03_64,0.6665,0.085671418,NA,NA,NA,NA,NA,NA,NA,NA,NA,NA,NA,NA,NA,NA,NA,NA,NA,NA
Brown_et_al_2026,Upper Newport,UNB13-03,64,65,UNB13-03_65,0.6151,0.081450171,NA,NA,NA,NA,NA,NA,NA,NA,195,20,marine,UNB13-03 65 snail .11mgC,0.9759,0.0021,-24.1,2.1,NA,NA
Brown_et_al_2026,Upper Newport,UNB13-03,65,66,UNB13-03_66,0.2586,0.171693736,NA,NA,NA,NA,NA,NA,NA,NA,NA,NA,NA,NA,NA,NA,NA,NA,NA,NA
Brown_et_al_2026,Upper Newport,UNB13-03,66,67,UNB13-03_67,0.6659,0.065325124,NA,NA,NA,NA,NA,NA,NA,NA,NA,NA,NA,NA,NA,NA,NA,NA,NA,NA
Brown_et_al_2026,Upper Newport,UNB13-03,67,68,UNB13-03_68,0.6192,0.068636951,NA,NA,NA,NA,NA,NA,NA,NA,NA,NA,NA,NA,NA,NA,NA,NA,NA,NA
Brown_et_al_2026,Upper Newport,UNB13-03,68,69,UNB13-03_69,0.608,0.071875,NA,NA,NA,NA,NA,NA,NA,NA,NA,NA,NA,NA,NA,NA,NA,NA,NA,NA
Brown_et_al_2026,Upper Newport,UNB13-03,69,70,UNB13-03_70,0.6949,0.074399194,NA,NA,NA,NA,NA,NA,NA,NA,NA,NA,NA,NA,NA,NA,NA,NA,NA,NA
Brown_et_al_2026,Upper Newport,UNB13-03,70,71,UNB13-03_71,0.6524,0.068669528,NA,NA,NA,NA,NA,NA,NA,NA,NA,NA,NA,NA,NA,NA,NA,NA,NA,NA
Brown_et_al_2026,Upper Newport,UNB13-03,71,72,UNB13-03_72,0.7462,0.052532833,NA,NA,NA,NA,NA,NA,NA,NA,NA,NA,NA,NA,NA,NA,NA,NA,NA,NA
Brown_et_al_2026,Upper Newport,UNB13-03,72,73,UNB13-03_73,0.6942,0.057620282,NA,NA,NA,NA,NA,NA,NA,NA,NA,NA,NA,NA,NA,NA,NA,NA,NA,NA
Brown_et_al_2026,Upper Newport,UNB13-03,73,74,UNB13-03_74,0.7639,0.05864642,NA,NA,NA,NA,NA,NA,NA,NA,NA,NA,NA,NA,NA,NA,NA,NA,NA,NA
Brown_et_al_2026,Upper Newport,UNB13-03,74,75,UNB13-03_75,0.6626,0.056746152,NA,NA,NA,NA,NA,NA,NA,NA,NA,NA,NA,NA,NA,NA,NA,NA,NA,NA
Brown_et_al_2026,Upper Newport,UNB13-03,75,76,UNB13-03_76,0.781,0.06184379,NA,NA,NA,NA,NA,NA,NA,NA,NA,NA,NA,NA,NA,NA,NA,NA,NA,NA
Brown_et_al_2026,Upper Newport,UNB13-03,76,77,UNB13-03_77,0.7566,0.063706053,NA,NA,NA,NA,NA,NA,NA,NA,NA,NA,NA,NA,NA,NA,NA,NA,NA,NA
Brown_et_al_2026,Upper Newport,UNB13-03,77,78,UNB13-03_78,0.6381,0.061275662,NA,NA,NA,NA,NA,NA,NA,NA,NA,NA,NA,NA,NA,NA,NA,NA,NA,NA
Brown_et_al_2026,Upper Newport,UNB13-03,78,79,UNB13-03_79,0.5567,0.063948267,NA,NA,NA,NA,NA,NA,NA,NA,NA,NA,NA,NA,NA,NA,NA,NA,NA,NA
Brown_et_al_2026,Upper Newport,UNB13-03,79,80,UNB13-03_80,0.601,0.064559068,NA,NA,NA,NA,NA,NA,NA,NA,NA,NA,NA,NA,NA,NA,NA,NA,NA,NA
Brown_et_al_2026,Upper Newport,UNB13-03,80,81,UNB13-03_81,0.8903,0.064023363,NA,NA,NA,NA,NA,NA,NA,NA,NA,NA,NA,NA,NA,NA,NA,NA,NA,NA
Brown_et_al_2026,Upper Newport,UNB13-03,81,82,UNB13-03_82,0.9086,0.063614352,NA,NA,NA,NA,NA,NA,NA,NA,NA,NA,NA,NA,NA,NA,NA,NA,NA,NA
Brown_et_al_2026,Upper Newport,UNB13-03,82,83,UNB13-03_83,0.922,0.06637744,NA,NA,NA,NA,NA,NA,NA,NA,NA,NA,NA,NA,NA,NA,NA,NA,NA,NA
Brown_et_al_2026,Upper Newport,UNB13-03,83,84,UNB13-03_84,0.8507,0.062536734,NA,NA,NA,NA,NA,NA,NA,NA,NA,NA,NA,NA,NA,NA,NA,NA,NA,NA
Brown_et_al_2026,Upper Newport,UNB13-03,84,85,UNB13-03_85,0.7908,0.070687911,NA,NA,NA,NA,NA,NA,NA,NA,NA,NA,NA,NA,NA,NA,NA,NA,NA,NA
Brown_et_al_2026,Upper Newport,UNB13-03,85,86,UNB13-03_86,0.7111,0.070876107,NA,NA,NA,NA,NA,NA,NA,NA,NA,NA,NA,NA,NA,NA,NA,NA,NA,NA
Brown_et_al_2026,Upper Newport,UNB13-03,86,87,UNB13-03_87,0.8979,0.072391135,NA,NA,NA,NA,NA,NA,NA,NA,NA,NA,NA,NA,NA,NA,NA,NA,NA,NA
Brown_et_al_2026,Upper Newport,UNB13-03,87,88,UNB13-03_88,0.7194,0.07117042,NA,NA,NA,NA,NA,NA,NA,NA,NA,NA,NA,NA,NA,NA,NA,NA,NA,NA
Brown_et_al_2026,Upper Newport,UNB13-03,88,89,UNB13-03_89,0.6511,0.077100292,NA,NA,NA,NA,NA,NA,NA,NA,NA,NA,NA,NA,NA,NA,NA,NA,NA,NA
Brown_et_al_2026,Upper Newport,UNB13-03,89,90,UNB13-03_90,0.697,0.0723099,NA,NA,NA,NA,NA,NA,NA,NA,NA,NA,NA,NA,NA,NA,NA,NA,NA,NA
Brown_et_al_2026,Upper Newport,UNB13-03,90,91,UNB13-03_91,0.7136,0.066283632,NA,NA,NA,NA,NA,NA,NA,NA,NA,NA,NA,NA,NA,NA,NA,NA,NA,NA
Brown_et_al_2026,Upper Newport,UNB13-03,91,92,UNB13-03_92,0.7312,0.067423414,NA,NA,NA,NA,NA,NA,NA,NA,NA,NA,NA,NA,NA,NA,NA,NA,NA,NA
Brown_et_al_2026,Upper Newport,UNB13-03,92,93,UNB13-03_93,0.6854,0.080391013,NA,NA,NA,NA,NA,NA,NA,NA,NA,NA,NA,NA,NA,NA,NA,NA,NA,NA
Brown_et_al_2026,Upper Newport,UNB13-03,93,94,UNB13-03_94,0.7849,0.067524525,NA,NA,NA,NA,NA,NA,NA,NA,NA,NA,NA,NA,NA,NA,NA,NA,NA,NA
Brown_et_al_2026,Upper Newport,UNB13-03,94,95,UNB13-03_95,1.7411,0.022457067,NA,NA,NA,NA,NA,NA,NA,NA,NA,NA,NA,NA,NA,NA,NA,NA,NA,NA
Brown_et_al_2026,Upper Newport,UNB13-03,95,96,UNB13-03_96,1.2213,0.012036355,NA,NA,NA,NA,NA,NA,NA,NA,NA,NA,NA,NA,NA,NA,NA,NA,NA,NA
Brown_et_al_2026,Upper Newport,UNB13-03,96,97,UNB13-03_97,1.3126,0.014856011,NA,NA,NA,NA,NA,NA,NA,NA,NA,NA,NA,NA,NA,NA,NA,NA,NA,NA
Brown_et_al_2026,Upper Newport,UNB13-03,97,98,UNB13-03_98,2.1651,0.020322387,NA,NA,NA,NA,NA,NA,NA,NA,NA,NA,NA,NA,NA,NA,NA,NA,NA,NA
Brown_et_al_2026,Upper Newport,UNB13-03,98,99,UNB13-03_99,1.5956,0.028202557,NA,NA,NA,NA,NA,NA,NA,NA,NA,NA,NA,NA,NA,NA,NA,NA,NA,NA
Brown_et_al_2026,Upper Newport,UNB13-03,99,100,UNB13-03_100,1.4341,0.02433582,NA,NA,NA,NA,NA,NA,NA,NA,NA,NA,NA,NA,NA,NA,NA,NA,NA,NA
Brown_et_al_2026,Upper Newport,UNB13-03,478,479,UNB13-03_479,NA,NA,NA,NA,NA,NA,NA,NA,NA,NA,5465,15,marine,UNB13-03 479cm,0.5063,9e-4,-493.7,0.9,NA,NA
Brown_et_al_2026,Upper Newport,UNB13-04,0,1,UNB13-04_1,0.2628,0.306316591,NA,NA,NA,NA,NA,NA,NA,NA,0,20,terrestrial,UNB13_04_0,1.0007,0.002,0.7,2,NA,NA
Brown_et_al_2026,Upper Newport,UNB13-04,1,2,UNB13-04_2,0.2496,0.283253205,2.56,3.84,52.3883,26.5986,72.95,26.22,NA,NA,NA,NA,NA,NA,NA,NA,NA,NA,NA,2.16
Brown_et_al_2026,Upper Newport,UNB13-04,2,3,UNB13-04_3,0.2469,0.281895504,NA,NA,NA,NA,NA,NA,NA,NA,NA,NA,NA,NA,NA,NA,NA,NA,NA,NA
Brown_et_al_2026,Upper Newport,UNB13-04,3,4,UNB13-04_4,0.3913,0.137490417,NA,NA,NA,NA,NA,NA,NA,NA,NA,NA,NA,NA,NA,NA,NA,NA,NA,NA
Brown_et_al_2026,Upper Newport,UNB13-04,4,5,UNB13-04_5,0.9157,0.073714099,NA,NA,NA,NA,NA,NA,NA,NA,NA,NA,NA,NA,NA,NA,NA,NA,NA,NA
Brown_et_al_2026,Upper Newport,UNB13-04,5,6,UNB13-04_6,0.8444,0.058858361,NA,NA,NA,NA,NA,NA,NA,NA,NA,NA,NA,NA,NA,NA,NA,NA,NA,NA
Brown_et_al_2026,Upper Newport,UNB13-04,6,7,UNB13-04_7,0.5732,0.118806699,5.82,5.83,30.0007,39.1855,61.35,38.6,NA,NA,NA,NA,NA,NA,NA,NA,NA,NA,NA,3.08
Brown_et_al_2026,Upper Newport,UNB13-04,7,8,UNB13-04_8,0.3239,0.192652053,NA,NA,NA,NA,NA,NA,NA,NA,NA,NA,NA,NA,NA,NA,NA,NA,NA,NA
Brown_et_al_2026,Upper Newport,UNB13-04,8,9,UNB13-04_9,0.3309,0.448473859,0,5.13,0,35.7642,31.82,35.22,NA,NA,NA,NA,NA,NA,NA,NA,NA,NA,NA,2.85
Brown_et_al_2026,Upper Newport,UNB13-04,9,10,UNB13-04_10,0.3193,0.204509865,5.23,3.23,10.7744,22.7652,45.93,22.35,NA,NA,NA,NA,NA,NA,NA,NA,NA,NA,NA,1.81
Brown_et_al_2026,Upper Newport,UNB13-04,10,11,UNB13-04_11,0.2592,0.294367284,NA,NA,NA,NA,NA,NA,NA,NA,NA,NA,NA,NA,NA,NA,NA,NA,NA,NA
Brown_et_al_2026,Upper Newport,UNB13-04,11,12,UNB13-04_12,0.3517,0.236849588,NA,NA,NA,NA,NA,NA,NA,NA,NA,NA,NA,NA,NA,NA,NA,NA,NA,NA
Brown_et_al_2026,Upper Newport,UNB13-04,12,13,UNB13-04_13,0.4817,0.182063525,4.18,5.38,9.5494,36.9779,41.43,36.42,NA,NA,NA,NA,NA,NA,NA,NA,NA,NA,NA,2.78
Brown_et_al_2026,Upper Newport,UNB13-04,13,14,UNB13-04_14,0.6561,0.080475537,NA,NA,NA,NA,NA,NA,NA,NA,NA,NA,NA,NA,NA,NA,NA,NA,NA,NA
Brown_et_al_2026,Upper Newport,UNB13-04,14,15,UNB13-04_15,1.0323,0.052310375,1.38,2.15,4.4666,15.5502,57.29,15.2,NA,NA,NA,NA,NA,NA,NA,NA,NA,NA,0.3,1.27
Brown_et_al_2026,Upper Newport,UNB13-04,15,16,UNB13-04_16,1.1001,0.045814017,0,1.59,0,12.2461,43.03,11.95,NA,NA,NA,NA,NA,NA,NA,NA,NA,NA,0.48,0.99
Brown_et_al_2026,Upper Newport,UNB13-04,16,17,UNB13-04_17,0.6035,0.092294946,NA,NA,NA,NA,NA,NA,NA,NA,NA,NA,NA,NA,NA,NA,NA,NA,NA,NA
Brown_et_al_2026,Upper Newport,UNB13-04,17,18,UNB13-04_18,0.4809,0.15658141,5.4,2.38,17.3753,17.0487,59.31,16.74,NA,NA,NA,NA,NA,NA,NA,NA,NA,NA,0.7,1.41
Brown_et_al_2026,Upper Newport,UNB13-04,18,19,UNB13-04_19,0.4826,0.08371322,NA,NA,NA,NA,NA,NA,NA,NA,NA,NA,NA,NA,NA,NA,NA,NA,NA,NA
Brown_et_al_2026,Upper Newport,UNB13-04,19,20,UNB13-04_20,0.6586,0.073337382,NA,NA,NA,NA,NA,NA,NA,NA,NA,NA,NA,NA,NA,NA,NA,NA,NA,NA
Brown_et_al_2026,Upper Newport,UNB13-04,20,21,UNB13-04_21,0.8525,0.067565982,0.4,2.16,1.2911,16.2227,57.15,15.85,NA,NA,NA,NA,NA,NA,NA,NA,NA,NA,NA,1.33
Brown_et_al_2026,Upper Newport,UNB13-04,21,22,UNB13-04_22,0.684,0.075877193,1.14,2.28,12.2017,17.2305,63.8,16.91,NA,NA,NA,NA,NA,NA,NA,NA,NA,NA,NA,1.36
Brown_et_al_2026,Upper Newport,UNB13-04,22,23,UNB13-04_23,0.7205,0.07258848,NA,NA,NA,NA,NA,NA,NA,NA,NA,NA,NA,NA,NA,NA,NA,NA,NA,NA
Brown_et_al_2026,Upper Newport,UNB13-04,23,24,UNB13-04_24,0.8763,0.066187379,NA,NA,NA,NA,NA,NA,NA,NA,NA,NA,NA,NA,NA,NA,NA,NA,NA,NA
Brown_et_al_2026,Upper Newport,UNB13-04,24,25,UNB13-04_25,0.9077,0.074584114,NA,NA,NA,NA,NA,NA,NA,NA,NA,NA,NA,NA,NA,NA,NA,NA,NA,NA
Brown_et_al_2026,Upper Newport,UNB13-04,25,26,UNB13-04_26,1.1327,0.044672023,NA,NA,NA,NA,NA,NA,NA,NA,NA,NA,NA,NA,NA,NA,NA,NA,NA,NA
Brown_et_al_2026,Upper Newport,UNB13-04,26,27,UNB13-04_27,1.5177,0.039994729,NA,NA,NA,NA,NA,NA,NA,NA,NA,NA,NA,NA,NA,NA,NA,NA,NA,NA
Brown_et_al_2026,Upper Newport,UNB13-04,27,28,UNB13-04_28,1.3979,0.022748408,NA,NA,NA,NA,NA,NA,NA,NA,NA,NA,NA,NA,NA,NA,NA,NA,NA,NA
Brown_et_al_2026,Upper Newport,UNB13-04,28,29,UNB13-04_29,1.2845,0.025145971,NA,NA,NA,NA,NA,NA,NA,NA,NA,NA,NA,NA,NA,NA,NA,NA,NA,NA
Brown_et_al_2026,Upper Newport,UNB13-04,29,30,UNB13-04_30,1.1738,0.04626001,NA,NA,NA,NA,NA,NA,NA,NA,NA,NA,NA,NA,NA,NA,NA,NA,NA,NA
Brown_et_al_2026,Upper Newport,UNB13-04,30,31,UNB13-04_31,1.1092,0.06707537,NA,NA,NA,NA,NA,NA,NA,NA,NA,NA,NA,NA,NA,NA,NA,NA,NA,NA
Brown_et_al_2026,Upper Newport,UNB13-04,31,32,UNB13-04_32,1.3717,0.018079755,NA,NA,NA,NA,NA,NA,NA,NA,NA,NA,NA,NA,NA,NA,NA,NA,NA,NA
Brown_et_al_2026,Upper Newport,UNB13-04,32,33,UNB13-04_33,1.5051,0.016012225,NA,NA,NA,NA,NA,NA,NA,NA,NA,NA,NA,NA,NA,NA,NA,NA,NA,NA
Brown_et_al_2026,Upper Newport,UNB13-04,33,34,UNB13-04_34,1.3153,0.018018703,NA,NA,NA,NA,NA,NA,NA,NA,NA,NA,NA,NA,NA,NA,NA,NA,NA,NA
Brown_et_al_2026,Upper Newport,UNB13-04,34,35,UNB13-04_35,1.2929,0.026297471,NA,NA,NA,NA,NA,NA,NA,NA,NA,NA,NA,NA,NA,NA,NA,NA,NA,NA
Brown_et_al_2026,Upper Newport,UNB13-04,35,36,UNB13-04_36,1.3156,0.024855579,NA,NA,NA,NA,NA,NA,NA,NA,NA,NA,NA,NA,NA,NA,NA,NA,NA,NA
Brown_et_al_2026,Upper Newport,UNB13-04,36,37,UNB13-04_37,1.3272,0.023960217,NA,NA,NA,NA,NA,NA,NA,NA,NA,NA,NA,NA,NA,NA,NA,NA,NA,NA
Brown_et_al_2026,Upper Newport,UNB13-04,37,38,UNB13-04_38,1.2385,0.032539362,NA,NA,NA,NA,NA,NA,NA,NA,NA,NA,NA,NA,NA,NA,NA,NA,NA,NA
Brown_et_al_2026,Upper Newport,UNB13-04,38,39,UNB13-04_39,1.3398,0.022540678,NA,NA,NA,NA,NA,NA,NA,NA,NA,NA,NA,NA,NA,NA,NA,NA,NA,NA
Brown_et_al_2026,Upper Newport,UNB13-04,39,40,UNB13-04_40,1.3153,0.020071467,NA,NA,NA,NA,NA,NA,NA,NA,NA,NA,NA,NA,NA,NA,NA,NA,NA,NA
Brown_et_al_2026,Upper Newport,UNB13-04,40,41,UNB13-04_41,1.314,0.022526636,NA,NA,NA,NA,NA,NA,NA,NA,NA,NA,NA,NA,NA,NA,NA,NA,NA,NA
Brown_et_al_2026,Upper Newport,UNB13-04,41,42,UNB13-04_42,1.1619,0.025819778,NA,NA,NA,NA,NA,NA,NA,NA,NA,NA,NA,NA,NA,NA,NA,NA,NA,NA
Brown_et_al_2026,Upper Newport,UNB13-04,42,43,UNB13-04_43,1.0648,0.099173554,NA,NA,NA,NA,NA,NA,NA,NA,NA,NA,NA,NA,NA,NA,NA,NA,NA,NA
Brown_et_al_2026,Upper Newport,UNB13-04,43,44,UNB13-04_44,1.0174,0.089148811,NA,NA,NA,NA,NA,NA,NA,NA,NA,NA,NA,NA,NA,NA,NA,NA,NA,NA
Brown_et_al_2026,Upper Newport,UNB13-04,44,45,UNB13-04_45,1.0349,0.110155571,NA,NA,NA,NA,NA,NA,NA,NA,NA,NA,NA,NA,NA,NA,NA,NA,NA,NA
Brown_et_al_2026,Upper Newport,UNB13-04,45,46,UNB13-04_46,1.0278,0.073652462,NA,NA,NA,NA,NA,NA,NA,NA,NA,NA,NA,NA,NA,NA,NA,NA,NA,NA
Brown_et_al_2026,Upper Newport,UNB13-04,47,48,UNB13-04_48,1.2955,0.023234272,NA,NA,NA,NA,NA,NA,NA,NA,NA,NA,NA,NA,NA,NA,NA,NA,NA,NA
Brown_et_al_2026,Upper Newport,UNB13-04,48,49,UNB13-04_49,1.3838,0.020161873,NA,NA,NA,NA,NA,NA,NA,NA,NA,NA,NA,NA,NA,NA,NA,NA,NA,NA
Brown_et_al_2026,Upper Newport,UNB13-04,49,50,UNB13-04_50,1.4468,0.018800111,NA,NA,NA,NA,NA,NA,NA,NA,NA,NA,NA,NA,NA,NA,NA,NA,NA,NA
Brown_et_al_2026,Upper Newport,UNB13-04,50,51,UNB13-04_51,1.0785,0.016782568,NA,NA,NA,NA,NA,NA,NA,NA,NA,NA,NA,NA,NA,NA,NA,NA,NA,NA
Brown_et_al_2026,Upper Newport,UNB13-04,51,52,UNB13-04_52,1.828,0.016028446,NA,NA,NA,NA,NA,NA,NA,NA,NA,NA,NA,NA,NA,NA,NA,NA,NA,NA
Brown_et_al_2026,Upper Newport,UNB13-04,52,53,UNB13-04_53,1.3866,0.017020049,NA,NA,NA,NA,NA,NA,NA,NA,NA,NA,NA,NA,NA,NA,NA,NA,NA,NA
Brown_et_al_2026,Upper Newport,UNB13-04,53,54,UNB13-04_54,1.4507,0.022402978,NA,NA,NA,NA,NA,NA,NA,NA,NA,NA,NA,NA,NA,NA,NA,NA,NA,NA
Brown_et_al_2026,Upper Newport,UNB13-04,54,55,UNB13-04_55,1.6675,0.030344828,NA,NA,NA,NA,NA,NA,NA,NA,NA,NA,NA,NA,NA,NA,NA,NA,NA,NA
Brown_et_al_2026,Upper Newport,UNB13-04,55,56,UNB13-04_56,1.3832,0.040630422,NA,NA,NA,NA,NA,NA,NA,NA,NA,NA,NA,NA,NA,NA,NA,NA,NA,NA
Brown_et_al_2026,Upper Newport,UNB13-04,56,57,UNB13-04_57,1.5196,0.043958937,NA,NA,NA,NA,NA,NA,NA,NA,NA,NA,NA,NA,NA,NA,NA,NA,NA,NA
Brown_et_al_2026,Upper Newport,UNB13-04,57,58,UNB13-04_58,1.384,0.02882948,NA,NA,NA,NA,NA,NA,NA,NA,NA,NA,NA,NA,NA,NA,NA,NA,NA,NA
Brown_et_al_2026,Upper Newport,UNB13-04,58,59,UNB13-04_59,1.6361,0.016135933,NA,NA,NA,NA,NA,NA,NA,NA,NA,NA,NA,NA,NA,NA,NA,NA,NA,NA
Brown_et_al_2026,Upper Newport,UNB13-04,59,60,UNB13-04_60,1.625,0.022830769,NA,NA,NA,NA,NA,NA,NA,NA,NA,NA,NA,NA,NA,NA,NA,NA,NA,NA
Brown_et_al_2026,Upper Newport,UNB13-04,60,61,UNB13-04_61,1.8,0.031555556,NA,NA,NA,NA,NA,NA,NA,NA,NA,NA,NA,NA,NA,NA,NA,NA,NA,NA
Brown_et_al_2026,Upper Newport,UNB13-04,61,62,UNB13-04_62,1.663,0.03096813,NA,NA,NA,NA,NA,NA,NA,NA,NA,NA,NA,NA,NA,NA,NA,NA,NA,NA
Brown_et_al_2026,Upper Newport,UNB13-04,62,63,UNB13-04_63,1.4559,0.02980974,NA,NA,NA,NA,NA,NA,NA,NA,NA,NA,NA,NA,NA,NA,NA,NA,NA,NA
Brown_et_al_2026,Upper Newport,UNB13-04,63,64,UNB13-04_64,1.3598,0.0323577,NA,NA,NA,NA,NA,NA,NA,NA,NA,NA,NA,NA,NA,NA,NA,NA,NA,NA
Brown_et_al_2026,Upper Newport,UNB13-04,64,65,UNB13-04_65,1.3684,0.041946799,NA,NA,NA,NA,NA,NA,NA,NA,NA,NA,NA,NA,NA,NA,NA,NA,NA,NA
Brown_et_al_2026,Upper Newport,UNB13-04,65,66,UNB13-04_66,1.1081,0.05874921,NA,NA,NA,NA,NA,NA,NA,NA,NA,NA,NA,NA,NA,NA,NA,NA,NA,NA
Brown_et_al_2026,Upper Newport,UNB13-04,66,67,UNB13-04_67,1.1312,0.048709335,NA,NA,NA,NA,NA,NA,NA,NA,NA,NA,NA,NA,NA,NA,NA,NA,NA,NA
Brown_et_al_2026,Upper Newport,UNB13-04,67,68,UNB13-04_68,1.1213,0.047355748,NA,NA,NA,NA,NA,NA,NA,NA,NA,NA,NA,NA,NA,NA,NA,NA,NA,NA
Brown_et_al_2026,Upper Newport,UNB13-04,68,69,UNB13-04_69,1.0459,0.06195621,NA,NA,NA,NA,NA,NA,NA,NA,NA,NA,NA,NA,NA,NA,NA,NA,NA,NA
Brown_et_al_2026,Upper Newport,UNB13-04,69,70,UNB13-04_70,0.6248,0.050896287,NA,NA,NA,NA,NA,NA,NA,NA,NA,NA,NA,NA,NA,NA,NA,NA,NA,NA
Brown_et_al_2026,Upper Newport,UNB13-04,70,71,UNB13-04_71,0.6502,0.085204552,NA,NA,NA,NA,NA,NA,NA,NA,NA,NA,NA,NA,NA,NA,NA,NA,NA,NA
Brown_et_al_2026,Upper Newport,UNB13-04,71,72,UNB13-04_72,0.4372,0.091033852,NA,NA,NA,NA,NA,NA,NA,NA,NA,NA,NA,NA,NA,NA,NA,NA,NA,NA
Brown_et_al_2026,Upper Newport,UNB13-04,72,73,UNB13-04_73,0.3882,0.08758372,NA,NA,NA,NA,NA,NA,NA,NA,NA,NA,NA,NA,NA,NA,NA,NA,NA,NA
Brown_et_al_2026,Upper Newport,UNB13-04,73,74,UNB13-04_74,0.3087,0.087139618,NA,NA,NA,NA,NA,NA,NA,NA,NA,NA,NA,NA,NA,NA,NA,NA,NA,NA
Brown_et_al_2026,Upper Newport,UNB13-04,74,75,UNB13-04_75,0.3575,0.088951049,NA,NA,NA,NA,NA,NA,NA,NA,NA,NA,NA,NA,NA,NA,NA,NA,NA,NA
Brown_et_al_2026,Upper Newport,UNB13-04,75,76,UNB13-04_76,0.7101,0.080833685,NA,NA,NA,NA,NA,NA,NA,NA,NA,NA,NA,NA,NA,NA,NA,NA,NA,NA
Brown_et_al_2026,Upper Newport,UNB13-04,76,77,UNB13-04_77,0.6919,0.08787397,NA,NA,NA,NA,NA,NA,NA,NA,NA,NA,NA,NA,NA,NA,NA,NA,NA,NA
Brown_et_al_2026,Upper Newport,UNB13-04,77,78,UNB13-04_78,0.4166,0.08737398,NA,NA,NA,NA,NA,NA,NA,NA,NA,NA,NA,NA,NA,NA,NA,NA,NA,NA
Brown_et_al_2026,Upper Newport,UNB13-04,78,79,UNB13-04_79,0.665,0.080601504,NA,NA,NA,NA,NA,NA,NA,NA,NA,NA,NA,NA,NA,NA,NA,NA,NA,NA
Brown_et_al_2026,Upper Newport,UNB13-04,79,80,UNB13-04_80,0.4924,0.082859464,NA,NA,NA,NA,NA,NA,NA,NA,NA,NA,NA,NA,NA,NA,NA,NA,NA,NA
Brown_et_al_2026,Upper Newport,UNB13-04,80,81,UNB13-04_81,0.8218,0.076295936,NA,NA,NA,NA,NA,NA,NA,NA,NA,NA,NA,NA,NA,NA,NA,NA,NA,NA
Brown_et_al_2026,Upper Newport,UNB13-04,81,82,UNB13-04_82,0.7126,0.077603143,NA,NA,NA,NA,NA,NA,NA,NA,NA,NA,NA,NA,NA,NA,NA,NA,NA,NA
Brown_et_al_2026,Upper Newport,UNB13-04,82,83,UNB13-04_83,0.934,0.075910064,NA,NA,NA,NA,NA,NA,NA,NA,NA,NA,NA,NA,NA,NA,NA,NA,NA,NA
Brown_et_al_2026,Upper Newport,UNB13-04,83,84,UNB13-04_84,0.4542,0.084324086,NA,NA,NA,NA,NA,NA,NA,NA,NA,NA,NA,NA,NA,NA,NA,NA,NA,NA
Brown_et_al_2026,Upper Newport,UNB13-04,84,85,UNB13-04_85,0.6444,0.088919926,NA,NA,NA,NA,NA,NA,NA,NA,NA,NA,NA,NA,NA,NA,NA,NA,NA,NA
Brown_et_al_2026,Upper Newport,UNB13-04,85,86,UNB13-04_86,0.3551,0.078569417,NA,NA,NA,NA,NA,NA,NA,NA,NA,NA,NA,NA,NA,NA,NA,NA,NA,NA
Brown_et_al_2026,Upper Newport,UNB13-04,86,87,UNB13-04_87,1.0311,0.041606052,NA,NA,NA,NA,NA,NA,NA,NA,NA,NA,NA,NA,NA,NA,NA,NA,NA,NA
Brown_et_al_2026,Upper Newport,UNB13-04,87,88,UNB13-04_88,0.5456,0.119868035,NA,NA,NA,NA,NA,NA,NA,NA,NA,NA,NA,NA,NA,NA,NA,NA,NA,NA
Brown_et_al_2026,Upper Newport,UNB13-04,88,89,UNB13-04_89,0.3691,0.083446221,NA,NA,NA,NA,NA,NA,NA,NA,NA,NA,NA,NA,NA,NA,NA,NA,NA,NA
Brown_et_al_2026,Upper Newport,UNB13-04,89,90,UNB13-04_90,0.3988,0.077231695,NA,NA,NA,NA,NA,NA,NA,NA,NA,NA,NA,NA,NA,NA,NA,NA,NA,NA
Brown_et_al_2026,Upper Newport,UNB13-04,90,91,UNB13-04_91,0.4799,0.076682642,NA,NA,NA,NA,NA,NA,NA,NA,NA,NA,NA,NA,NA,NA,NA,NA,NA,NA
Brown_et_al_2026,Upper Newport,UNB13-04,91,92,UNB13-04_92,0.8072,0.049677899,NA,NA,NA,NA,NA,NA,NA,NA,NA,NA,NA,NA,NA,NA,NA,NA,NA,NA
Brown_et_al_2026,Upper Newport,UNB13-04,92,93,UNB13-04_93,1.1089,0.045450446,NA,NA,NA,NA,NA,NA,NA,NA,NA,NA,NA,NA,NA,NA,NA,NA,NA,NA
Brown_et_al_2026,Upper Newport,UNB13-04,93,94,UNB13-04_94,1.0077,0.043862261,NA,NA,NA,NA,NA,NA,NA,NA,NA,NA,NA,NA,NA,NA,NA,NA,NA,NA
Brown_et_al_2026,Upper Newport,UNB13-04,94,95,UNB13-04_95,1.0217,0.048742292,NA,NA,NA,NA,NA,NA,NA,NA,NA,NA,NA,NA,NA,NA,NA,NA,NA,NA
Brown_et_al_2026,Upper Newport,UNB13-04,95,96,UNB13-04_96,1.2584,0.056341386,NA,NA,NA,NA,NA,NA,NA,NA,NA,NA,NA,NA,NA,NA,NA,NA,NA,NA
Brown_et_al_2026,Upper Newport,UNB13-04,96,97,UNB13-04_97,0.7859,0.056750223,NA,NA,NA,NA,NA,NA,NA,NA,NA,NA,NA,NA,NA,NA,NA,NA,NA,NA
Brown_et_al_2026,Upper Newport,UNB13-04,97,98,UNB13-04_98,0.8159,0.06888099,NA,NA,NA,NA,NA,NA,NA,NA,NA,NA,NA,NA,NA,NA,NA,NA,NA,NA
Brown_et_al_2026,Upper Newport,UNB13-04,98,99,UNB13-04_99,0.6395,0.076153245,NA,NA,NA,NA,NA,NA,NA,NA,NA,NA,NA,NA,NA,NA,NA,NA,NA,NA
Brown_et_al_2026,Upper Newport,UNB13-04,99,100,UNB13-04_100,0.6105,0.08009828,NA,NA,NA,NA,NA,NA,NA,NA,NA,NA,NA,NA,NA,NA,NA,NA,NA,NA
Brown_et_al_2026,Upper Newport,UNB13-04,177,178,UNB13-04_178,NA,NA,NA,NA,NA,NA,NA,NA,NA,NA,625,20,marine,UNB13-04 178cm,0.92490000000000006,0.0023,-75.1,2.3,NA,NA
Brown_et_al_2026,Upper Newport,UNB13-04,231,232,UNB13-04_232,NA,NA,NA,NA,NA,NA,NA,NA,NA,NA,830,20,marine,UNB13_04_232,0.9017,0.0019,-98.3,1.9,NA,NA
Brown_et_al_2026,Upper Newport,UNB13-04,532,533,UNB13-04_533,NA,NA,NA,NA,NA,NA,NA,NA,NA,NA,-1025,30,marine,UNB13_04_533 .056mgC,1.1367,0.0041,136.7,4.1,NA,NA
Brown_et_al_2026,Upper Newport,UNB13-04,599,600,UNB13-04_600,NA,NA,NA,NA,NA,NA,NA,NA,NA,NA,5240,25,marine,UNB13_04_600,0.521,0.0013,-479,1.3,NA,NA
Brown_et_al_2026,Upper Newport,UNB14-05,3,4,UNB14-05_4,0.1603,0.240798503,5.60123608,1.385613846,36.6322159,11.29207521,67.77464126,10.30357722,31.91964838,3.999234663,NA,NA,NA,NA,NA,NA,NA,NA,NA,NA
Brown_et_al_2026,Upper Newport,UNB14-05,4,5,UNB14-05_5,0.2497,0.235082099,NA,NA,NA,NA,NA,NA,NA,NA,NA,NA,NA,NA,NA,NA,NA,NA,NA,NA
Brown_et_al_2026,Upper Newport,UNB14-05,5,6,UNB14-05_6,0.2599,0.170450173,NA,NA,NA,NA,NA,NA,NA,NA,NA,NA,NA,NA,NA,NA,NA,NA,NA,NA
Brown_et_al_2026,Upper Newport,UNB14-05,6,7,UNB14-05_7,0.2371,0.219738507,NA,NA,NA,NA,NA,NA,NA,NA,NA,NA,NA,NA,NA,NA,NA,NA,NA,NA
Brown_et_al_2026,Upper Newport,UNB14-05,7,8,UNB14-05_8,0.3258,0.166666667,NA,NA,NA,NA,NA,NA,NA,NA,NA,NA,NA,NA,NA,NA,NA,NA,NA,NA
Brown_et_al_2026,Upper Newport,UNB14-05,8,9,UNB14-05_9,0.2333,0.327475354,NA,NA,NA,NA,NA,NA,NA,NA,NA,NA,NA,NA,NA,NA,NA,NA,NA,NA
Brown_et_al_2026,Upper Newport,UNB14-05,9,10,UNB14-05_10,0.357,0.092436975,NA,NA,NA,NA,NA,NA,NA,NA,NA,NA,NA,NA,NA,NA,NA,NA,NA,NA
Brown_et_al_2026,Upper Newport,UNB14-05,10,11,UNB14-05_11,0.841,0.04863258,NA,NA,NA,NA,NA,NA,NA,NA,NA,NA,NA,NA,NA,NA,NA,NA,NA,NA
Brown_et_al_2026,Upper Newport,UNB14-05,11,12,UNB14-05_12,0.2745,0.134061931,NA,NA,NA,NA,NA,NA,NA,NA,NA,NA,NA,NA,NA,NA,NA,NA,NA,NA
Brown_et_al_2026,Upper Newport,UNB14-05,12,13,UNB14-05_13,0.3563,0.143418468,NA,NA,NA,NA,NA,NA,NA,NA,NA,NA,NA,NA,NA,NA,NA,NA,NA,NA
Brown_et_al_2026,Upper Newport,UNB14-05,13,14,UNB14-05_14,0.2972,0.115746972,NA,NA,NA,NA,NA,NA,NA,NA,NA,NA,NA,NA,NA,NA,NA,NA,NA,NA
Brown_et_al_2026,Upper Newport,UNB14-05,14,15,UNB14-05_15,0.5862,0.096042306,NA,NA,NA,NA,NA,NA,NA,NA,NA,NA,NA,NA,NA,NA,NA,NA,NA,NA
Brown_et_al_2026,Upper Newport,UNB14-05,15,16,UNB14-05_16,0.4984,0.083065811,3.048532155,1.377614145,7.571209874,8.323007702,47.76856581,6.564685945,40.4401489,4.669662156,NA,NA,NA,NA,NA,NA,NA,NA,NA,NA
Brown_et_al_2026,Upper Newport,UNB14-05,16,17,UNB14-05_17,0.5515,0.0643699,NA,NA,NA,NA,NA,NA,NA,NA,NA,NA,NA,NA,NA,NA,NA,NA,NA,NA
Brown_et_al_2026,Upper Newport,UNB14-05,17,18,UNB14-05_18,0.7209,0.060618671,NA,NA,NA,NA,NA,NA,NA,NA,NA,NA,NA,NA,NA,NA,NA,NA,NA,NA
Brown_et_al_2026,Upper Newport,UNB14-05,18,19,UNB14-05_19,0.3341,0.097575576,NA,NA,NA,NA,NA,NA,NA,NA,NA,NA,NA,NA,NA,NA,NA,NA,NA,NA
Brown_et_al_2026,Upper Newport,UNB14-05,19,20,UNB14-05_20,0.5969,0.089964818,4.344402574,1.165992188,2.385599867,8.11896863,43.10035778,6.535709991,40.76636633,4.514527877,NA,NA,NA,NA,NA,NA,NA,NA,NA,NA
Brown_et_al_2026,Upper Newport,UNB14-05,20,21,UNB14-05_21,0.4287,0.088640075,NA,NA,NA,NA,NA,NA,NA,NA,NA,NA,NA,NA,NA,NA,NA,NA,NA,NA
Brown_et_al_2026,Upper Newport,UNB14-05,21,22,UNB14-05_22,0.5575,0.061883408,NA,NA,NA,NA,NA,NA,NA,NA,NA,NA,NA,NA,NA,NA,NA,NA,NA,NA
Brown_et_al_2026,Upper Newport,UNB14-05,22,23,UNB14-05_23,0.6792,0.079358068,NA,NA,NA,NA,NA,NA,NA,NA,NA,NA,NA,NA,NA,NA,NA,NA,NA,NA
Brown_et_al_2026,Upper Newport,UNB14-05,23,24,UNB14-05_24,0.7229,0.054641029,2.896913671,0.777600073,-8.714700863,7.560743812,38.12590792,5.504092341,46.65716152,4.948582445,NA,NA,NA,NA,NA,NA,NA,NA,NA,NA
Brown_et_al_2026,Upper Newport,UNB14-05,24,25,UNB14-05_25,0.8688,0.058241252,NA,NA,NA,NA,NA,NA,NA,NA,NA,NA,NA,NA,NA,NA,NA,NA,NA,NA
Brown_et_al_2026,Upper Newport,UNB14-05,25,26,UNB14-05_26,0.9251,0.058047779,NA,NA,NA,NA,NA,NA,NA,NA,NA,NA,NA,NA,NA,NA,NA,NA,NA,NA
Brown_et_al_2026,Upper Newport,UNB14-05,26,27,UNB14-05_27,0.9086,0.049856923,NA,NA,NA,NA,NA,NA,NA,NA,NA,NA,NA,NA,NA,NA,NA,NA,NA,NA
Brown_et_al_2026,Upper Newport,UNB14-05,27,28,UNB14-05_28,0.863,0.05202781,4.264206025,0.724113424,-0.501663128,6.895110769,50.68892597,4.172293381,51.17982,5.302382324,NA,NA,NA,NA,NA,NA,NA,NA,NA,NA
Brown_et_al_2026,Upper Newport,UNB14-05,28,29,UNB14-05_29,0.6337,0.059018463,NA,NA,NA,NA,NA,NA,NA,NA,NA,NA,NA,NA,NA,NA,NA,NA,NA,NA
Brown_et_al_2026,Upper Newport,UNB14-05,29,30,UNB14-05_30,0.6833,0.05444168,NA,NA,NA,NA,NA,NA,NA,NA,NA,NA,NA,NA,NA,NA,NA,NA,NA,NA
Brown_et_al_2026,Upper Newport,UNB14-05,30,31,UNB14-05_31,0.8321,0.052517726,NA,NA,NA,NA,NA,NA,NA,NA,NA,NA,NA,NA,NA,NA,NA,NA,NA,NA
Brown_et_al_2026,Upper Newport,UNB14-05,31,32,UNB14-05_32,0.8499,0.057653842,4.270100905,0.709061672,-0.521289546,7.67320539,52.59435611,5.139513627,53.10428164,5.470319816,NA,NA,NA,NA,NA,NA,NA,NA,NA,NA
Brown_et_al_2026,Upper Newport,UNB14-05,32,33,UNB14-05_33,0.6394,0.053956835,NA,NA,NA,NA,NA,NA,NA,NA,NA,NA,NA,NA,NA,NA,NA,NA,NA,NA
Brown_et_al_2026,Upper Newport,UNB14-05,33,34,UNB14-05_34,0.6329,0.048664876,4.874466084,0.761900807,-1.387302461,6.638973221,44.46483065,4.386664907,45.82154376,4.786528781,NA,NA,NA,NA,NA,NA,NA,NA,NA,NA
Brown_et_al_2026,Upper Newport,UNB14-05,34,35,UNB14-05_35,0.4956,0.055891848,NA,NA,NA,NA,NA,NA,NA,NA,NA,NA,NA,NA,NA,NA,NA,NA,NA,NA
Brown_et_al_2026,Upper Newport,UNB14-05,35,36,UNB14-05_36,1.0704,0.036434978,NA,NA,NA,NA,NA,NA,NA,NA,NA,NA,NA,NA,NA,NA,NA,NA,NA,NA
Brown_et_al_2026,Upper Newport,UNB14-05,36,37,UNB14-05_37,0.8783,0.022998975,NA,NA,NA,NA,NA,NA,NA,NA,NA,NA,NA,NA,NA,NA,NA,NA,NA,NA
Brown_et_al_2026,Upper Newport,UNB14-05,37,38,UNB14-05_38,1.1454,0.042692509,3.386550389,0.719830938,-4.777247507,5.678958686,31.37596127,3.967075563,36.00198034,3.808327032,NA,NA,NA,NA,NA,NA,NA,NA,NA,NA
Brown_et_al_2026,Upper Newport,UNB14-05,38,39,UNB14-05_39,1.1229,0.048624098,NA,NA,NA,NA,NA,NA,NA,NA,NA,NA,NA,NA,NA,NA,NA,NA,NA,NA
Brown_et_al_2026,Upper Newport,UNB14-05,39,40,UNB14-05_40,0.7059,0.05213203,NA,NA,NA,NA,NA,NA,NA,NA,NA,NA,NA,NA,NA,NA,NA,NA,NA,NA
Brown_et_al_2026,Upper Newport,UNB14-05,40,41,UNB14-05_41,0.8354,0.045846301,NA,NA,NA,NA,NA,NA,NA,NA,NA,NA,NA,NA,NA,NA,NA,NA,NA,NA
Brown_et_al_2026,Upper Newport,UNB14-05,41,42,UNB14-05_42,1.0762,0.036703215,1.530283831,0.904352774,-8.340348968,7.084704981,37.89908922,4.902756922,45.97335466,4.796297772,NA,NA,NA,NA,NA,NA,NA,NA,NA,NA
Brown_et_al_2026,Upper Newport,UNB14-05,42,43,UNB14-05_43,1.0121,0.045252445,NA,NA,NA,NA,NA,NA,NA,NA,NA,NA,NA,NA,NA,NA,NA,NA,NA,NA
Brown_et_al_2026,Upper Newport,UNB14-05,43,44,UNB14-05_44,1.3981,0.040340462,NA,NA,NA,NA,NA,NA,NA,NA,NA,NA,NA,NA,NA,NA,NA,NA,NA,NA
Brown_et_al_2026,Upper Newport,UNB14-05,44,45,UNB14-05_45,1.4531,0.033170463,NA,NA,NA,NA,NA,NA,NA,NA,NA,NA,NA,NA,NA,NA,NA,NA,NA,NA
Brown_et_al_2026,Upper Newport,UNB14-05,45,46,UNB14-05_46,1.2417,0.031247483,NA,NA,NA,NA,NA,NA,NA,NA,NA,NA,NA,NA,NA,NA,NA,NA,NA,NA
Brown_et_al_2026,Upper Newport,UNB14-05,46,47,UNB14-05_47,1.39,0.034100719,NA,NA,NA,NA,NA,NA,NA,NA,NA,NA,NA,NA,NA,NA,NA,NA,NA,NA
Brown_et_al_2026,Upper Newport,UNB14-05,47,48,UNB14-05_48,1.5576,0.027092964,NA,NA,NA,NA,NA,NA,NA,NA,NA,NA,NA,NA,NA,NA,NA,NA,NA,NA
Brown_et_al_2026,Upper Newport,UNB14-05,48,49,UNB14-05_49,1.2974,0.020579621,NA,NA,NA,NA,NA,NA,NA,NA,NA,NA,NA,NA,NA,NA,NA,NA,NA,NA
Brown_et_al_2026,Upper Newport,UNB14-05,49,50,UNB14-05_50,1.664,0.023858173,1.087375038,0.893862486,-10.66307573,7.743999849,35.26002644,5.713430211,45.58730964,4.858878563,NA,NA,NA,NA,NA,NA,NA,NA,NA,NA
Brown_et_al_2026,Upper Newport,UNB14-05,50,51,UNB14-05_51,1.1255,0.029942248,NA,NA,NA,NA,NA,NA,NA,NA,NA,NA,NA,NA,NA,NA,NA,NA,NA,NA
Brown_et_al_2026,Upper Newport,UNB14-05,51,52,UNB14-05_52,1.6284,0.02204618,NA,NA,NA,NA,NA,NA,NA,NA,NA,NA,NA,NA,NA,NA,NA,NA,NA,NA
Brown_et_al_2026,Upper Newport,UNB14-05,52,53,UNB14-05_53,1.3042,0.026069621,NA,NA,NA,NA,NA,NA,NA,NA,NA,NA,NA,NA,NA,NA,NA,NA,NA,NA
Brown_et_al_2026,Upper Newport,UNB14-05,53,54,UNB14-05_54,1.2258,0.029694893,NA,NA,NA,NA,NA,NA,NA,NA,NA,NA,NA,NA,NA,NA,NA,NA,NA,NA
Brown_et_al_2026,Upper Newport,UNB14-05,54,55,UNB14-05_55,0.8152,0.042075564,NA,NA,NA,NA,NA,NA,NA,NA,NA,NA,NA,NA,NA,NA,NA,NA,NA,NA
Brown_et_al_2026,Upper Newport,UNB14-05,55,56,UNB14-05_56,0.7944,0.042547835,NA,NA,NA,NA,NA,NA,NA,NA,NA,NA,NA,NA,NA,NA,NA,NA,NA,NA
Brown_et_al_2026,Upper Newport,UNB14-05,56,57,UNB14-05_57,0.919,0.047116431,NA,NA,NA,NA,NA,NA,NA,NA,NA,NA,NA,NA,NA,NA,NA,NA,NA,NA
Brown_et_al_2026,Upper Newport,UNB14-05,57,58,UNB14-05_58,0.9925,0.04372796,NA,NA,NA,NA,NA,NA,NA,NA,NA,NA,NA,NA,NA,NA,NA,NA,NA,NA
Brown_et_al_2026,Upper Newport,UNB14-05,58,59,UNB14-05_59,0.7397,0.04731648,NA,NA,NA,NA,NA,NA,NA,NA,NA,NA,NA,NA,NA,NA,NA,NA,NA,NA
Brown_et_al_2026,Upper Newport,UNB14-05,59,60,UNB14-05_60,0.5115,0.049853372,NA,NA,NA,NA,NA,NA,NA,NA,NA,NA,NA,NA,NA,NA,NA,NA,NA,NA
Brown_et_al_2026,Upper Newport,UNB14-05,60,61,UNB14-05_61,0.6218,0.047603731,NA,NA,NA,NA,NA,NA,NA,NA,NA,NA,NA,NA,NA,NA,NA,NA,NA,NA
Brown_et_al_2026,Upper Newport,UNB14-05,61,62,UNB14-05_62,0.576,0.070833333,NA,NA,NA,NA,NA,NA,NA,NA,NA,NA,NA,NA,NA,NA,NA,NA,NA,NA
Brown_et_al_2026,Upper Newport,UNB14-05,62,63,UNB14-05_63,0.9072,0.044973545,NA,NA,NA,NA,NA,NA,NA,NA,NA,NA,NA,NA,NA,NA,NA,NA,NA,NA
Brown_et_al_2026,Upper Newport,UNB14-05,63,64,UNB14-05_64,0.6121,0.072537167,NA,NA,NA,NA,NA,NA,NA,NA,NA,NA,NA,NA,NA,NA,NA,NA,NA,NA
Brown_et_al_2026,Upper Newport,UNB14-05,64,65,UNB14-05_65,0.5861,0.071489507,NA,NA,NA,NA,NA,NA,NA,NA,NA,NA,NA,NA,NA,NA,NA,NA,NA,NA
Brown_et_al_2026,Upper Newport,UNB14-05,65,66,UNB14-05_66,0.6093,0.075168226,NA,NA,NA,NA,NA,NA,NA,NA,NA,NA,NA,NA,NA,NA,NA,NA,NA,NA
Brown_et_al_2026,Upper Newport,UNB14-05,66,67,UNB14-05_67,0.474,0.068987342,NA,NA,NA,NA,NA,NA,NA,NA,NA,NA,NA,NA,NA,NA,NA,NA,NA,NA
Brown_et_al_2026,Upper Newport,UNB14-05,67,68,UNB14-05_68,0.4299,0.060944406,NA,NA,NA,NA,NA,NA,NA,NA,NA,NA,NA,NA,NA,NA,NA,NA,NA,NA
Brown_et_al_2026,Upper Newport,UNB14-05,68,69,UNB14-05_69,0.3506,0.067598403,NA,NA,NA,NA,NA,NA,NA,NA,NA,NA,NA,NA,NA,NA,NA,NA,NA,NA
Brown_et_al_2026,Upper Newport,UNB14-05,69,70,UNB14-05_70,0.4067,0.071059749,NA,NA,NA,NA,NA,NA,NA,NA,NA,NA,NA,NA,NA,NA,NA,NA,NA,NA
Brown_et_al_2026,Upper Newport,UNB14-05,70,71,UNB14-05_71,0.3546,0.076142132,NA,NA,NA,NA,NA,NA,NA,NA,NA,NA,NA,NA,NA,NA,NA,NA,NA,NA
Brown_et_al_2026,Upper Newport,UNB14-05,71,72,UNB14-05_72,0.6083,0.070688805,NA,NA,NA,NA,NA,NA,NA,NA,NA,NA,NA,NA,NA,NA,NA,NA,NA,NA
Brown_et_al_2026,Upper Newport,UNB14-05,72,73,UNB14-05_73,0.3322,0.074653823,NA,NA,NA,NA,NA,NA,NA,NA,NA,NA,NA,NA,NA,NA,NA,NA,NA,NA
Brown_et_al_2026,Upper Newport,UNB14-05,73,74,UNB14-05_74,0.5525,0.075113122,NA,NA,NA,NA,NA,NA,NA,NA,NA,NA,NA,NA,NA,NA,NA,NA,NA,NA
Brown_et_al_2026,Upper Newport,UNB14-05,74,75,UNB14-05_75,0.4536,0.079585538,NA,NA,NA,NA,NA,NA,NA,NA,NA,NA,NA,NA,NA,NA,NA,NA,NA,NA
Brown_et_al_2026,Upper Newport,UNB14-05,75,76,UNB14-05_76,0.4087,0.073892831,NA,NA,NA,NA,NA,NA,NA,NA,NA,NA,NA,NA,NA,NA,NA,NA,NA,NA
Brown_et_al_2026,Upper Newport,UNB14-05,76,77,UNB14-05_77,0.6937,0.066166931,NA,NA,NA,NA,NA,NA,NA,NA,NA,NA,NA,NA,NA,NA,NA,NA,NA,NA
Brown_et_al_2026,Upper Newport,UNB14-05,77,78,UNB14-05_78,0.4483,0.089225965,NA,NA,NA,NA,NA,NA,NA,NA,NA,NA,NA,NA,NA,NA,NA,NA,NA,NA
Brown_et_al_2026,Upper Newport,UNB14-05,78,79,UNB14-05_79,0.543,0.075322284,NA,NA,NA,NA,NA,NA,NA,NA,NA,NA,NA,NA,NA,NA,NA,NA,NA,NA
Brown_et_al_2026,Upper Newport,UNB14-05,79,80,UNB14-05_80,0.5462,0.076345661,NA,NA,NA,NA,NA,NA,NA,NA,NA,NA,NA,NA,NA,NA,NA,NA,NA,NA
Brown_et_al_2026,Upper Newport,UNB14-05,80,81,UNB14-05_81,0.7674,0.074798019,NA,NA,NA,NA,NA,NA,NA,NA,NA,NA,NA,NA,NA,NA,NA,NA,NA,NA
Brown_et_al_2026,Upper Newport,UNB14-05,81,82,UNB14-05_82,0.2801,0.077115316,NA,NA,NA,NA,NA,NA,NA,NA,NA,NA,NA,NA,NA,NA,NA,NA,NA,NA
Brown_et_al_2026,Upper Newport,UNB14-05,82,83,UNB14-05_83,0.4779,0.074492572,NA,NA,NA,NA,NA,NA,NA,NA,NA,NA,NA,NA,NA,NA,NA,NA,NA,NA
Brown_et_al_2026,Upper Newport,UNB14-05,83,84,UNB14-05_84,0.5552,0.060878963,NA,NA,NA,NA,NA,NA,NA,NA,NA,NA,NA,NA,NA,NA,NA,NA,NA,NA
Brown_et_al_2026,Upper Newport,UNB14-05,84,85,UNB14-05_85,0.5153,0.059576945,NA,NA,NA,NA,NA,NA,NA,NA,NA,NA,NA,NA,NA,NA,NA,NA,NA,NA
Brown_et_al_2026,Upper Newport,UNB14-05,85,86,UNB14-05_86,0.5264,0.074278116,NA,NA,NA,NA,NA,NA,NA,NA,NA,NA,NA,NA,NA,NA,NA,NA,NA,NA
Brown_et_al_2026,Upper Newport,UNB14-05,86,87,UNB14-05_87,0.4979,0.103836112,NA,NA,NA,NA,NA,NA,NA,NA,NA,NA,NA,NA,NA,NA,NA,NA,NA,NA
Brown_et_al_2026,Upper Newport,UNB14-05,87,88,UNB14-05_88,0.7345,0.062491491,NA,NA,NA,NA,NA,NA,NA,NA,NA,NA,NA,NA,NA,NA,NA,NA,NA,NA
Brown_et_al_2026,Upper Newport,UNB14-05,88,89,UNB14-05_89,0.4683,0.059150117,NA,NA,NA,NA,NA,NA,NA,NA,NA,NA,NA,NA,NA,NA,NA,NA,NA,NA
Brown_et_al_2026,Upper Newport,UNB14-05,89,90,UNB14-05_90,0.6257,0.065366789,NA,NA,NA,NA,NA,NA,NA,NA,NA,NA,NA,NA,NA,NA,NA,NA,NA,NA
Brown_et_al_2026,Upper Newport,UNB14-05,90,91,UNB14-05_91,0.6028,0.078135368,NA,NA,NA,NA,NA,NA,NA,NA,NA,NA,NA,NA,NA,NA,NA,NA,NA,NA
Brown_et_al_2026,Upper Newport,UNB14-05,91,92,UNB14-05_92,0.7412,0.0858068,NA,NA,NA,NA,NA,NA,NA,NA,NA,NA,NA,NA,NA,NA,NA,NA,NA,NA
Brown_et_al_2026,Upper Newport,UNB14-05,92,93,UNB14-05_93,0.469,0.084221748,NA,NA,NA,NA,NA,NA,NA,NA,NA,NA,NA,NA,NA,NA,NA,NA,NA,NA
Brown_et_al_2026,Upper Newport,UNB14-05,93,94,UNB14-05_94,0.6843,0.077305275,NA,NA,NA,NA,NA,NA,NA,NA,NA,NA,NA,NA,NA,NA,NA,NA,NA,NA
Brown_et_al_2026,Upper Newport,UNB14-05,94,95,UNB14-05_95,0.5969,0.077734964,NA,NA,NA,NA,NA,NA,NA,NA,NA,NA,NA,NA,NA,NA,NA,NA,NA,NA
Brown_et_al_2026,Upper Newport,UNB14-05,95,96,UNB14-05_96,0.7595,0.073337722,NA,NA,NA,NA,NA,NA,NA,NA,NA,NA,NA,NA,NA,NA,NA,NA,NA,NA
Brown_et_al_2026,Upper Newport,UNB14-05,96,97,UNB14-05_97,0.4568,0.073117338,NA,NA,NA,NA,NA,NA,NA,NA,NA,NA,NA,NA,NA,NA,NA,NA,NA,NA
Brown_et_al_2026,Upper Newport,UNB14-05,97,98,UNB14-05_98,0.6507,0.075918242,NA,NA,NA,NA,NA,NA,NA,NA,NA,NA,NA,NA,NA,NA,NA,NA,NA,NA
Brown_et_al_2026,Upper Newport,UNB14-05,98,99,UNB14-05_99,0.5117,0.073285128,NA,NA,NA,NA,NA,NA,NA,NA,NA,NA,NA,NA,NA,NA,NA,NA,NA,NA
Brown_et_al_2026,Upper Newport,UNB14-05,99,100,UNB14-05_100,0.6945,0.069978402,NA,NA,NA,NA,NA,NA,NA,NA,NA,NA,NA,NA,NA,NA,NA,NA,NA,NA
Brown_et_al_2026,Upper Newport,UNB14-05,118,119,UNB14-05_119,NA,NA,NA,NA,NA,NA,NA,NA,NA,NA,635,20,marine,UNB14-05 119cm,0.9237,0.0023,-76.3,2.3,NA,NA
Brown_et_al_2026,Upper Newport,UNB14-05,296,297,UNB14-05_297,NA,NA,NA,NA,NA,NA,NA,NA,NA,NA,2620,20,marine,UNB14-05 297cm,0.7216,0.0016,-278.4,1.6,NA,NA
Brown_et_al_2026,Upper Newport,UNB14-06,102,103,UNB14-06_103,NA,NA,NA,NA,NA,NA,NA,NA,NA,NA,700,20,marine,UNB14-06 103 cerithidea,0.9164,0.002,-83.6,2,NA,NA
Brown_et_al_2026,Upper Newport,UNB14-06,129,130,UNB14-06_130,NA,NA,NA,NA,NA,NA,NA,NA,NA,NA,800,20,marine,UNB14-06 130cm,0.905,0.002,-95,2,NA,NA
Brown_et_al_2026,Upper Newport,UNB14-06,292,293,UNB14-06_293,NA,NA,NA,NA,NA,NA,NA,NA,NA,NA,2230,20,marine,UNB14-06 293cm,0.7574,0.0017,-242.6,1.7,NA,NA
Brown_et_al_2026,Upper Newport,UNB14-07,0,1,UNB14-07_1,0.2564,0.397425897,NA,NA,NA,NA,NA,NA,NA,NA,NA,NA,NA,NA,NA,NA,NA,NA,NA,NA
Brown_et_al_2026,Upper Newport,UNB14-07,1,2,UNB14-07_2,0.237,0.509704641,NA,NA,NA,NA,NA,NA,NA,NA,NA,NA,NA,NA,NA,NA,NA,NA,NA,NA
Brown_et_al_2026,Upper Newport,UNB14-07,2,3,UNB14-07_3,0.221,0.42081448,NA,NA,NA,NA,NA,NA,NA,NA,NA,NA,NA,NA,NA,NA,NA,NA,NA,NA
Brown_et_al_2026,Upper Newport,UNB14-07,3,4,UNB14-07_4,0.3623,0.256969362,NA,NA,NA,NA,NA,NA,NA,NA,NA,NA,NA,NA,NA,NA,NA,NA,NA,NA
Brown_et_al_2026,Upper Newport,UNB14-07,4,5,UNB14-07_5,0.7312,0.10202407,NA,NA,NA,NA,NA,NA,NA,NA,NA,NA,NA,NA,NA,NA,NA,NA,NA,NA
Brown_et_al_2026,Upper Newport,UNB14-07,5,6,UNB14-07_6,1.0947,0.046862154,NA,NA,NA,NA,NA,NA,NA,NA,NA,NA,NA,NA,NA,NA,NA,NA,NA,NA
Brown_et_al_2026,Upper Newport,UNB14-07,6,7,UNB14-07_7,0.3106,0.189632968,NA,NA,NA,NA,NA,NA,NA,NA,NA,NA,NA,NA,NA,NA,NA,NA,NA,NA
Brown_et_al_2026,Upper Newport,UNB14-07,7,8,UNB14-07_8,0.476,0.143277311,NA,NA,NA,NA,NA,NA,NA,NA,NA,NA,NA,NA,NA,NA,NA,NA,NA,NA
Brown_et_al_2026,Upper Newport,UNB14-07,8,9,UNB14-07_9,0.4787,0.100480468,NA,NA,NA,NA,NA,NA,NA,NA,NA,NA,NA,NA,NA,NA,NA,NA,NA,NA
Brown_et_al_2026,Upper Newport,UNB14-07,9,10,UNB14-07_10,0.4034,0.129895885,NA,NA,NA,NA,NA,NA,NA,NA,NA,NA,NA,NA,NA,NA,NA,NA,NA,NA
Brown_et_al_2026,Upper Newport,UNB14-07,10,11,UNB14-07_11,0.2702,0.276831976,NA,NA,NA,NA,NA,NA,NA,NA,NA,NA,NA,NA,NA,NA,NA,NA,NA,NA
Brown_et_al_2026,Upper Newport,UNB14-07,11,12,UNB14-07_12,0.3099,0.192320103,NA,NA,NA,NA,NA,NA,NA,NA,NA,NA,NA,NA,NA,NA,NA,NA,NA,NA
Brown_et_al_2026,Upper Newport,UNB14-07,12,13,UNB14-07_13,0.438,0.138127854,NA,NA,NA,NA,NA,NA,NA,NA,NA,NA,NA,NA,NA,NA,NA,NA,NA,NA
Brown_et_al_2026,Upper Newport,UNB14-07,13,14,UNB14-07_14,0.8404,0.043193717,NA,NA,NA,NA,NA,NA,NA,NA,NA,NA,NA,NA,NA,NA,NA,NA,NA,NA
Brown_et_al_2026,Upper Newport,UNB14-07,14,15,UNB14-07_15,1.0323,0.046691853,NA,NA,NA,NA,NA,NA,NA,NA,NA,NA,NA,NA,NA,NA,NA,NA,NA,NA
Brown_et_al_2026,Upper Newport,UNB14-07,15,16,UNB14-07_16,1.2951,0.035904563,NA,NA,NA,NA,NA,NA,NA,NA,NA,NA,NA,NA,NA,NA,NA,NA,NA,NA
Brown_et_al_2026,Upper Newport,UNB14-07,16,17,UNB14-07_17,0.6535,0.092425402,NA,NA,NA,NA,NA,NA,NA,NA,NA,NA,NA,NA,NA,NA,NA,NA,NA,NA
Brown_et_al_2026,Upper Newport,UNB14-07,17,18,UNB14-07_18,0.457,0.110065646,NA,NA,NA,NA,NA,NA,NA,NA,NA,NA,NA,NA,NA,NA,NA,NA,NA,NA
Brown_et_al_2026,Upper Newport,UNB14-07,18,19,UNB14-07_19,0.5933,0.074498567,NA,NA,NA,NA,NA,NA,NA,NA,NA,NA,NA,NA,NA,NA,NA,NA,NA,NA
Brown_et_al_2026,Upper Newport,UNB14-07,19,20,UNB14-07_20,0.7009,0.08317877,NA,NA,NA,NA,NA,NA,NA,NA,NA,NA,NA,NA,NA,NA,NA,NA,NA,NA
Brown_et_al_2026,Upper Newport,UNB14-07,20,21,UNB14-07_21,0.4137,0.225525743,NA,NA,NA,NA,NA,NA,NA,NA,NA,NA,NA,NA,NA,NA,NA,NA,NA,NA
Brown_et_al_2026,Upper Newport,UNB14-07,21,22,UNB14-07_22,0.79990000000000006,0.088511064,NA,NA,NA,NA,NA,NA,NA,NA,NA,NA,NA,NA,NA,NA,NA,NA,NA,NA
Brown_et_al_2026,Upper Newport,UNB14-07,22,23,UNB14-07_23,0.7852,0.089149261,NA,NA,NA,NA,NA,NA,NA,NA,NA,NA,NA,NA,NA,NA,NA,NA,NA,NA
Brown_et_al_2026,Upper Newport,UNB14-07,23,24,UNB14-07_24,0.4125,0.15030303,NA,NA,NA,NA,NA,NA,NA,NA,NA,NA,NA,NA,NA,NA,NA,NA,NA,NA
Brown_et_al_2026,Upper Newport,UNB14-07,24,25,UNB14-07_25,0.5966,0.08749581,NA,NA,NA,NA,NA,NA,NA,NA,NA,NA,NA,NA,NA,NA,NA,NA,NA,NA
Brown_et_al_2026,Upper Newport,UNB14-07,25,26,UNB14-07_26,0.5736,0.071304045,NA,NA,NA,NA,NA,NA,NA,NA,NA,NA,NA,NA,NA,NA,NA,NA,NA,NA
Brown_et_al_2026,Upper Newport,UNB14-07,26,27,UNB14-07_27,0.7507,0.059944052,NA,NA,NA,NA,NA,NA,NA,NA,NA,NA,NA,NA,NA,NA,NA,NA,NA,NA
Brown_et_al_2026,Upper Newport,UNB14-07,27,28,UNB14-07_28,0.7549,0.053119618,NA,NA,NA,NA,NA,NA,NA,NA,NA,NA,NA,NA,NA,NA,NA,NA,NA,NA
Brown_et_al_2026,Upper Newport,UNB14-07,28,29,UNB14-07_29,1.2271,0.037242279,NA,NA,NA,NA,NA,NA,NA,NA,NA,NA,NA,NA,NA,NA,NA,NA,NA,NA
Brown_et_al_2026,Upper Newport,UNB14-07,29,30,UNB14-07_30,1.417,0.023853211,NA,NA,NA,NA,NA,NA,NA,NA,NA,NA,NA,NA,NA,NA,NA,NA,NA,NA
Brown_et_al_2026,Upper Newport,UNB14-07,30,31,UNB14-07_31,1.2974,0.030676738,NA,NA,NA,NA,NA,NA,NA,NA,NA,NA,NA,NA,NA,NA,NA,NA,NA,NA
Brown_et_al_2026,Upper Newport,UNB14-07,31,32,UNB14-07_32,1.1513,0.038912534,NA,NA,NA,NA,NA,NA,NA,NA,NA,NA,NA,NA,NA,NA,NA,NA,NA,NA
Brown_et_al_2026,Upper Newport,UNB14-07,32,33,UNB14-07_33,1.1643,0.061582066,NA,NA,NA,NA,NA,NA,NA,NA,NA,NA,NA,NA,NA,NA,NA,NA,NA,NA
Brown_et_al_2026,Upper Newport,UNB14-07,33,34,UNB14-07_34,1.3403,0.020293964,NA,NA,NA,NA,NA,NA,NA,NA,NA,NA,NA,NA,NA,NA,NA,NA,NA,NA
Brown_et_al_2026,Upper Newport,UNB14-07,34,35,UNB14-07_35,1.545,0.019546926,NA,NA,NA,NA,NA,NA,NA,NA,NA,NA,NA,NA,NA,NA,NA,NA,NA,NA
Brown_et_al_2026,Upper Newport,UNB14-07,35,36,UNB14-07_36,1.4728,0.031844106,NA,NA,NA,NA,NA,NA,NA,NA,NA,NA,NA,NA,NA,NA,NA,NA,NA,NA
Brown_et_al_2026,Upper Newport,UNB14-07,36,37,UNB14-07_37,1.1081,0.045032037,NA,NA,NA,NA,NA,NA,NA,NA,NA,NA,NA,NA,NA,NA,NA,NA,NA,NA
Brown_et_al_2026,Upper Newport,UNB14-07,37,38,UNB14-07_38,0.6948,0.060161197,NA,NA,NA,NA,NA,NA,NA,NA,NA,NA,NA,NA,NA,NA,NA,NA,NA,NA
Brown_et_al_2026,Upper Newport,UNB14-07,38,39,UNB14-07_39,0.8436,0.094950213,NA,NA,NA,NA,NA,NA,NA,NA,NA,NA,NA,NA,NA,NA,NA,NA,NA,NA
Brown_et_al_2026,Upper Newport,UNB14-07,39,40,UNB14-07_40,0.8154,0.081800343,NA,NA,NA,NA,NA,NA,NA,NA,NA,NA,NA,NA,NA,NA,NA,NA,NA,NA
Brown_et_al_2026,Upper Newport,UNB14-07,40,41,UNB14-07_41,0.8539,0.074598899,NA,NA,NA,NA,NA,NA,NA,NA,NA,NA,NA,NA,NA,NA,NA,NA,NA,NA
Brown_et_al_2026,Upper Newport,UNB14-07,41,42,UNB14-07_42,0.9535,0.071735711,NA,NA,NA,NA,NA,NA,NA,NA,NA,NA,NA,NA,NA,NA,NA,NA,NA,NA
Brown_et_al_2026,Upper Newport,UNB14-07,42,43,UNB14-07_43,0.7988,0.072358538,NA,NA,NA,NA,NA,NA,NA,NA,NA,NA,NA,NA,NA,NA,NA,NA,NA,NA
Brown_et_al_2026,Upper Newport,UNB14-07,43,44,UNB14-07_44,0.9541,0.070747301,NA,NA,NA,NA,NA,NA,NA,NA,NA,NA,NA,NA,NA,NA,NA,NA,NA,NA
Brown_et_al_2026,Upper Newport,UNB14-07,44,45,UNB14-07_45,0.8175,0.085626911,NA,NA,NA,NA,NA,NA,NA,NA,NA,NA,NA,NA,NA,NA,NA,NA,NA,NA
Brown_et_al_2026,Upper Newport,UNB14-07,45,46,UNB14-07_46,1.0053,0.069133592,NA,NA,NA,NA,NA,NA,NA,NA,NA,NA,NA,NA,NA,NA,NA,NA,NA,NA
Brown_et_al_2026,Upper Newport,UNB14-07,46,47,UNB14-07_47,0.8129,0.064337557,NA,NA,NA,NA,NA,NA,NA,NA,NA,NA,NA,NA,NA,NA,NA,NA,NA,NA
Brown_et_al_2026,Upper Newport,UNB14-07,47,48,UNB14-07_48,0.8673,0.061685691,NA,NA,NA,NA,NA,NA,NA,NA,NA,NA,NA,NA,NA,NA,NA,NA,NA,NA
Brown_et_al_2026,Upper Newport,UNB14-07,48,49,UNB14-07_49,0.6701,0.06342337,NA,NA,NA,NA,NA,NA,NA,NA,NA,NA,NA,NA,NA,NA,NA,NA,NA,NA
Brown_et_al_2026,Upper Newport,UNB14-07,49,50,UNB14-07_50,0.6685,0.062228871,NA,NA,NA,NA,NA,NA,NA,NA,NA,NA,NA,NA,NA,NA,NA,NA,NA,NA
Brown_et_al_2026,Upper Newport,UNB14-07,50,51,UNB14-07_51,0.7107,0.039819896,NA,NA,NA,NA,NA,NA,NA,NA,NA,NA,NA,NA,NA,NA,NA,NA,NA,NA
Brown_et_al_2026,Upper Newport,UNB14-07,51,52,UNB14-07_52,0.7526,0.051155993,NA,NA,NA,NA,NA,NA,NA,NA,NA,NA,NA,NA,NA,NA,NA,NA,NA,NA
Brown_et_al_2026,Upper Newport,UNB14-07,52,53,UNB14-07_53,0.6552,0.081349206,NA,NA,NA,NA,NA,NA,NA,NA,NA,NA,NA,NA,NA,NA,NA,NA,NA,NA
Brown_et_al_2026,Upper Newport,UNB14-07,53,54,UNB14-07_54,0.7706,0.087075006,NA,NA,NA,NA,NA,NA,NA,NA,NA,NA,NA,NA,NA,NA,NA,NA,NA,NA
Brown_et_al_2026,Upper Newport,UNB14-07,54,55,UNB14-07_55,0.5888,0.079144022,NA,NA,NA,NA,NA,NA,NA,NA,NA,NA,NA,NA,NA,NA,NA,NA,NA,NA
Brown_et_al_2026,Upper Newport,UNB14-07,55,56,UNB14-07_56,0.7016,0.054161916,NA,NA,NA,NA,NA,NA,NA,NA,255,20,terrestrial,UNB14-07 56cm,0.9686,0.0022,-31.4,2.2,NA,NA
Brown_et_al_2026,Upper Newport,UNB14-07,56,57,UNB14-07_57,0.6086,0.046500164,NA,NA,NA,NA,NA,NA,NA,NA,NA,NA,NA,NA,NA,NA,NA,NA,NA,NA
Brown_et_al_2026,Upper Newport,UNB14-07,57,58,UNB14-07_58,0.7544,0.045599152,NA,NA,NA,NA,NA,NA,NA,NA,NA,NA,NA,NA,NA,NA,NA,NA,NA,NA
Brown_et_al_2026,Upper Newport,UNB14-07,58,59,UNB14-07_59,0.5912,0.054296346,NA,NA,NA,NA,NA,NA,NA,NA,NA,NA,NA,NA,NA,NA,NA,NA,NA,NA
Brown_et_al_2026,Upper Newport,UNB14-07,59,60,UNB14-07_60,0.5851,0.056058793,NA,NA,NA,NA,NA,NA,NA,NA,NA,NA,NA,NA,NA,NA,NA,NA,NA,NA
Brown_et_al_2026,Upper Newport,UNB14-07,60,61,UNB14-07_61,0.4608,0.051866319,NA,NA,NA,NA,NA,NA,NA,NA,NA,NA,NA,NA,NA,NA,NA,NA,NA,NA
Brown_et_al_2026,Upper Newport,UNB14-07,61,62,UNB14-07_62,0.5804,0.043762922,NA,NA,NA,NA,NA,NA,NA,NA,NA,NA,NA,NA,NA,NA,NA,NA,NA,NA
Brown_et_al_2026,Upper Newport,UNB14-07,62,63,UNB14-07_63,0.5159,0.043419267,NA,NA,NA,NA,NA,NA,NA,NA,NA,NA,NA,NA,NA,NA,NA,NA,NA,NA
Brown_et_al_2026,Upper Newport,UNB14-07,63,64,UNB14-07_64,0.8131,0.025704095,NA,NA,NA,NA,NA,NA,NA,NA,NA,NA,NA,NA,NA,NA,NA,NA,NA,NA
Brown_et_al_2026,Upper Newport,UNB14-07,64,65,UNB14-07_65,0.502,0.04501992,NA,NA,NA,NA,NA,NA,NA,NA,NA,NA,NA,NA,NA,NA,NA,NA,NA,NA
Brown_et_al_2026,Upper Newport,UNB14-07,65,66,UNB14-07_66,0.4933,0.04561119,NA,NA,NA,NA,NA,NA,NA,NA,NA,NA,NA,NA,NA,NA,NA,NA,NA,NA
Brown_et_al_2026,Upper Newport,UNB14-07,66,67,UNB14-07_67,0.6887,0.048351967,NA,NA,NA,NA,NA,NA,NA,NA,NA,NA,NA,NA,NA,NA,NA,NA,NA,NA
Brown_et_al_2026,Upper Newport,UNB14-07,67,68,UNB14-07_68,0.5464,0.090592972,NA,NA,NA,NA,NA,NA,NA,NA,NA,NA,NA,NA,NA,NA,NA,NA,NA,NA
Brown_et_al_2026,Upper Newport,UNB14-07,68,69,UNB14-07_69,0.6205,0.047542305,NA,NA,NA,NA,NA,NA,NA,NA,NA,NA,NA,NA,NA,NA,NA,NA,NA,NA
Brown_et_al_2026,Upper Newport,UNB14-07,69,70,UNB14-07_70,0.5249,0.050104782,NA,NA,NA,NA,NA,NA,NA,NA,NA,NA,NA,NA,NA,NA,NA,NA,NA,NA
Brown_et_al_2026,Upper Newport,UNB14-07,70,71,UNB14-07_71,0.2809,0.056247775,NA,NA,NA,NA,NA,NA,NA,NA,NA,NA,NA,NA,NA,NA,NA,NA,NA,NA
Brown_et_al_2026,Upper Newport,UNB14-07,71,72,UNB14-07_72,0.6169,0.04506403,NA,NA,NA,NA,NA,NA,NA,NA,NA,NA,NA,NA,NA,NA,NA,NA,NA,NA
Brown_et_al_2026,Upper Newport,UNB14-07,72,73,UNB14-07_73,0.6259,0.0456942,NA,NA,NA,NA,NA,NA,NA,NA,NA,NA,NA,NA,NA,NA,NA,NA,NA,NA
Brown_et_al_2026,Upper Newport,UNB14-07,73,74,UNB14-07_74,0.4384,0.044936131,NA,NA,NA,NA,NA,NA,NA,NA,NA,NA,NA,NA,NA,NA,NA,NA,NA,NA
Brown_et_al_2026,Upper Newport,UNB14-07,74,75,UNB14-07_75,0.4061,0.05269638,NA,NA,NA,NA,NA,NA,NA,NA,NA,NA,NA,NA,NA,NA,NA,NA,NA,NA
Brown_et_al_2026,Upper Newport,UNB14-07,75,76,UNB14-07_76,0.53775,0.052998605,NA,NA,NA,NA,NA,NA,NA,NA,NA,NA,NA,NA,NA,NA,NA,NA,NA,NA
Brown_et_al_2026,Upper Newport,UNB14-07,76,77,UNB14-07_77,0.688,0.049854651,NA,NA,NA,NA,NA,NA,NA,NA,NA,NA,NA,NA,NA,NA,NA,NA,NA,NA
Brown_et_al_2026,Upper Newport,UNB14-07,77,78,UNB14-07_78,0.4526,0.049933716,NA,NA,NA,NA,NA,NA,NA,NA,NA,NA,NA,NA,NA,NA,NA,NA,NA,NA
Brown_et_al_2026,Upper Newport,UNB14-07,78,79,UNB14-07_79,0.4948,0.049312854,NA,NA,NA,NA,NA,NA,NA,NA,NA,NA,NA,NA,NA,NA,NA,NA,NA,NA
Brown_et_al_2026,Upper Newport,UNB14-07,79,80,UNB14-07_80,0.5927,0.057027164,NA,NA,NA,NA,NA,NA,NA,NA,NA,NA,NA,NA,NA,NA,NA,NA,NA,NA
Brown_et_al_2026,Upper Newport,UNB14-07,80,81,UNB14-07_81,0.6364,0.063010685,NA,NA,NA,NA,NA,NA,NA,NA,NA,NA,NA,NA,NA,NA,NA,NA,NA,NA
Brown_et_al_2026,Upper Newport,UNB14-07,81,82,UNB14-07_82,0.4841,0.060937823,NA,NA,NA,NA,NA,NA,NA,NA,NA,NA,NA,NA,NA,NA,NA,NA,NA,NA
Brown_et_al_2026,Upper Newport,UNB14-07,82,83,UNB14-07_83,0.539,0.068460111,NA,NA,NA,NA,NA,NA,NA,NA,NA,NA,NA,NA,NA,NA,NA,NA,NA,NA
Brown_et_al_2026,Upper Newport,UNB14-07,83,84,UNB14-07_84,0.6662,0.055839087,NA,NA,NA,NA,NA,NA,NA,NA,NA,NA,NA,NA,NA,NA,NA,NA,NA,NA
Brown_et_al_2026,Upper Newport,UNB14-07,84,85,UNB14-07_85,0.5702,0.072606103,NA,NA,NA,NA,NA,NA,NA,NA,NA,NA,NA,NA,NA,NA,NA,NA,NA,NA
Brown_et_al_2026,Upper Newport,UNB14-07,85,86,UNB14-07_86,0.6655,0.058151766,NA,NA,NA,NA,NA,NA,NA,NA,NA,NA,NA,NA,NA,NA,NA,NA,NA,NA
Brown_et_al_2026,Upper Newport,UNB14-07,86,87,UNB14-07_87,0.4319,0.05834684,NA,NA,NA,NA,NA,NA,NA,NA,NA,NA,NA,NA,NA,NA,NA,NA,NA,NA
Brown_et_al_2026,Upper Newport,UNB14-07,87,88,UNB14-07_88,0.4003,0.060954284,NA,NA,NA,NA,NA,NA,NA,NA,NA,NA,NA,NA,NA,NA,NA,NA,NA,NA
Brown_et_al_2026,Upper Newport,UNB14-07,88,89,UNB14-07_89,0.6527,0.051784894,NA,NA,NA,NA,NA,NA,NA,NA,NA,NA,NA,NA,NA,NA,NA,NA,NA,NA
Brown_et_al_2026,Upper Newport,UNB14-07,89,90,UNB14-07_90,0.7674,0.046260099,NA,NA,NA,NA,NA,NA,NA,NA,NA,NA,NA,NA,NA,NA,NA,NA,NA,NA
Brown_et_al_2026,Upper Newport,UNB14-07,90,91,UNB14-07_91,0.57624,0.048070249,NA,NA,NA,NA,NA,NA,NA,NA,NA,NA,NA,NA,NA,NA,NA,NA,NA,NA
Brown_et_al_2026,Upper Newport,UNB14-07,91,92,UNB14-07_92,0.5384,0.045505201,NA,NA,NA,NA,NA,NA,NA,NA,NA,NA,NA,NA,NA,NA,NA,NA,NA,NA
Brown_et_al_2026,Upper Newport,UNB14-07,92,93,UNB14-07_93,0.322,0.057453416,NA,NA,NA,NA,NA,NA,NA,NA,NA,NA,NA,NA,NA,NA,NA,NA,NA,NA
Brown_et_al_2026,Upper Newport,UNB14-07,93,94,UNB14-07_94,0.6552,0.0503663,NA,NA,NA,NA,NA,NA,NA,NA,NA,NA,NA,NA,NA,NA,NA,NA,NA,NA
Brown_et_al_2026,Upper Newport,UNB14-07,94,95,UNB14-07_95,0.3501,0.048557555,NA,NA,NA,NA,NA,NA,NA,NA,NA,NA,NA,NA,NA,NA,NA,NA,NA,NA
Brown_et_al_2026,Upper Newport,UNB14-07,95,96,UNB14-07_96,0.5582,0.042816195,NA,NA,NA,NA,NA,NA,NA,NA,NA,NA,NA,NA,NA,NA,NA,NA,NA,NA
Brown_et_al_2026,Upper Newport,UNB14-07,96,97,UNB14-07_97,0.4447,0.045648752,NA,NA,NA,NA,NA,NA,NA,NA,NA,NA,NA,NA,NA,NA,NA,NA,NA,NA
Brown_et_al_2026,Upper Newport,UNB14-07,97,98,UNB14-07_98,0.663,0.04841629,NA,NA,NA,NA,NA,NA,NA,NA,NA,NA,NA,NA,NA,NA,NA,NA,NA,NA
Brown_et_al_2026,Upper Newport,UNB14-07,98,99,UNB14-07_99,0.5506,0.041046131,NA,NA,NA,NA,NA,NA,NA,NA,NA,NA,NA,NA,NA,NA,NA,NA,NA,NA
Brown_et_al_2026,Upper Newport,UNB14-07,99,100,UNB14-07_100,0.4827,0.047027139,NA,NA,NA,NA,NA,NA,NA,NA,NA,NA,NA,NA,NA,NA,NA,NA,NA,NA
Brown_et_al_2026,Upper Newport,UNB14-07,137,138,UNB14-07_138,NA,NA,NA,NA,NA,NA,NA,NA,NA,NA,730,20,marine,UNB14-07 138 tagalus,0.9132,0.002,-86.8,2,NA,NA
Brown_et_al_2026,Upper Newport,UNB14-07,149,150,UNB14-07_150,NA,NA,NA,NA,NA,NA,NA,NA,NA,NA,825,20,marine,UNB14-07 150cm,0.9026,0.002,-97.4,2,NA,NA
Brown_et_al_2026,Upper Newport,UNB14-08,0,1,UNB14-08_1,0.2783,0.304347826,NA,NA,NA,NA,NA,NA,NA,NA,NA,NA,NA,NA,NA,NA,NA,NA,NA,NA
Brown_et_al_2026,Upper Newport,UNB14-08,1,2,UNB14-08_2,0.2262,0.387709991,0.878057509,1.957938215,78.7788425,17.06738283,100.4011551,16.31065697,23.06375031,3.833499997,NA,NA,NA,NA,NA,NA,NA,NA,NA,NA
Brown_et_al_2026,Upper Newport,UNB14-08,2,3,UNB14-08_3,0.2571,0.265655387,NA,NA,NA,NA,NA,NA,NA,NA,NA,NA,NA,NA,NA,NA,NA,NA,NA,NA
Brown_et_al_2026,Upper Newport,UNB14-08,3,4,UNB14-08_4,0.8002,0.061609598,NA,NA,NA,NA,NA,NA,NA,NA,NA,NA,NA,NA,NA,NA,NA,NA,NA,NA
Brown_et_al_2026,Upper Newport,UNB14-08,4,5,UNB14-08_5,0.8049,0.073301031,NA,NA,NA,NA,NA,NA,NA,NA,NA,NA,NA,NA,NA,NA,NA,NA,NA,NA
Brown_et_al_2026,Upper Newport,UNB14-08,5,6,UNB14-08_6,0.8104,0.068608095,NA,NA,NA,NA,NA,NA,NA,NA,NA,NA,NA,NA,NA,NA,NA,NA,NA,NA
Brown_et_al_2026,Upper Newport,UNB14-08,6,7,UNB14-08_7,0.4388,0.140382862,NA,NA,NA,NA,NA,NA,NA,NA,NA,NA,NA,NA,NA,NA,NA,NA,NA,NA
Brown_et_al_2026,Upper Newport,UNB14-08,7,8,UNB14-08_8,0.5872,0.104564033,3.106075843,0.888630953,15.92691538,8.400574714,59.12515434,6.596112553,43.49896933,4.941774658,NA,NA,NA,NA,NA,NA,NA,NA,NA,NA
Brown_et_al_2026,Upper Newport,UNB14-08,8,9,UNB14-08_9,0.5556,0.112670986,NA,NA,NA,NA,NA,NA,NA,NA,NA,NA,NA,NA,NA,NA,NA,NA,NA,NA
Brown_et_al_2026,Upper Newport,UNB14-08,9,10,UNB14-08_10,0.4777,0.150931547,NA,NA,NA,NA,NA,NA,NA,NA,NA,NA,NA,NA,NA,NA,NA,NA,NA,NA
Brown_et_al_2026,Upper Newport,UNB14-08,10,11,UNB14-08_11,0.4512,0.167553191,NA,NA,NA,NA,NA,NA,NA,NA,NA,NA,NA,NA,NA,NA,NA,NA,NA,NA
Brown_et_al_2026,Upper Newport,UNB14-08,11,12,UNB14-08_12,0.5895,0.111789652,3.918837995,0.829427846,-13.61099262,10.04638772,60.72140092,6.102150669,74.05949169,7.725731495,NA,NA,NA,NA,NA,NA,NA,NA,NA,NA
Brown_et_al_2026,Upper Newport,UNB14-08,12,13,UNB14-08_13,1.0502,0.057227195,NA,NA,NA,NA,NA,NA,NA,NA,NA,NA,NA,NA,NA,NA,NA,NA,NA,NA
Brown_et_al_2026,Upper Newport,UNB14-08,13,14,UNB14-08_14,1.044,0.048754789,NA,NA,NA,NA,NA,NA,NA,NA,NA,NA,NA,NA,NA,NA,NA,NA,NA,NA
Brown_et_al_2026,Upper Newport,UNB14-08,14,15,UNB14-08_15,0.5468,0.134601317,NA,NA,NA,NA,NA,NA,NA,NA,NA,NA,NA,NA,NA,NA,NA,NA,NA,NA
Brown_et_al_2026,Upper Newport,UNB14-08,15,16,UNB14-08_16,0.4082,0.134737874,5.102401144,1.051587012,6.442547186,9.319831178,68.24914571,6.398357411,61.93899508,6.510528623,NA,NA,NA,NA,NA,NA,NA,NA,NA,NA
Brown_et_al_2026,Upper Newport,UNB14-08,16,17,UNB14-08_17,0.4947,0.124317768,NA,NA,NA,NA,NA,NA,NA,NA,NA,NA,NA,NA,NA,NA,NA,NA,NA,NA
Brown_et_al_2026,Upper Newport,UNB14-08,17,18,UNB14-08_18,0.3489,0.26311264,NA,NA,NA,NA,NA,NA,NA,NA,NA,NA,NA,NA,NA,NA,NA,NA,NA,NA
Brown_et_al_2026,Upper Newport,UNB14-08,18,19,UNB14-08_19,0.6185,0.090056589,NA,NA,NA,NA,NA,NA,NA,NA,NA,NA,NA,NA,NA,NA,NA,NA,NA,NA
Brown_et_al_2026,Upper Newport,UNB14-08,19,20,UNB14-08_20,0.9415,0.051407329,3.419950728,0.723784049,-6.766544184,8.374009729,56.93319545,4.932065896,63.55955693,6.551590502,NA,NA,NA,NA,NA,NA,NA,NA,NA,NA
Brown_et_al_2026,Upper Newport,UNB14-08,20,21,UNB14-08_21,0.6424,0.089196762,NA,NA,NA,NA,NA,NA,NA,NA,NA,NA,NA,NA,NA,NA,NA,NA,NA,NA
Brown_et_al_2026,Upper Newport,UNB14-08,21,22,UNB14-08_22,0.5087,0.128563004,NA,NA,NA,NA,NA,NA,NA,NA,NA,NA,NA,NA,NA,NA,NA,NA,NA,NA
Brown_et_al_2026,Upper Newport,UNB14-08,22,23,UNB14-08_23,0.7023,0.083582515,NA,NA,NA,NA,NA,NA,NA,NA,NA,NA,NA,NA,NA,NA,NA,NA,NA,NA
Brown_et_al_2026,Upper Newport,UNB14-08,23,24,UNB14-08_24,0.896,0.0578125,6.400391652,0.800434905,-12.38248749,7.499627293,41.07825858,4.856542886,53.20009071,5.505942027,NA,NA,NA,NA,NA,NA,NA,NA,NA,NA
Brown_et_al_2026,Upper Newport,UNB14-08,24,25,UNB14-08_25,1.2809,0.031228043,NA,NA,NA,NA,NA,NA,NA,NA,NA,NA,NA,NA,NA,NA,NA,NA,NA,NA
Brown_et_al_2026,Upper Newport,UNB14-08,25,26,UNB14-08_26,1.0961,0.063862786,NA,NA,NA,NA,NA,NA,NA,NA,NA,NA,NA,NA,NA,NA,NA,NA,NA,NA
Brown_et_al_2026,Upper Newport,UNB14-08,26,27,UNB14-08_27,1.1991,0.035359853,NA,NA,NA,NA,NA,NA,NA,NA,NA,NA,NA,NA,NA,NA,NA,NA,NA,NA
Brown_et_al_2026,Upper Newport,UNB14-08,27,28,UNB14-08_28,1.1426,0.041659373,NA,NA,NA,NA,NA,NA,NA,NA,NA,NA,NA,NA,NA,NA,NA,NA,NA,NA
Brown_et_al_2026,Upper Newport,UNB14-08,28,29,UNB14-08_29,1.2253,0.02693218,NA,NA,NA,NA,NA,NA,NA,NA,NA,NA,NA,NA,NA,NA,NA,NA,NA,NA
Brown_et_al_2026,Upper Newport,UNB14-08,29,30,UNB14-08_30,1.2213,0.02259887,NA,NA,NA,NA,NA,NA,NA,NA,NA,NA,NA,NA,NA,NA,NA,NA,NA,NA
Brown_et_al_2026,Upper Newport,UNB14-08,30,31,UNB14-08_31,1.7439,0.027295143,NA,NA,NA,NA,NA,NA,NA,NA,NA,NA,NA,NA,NA,NA,NA,NA,NA,NA
Brown_et_al_2026,Upper Newport,UNB14-08,31,32,UNB14-08_32,1.4677,0.037337331,NA,NA,NA,NA,NA,NA,NA,NA,NA,NA,NA,NA,NA,NA,NA,NA,NA,NA
Brown_et_al_2026,Upper Newport,UNB14-08,32,33,UNB14-08_33,1.3906,0.041061412,NA,NA,NA,NA,NA,NA,NA,NA,NA,NA,NA,NA,NA,NA,NA,NA,NA,NA
Brown_et_al_2026,Upper Newport,UNB14-08,33,34,UNB14-08_34,1.3225,0.038185255,NA,NA,NA,NA,NA,NA,NA,NA,NA,NA,NA,NA,NA,NA,NA,NA,NA,NA
Brown_et_al_2026,Upper Newport,UNB14-08,34,35,UNB14-08_35,1.3814,0.039959461,NA,NA,NA,NA,NA,NA,NA,NA,NA,NA,NA,NA,NA,NA,NA,NA,NA,NA
Brown_et_al_2026,Upper Newport,UNB14-08,35,36,UNB14-08_36,1.1635,0.054748603,NA,NA,NA,NA,NA,NA,NA,NA,NA,NA,NA,NA,NA,NA,NA,NA,NA,NA
Brown_et_al_2026,Upper Newport,UNB14-08,36,37,UNB14-08_37,0.7156,0.079373952,NA,NA,NA,NA,NA,NA,NA,NA,NA,NA,NA,NA,NA,NA,NA,NA,NA,NA
Brown_et_al_2026,Upper Newport,UNB14-08,37,38,UNB14-08_38,0.7226,0.080680875,NA,NA,NA,NA,NA,NA,NA,NA,NA,NA,NA,NA,NA,NA,NA,NA,NA,NA
Brown_et_al_2026,Upper Newport,UNB14-08,38,39,UNB14-08_39,0.9285,0.088852989,NA,NA,NA,NA,NA,NA,NA,NA,NA,NA,NA,NA,NA,NA,NA,NA,NA,NA
Brown_et_al_2026,Upper Newport,UNB14-08,39,40,UNB14-08_40,0.9812,0.088666938,NA,NA,NA,NA,NA,NA,NA,NA,NA,NA,NA,NA,NA,NA,NA,NA,NA,NA
Brown_et_al_2026,Upper Newport,UNB14-08,40,41,UNB14-08_41,0.6916,0.085309427,NA,NA,NA,NA,NA,NA,NA,NA,NA,NA,NA,NA,NA,NA,NA,NA,NA,NA
Brown_et_al_2026,Upper Newport,UNB14-08,41,42,UNB14-08_42,0.6542,0.086059309,NA,NA,NA,NA,NA,NA,NA,NA,NA,NA,NA,NA,NA,NA,NA,NA,NA,NA
Brown_et_al_2026,Upper Newport,UNB14-08,42,43,UNB14-08_43,0.8163,0.090652946,NA,NA,NA,NA,NA,NA,NA,NA,NA,NA,NA,NA,NA,NA,NA,NA,NA,NA
Brown_et_al_2026,Upper Newport,UNB14-08,43,44,UNB14-08_44,0.8652,0.073740176,NA,NA,NA,NA,NA,NA,NA,NA,NA,NA,NA,NA,NA,NA,NA,NA,NA,NA
Brown_et_al_2026,Upper Newport,UNB14-08,44,45,UNB14-08_45,0.7356,0.076808048,NA,NA,NA,NA,NA,NA,NA,NA,NA,NA,NA,NA,NA,NA,NA,NA,NA,NA
Brown_et_al_2026,Upper Newport,UNB14-08,45,46,UNB14-08_46,0.9898,0.091735704,NA,NA,NA,NA,NA,NA,NA,NA,NA,NA,NA,NA,NA,NA,NA,NA,NA,NA
Brown_et_al_2026,Upper Newport,UNB14-08,46,47,UNB14-08_47,0.7456,0.104479614,NA,NA,NA,NA,NA,NA,NA,NA,NA,NA,NA,NA,NA,NA,NA,NA,NA,NA
Brown_et_al_2026,Upper Newport,UNB14-08,47,48,UNB14-08_48,0.7678,0.103933316,NA,NA,NA,NA,NA,NA,NA,NA,NA,NA,NA,NA,NA,NA,NA,NA,NA,NA
Brown_et_al_2026,Upper Newport,UNB14-08,48,49,UNB14-08_49,0.7512,0.098242811,NA,NA,NA,NA,NA,NA,NA,NA,NA,NA,NA,NA,NA,NA,NA,NA,NA,NA
Brown_et_al_2026,Upper Newport,UNB14-08,49,50,UNB14-08_50,0.6666,0.112661266,NA,NA,NA,NA,NA,NA,NA,NA,-1075,20,marine,UNB14-08 50cm .13mgC,1.1441,0.0026,144.1,2.6,NA,NA
Brown_et_al_2026,Upper Newport,UNB14-08,50,51,UNB14-08_51,0.5715,0.053018373,NA,NA,NA,NA,NA,NA,NA,NA,NA,NA,NA,NA,NA,NA,NA,NA,NA,NA
Brown_et_al_2026,Upper Newport,UNB14-08,51,52,UNB14-08_52,0.6387,0.067950525,NA,NA,NA,NA,NA,NA,NA,NA,NA,NA,NA,NA,NA,NA,NA,NA,NA,NA
Brown_et_al_2026,Upper Newport,UNB14-08,52,53,UNB14-08_53,0.615,0.072195122,NA,NA,NA,NA,NA,NA,NA,NA,NA,NA,NA,NA,NA,NA,NA,NA,NA,NA
Brown_et_al_2026,Upper Newport,UNB14-08,53,54,UNB14-08_54,0.5619,0.059263214,NA,NA,NA,NA,NA,NA,NA,NA,NA,NA,NA,NA,NA,NA,NA,NA,NA,NA
Brown_et_al_2026,Upper Newport,UNB14-08,54,55,UNB14-08_55,0.6213,0.053758249,NA,NA,NA,NA,NA,NA,NA,NA,NA,NA,NA,NA,NA,NA,NA,NA,NA,NA
Brown_et_al_2026,Upper Newport,UNB14-08,55,56,UNB14-08_56,0.5633,0.047754305,NA,NA,NA,NA,NA,NA,NA,NA,NA,NA,NA,NA,NA,NA,NA,NA,NA,NA
Brown_et_al_2026,Upper Newport,UNB14-08,56,57,UNB14-08_57,0.5604,0.051034975,NA,NA,NA,NA,NA,NA,NA,NA,NA,NA,NA,NA,NA,NA,NA,NA,NA,NA
Brown_et_al_2026,Upper Newport,UNB14-08,57,58,UNB14-08_58,0.7181,0.051246345,NA,NA,NA,NA,NA,NA,NA,NA,NA,NA,NA,NA,NA,NA,NA,NA,NA,NA
Brown_et_al_2026,Upper Newport,UNB14-08,58,59,UNB14-08_59,0.7011,0.055769505,NA,NA,NA,NA,NA,NA,NA,NA,NA,NA,NA,NA,NA,NA,NA,NA,NA,NA
Brown_et_al_2026,Upper Newport,UNB14-08,59,60,UNB14-08_60,0.5669,0.04392309,NA,NA,NA,NA,NA,NA,NA,NA,NA,NA,NA,NA,NA,NA,NA,NA,NA,NA
Brown_et_al_2026,Upper Newport,UNB14-08,60,61,UNB14-08_61,0.5511,0.065686808,NA,NA,NA,NA,NA,NA,NA,NA,NA,NA,NA,NA,NA,NA,NA,NA,NA,NA
Brown_et_al_2026,Upper Newport,UNB14-08,61,62,UNB14-08_62,0.4997,0.050030018,NA,NA,NA,NA,NA,NA,NA,NA,NA,NA,NA,NA,NA,NA,NA,NA,NA,NA
Brown_et_al_2026,Upper Newport,UNB14-08,62,63,UNB14-08_63,0.4678,0.061992304,NA,NA,NA,NA,NA,NA,NA,NA,NA,NA,NA,NA,NA,NA,NA,NA,NA,NA
Brown_et_al_2026,Upper Newport,UNB14-08,64,65,UNB14-08_65,0.5715,0.055293088,NA,NA,NA,NA,NA,NA,NA,NA,NA,NA,NA,NA,NA,NA,NA,NA,NA,NA
Brown_et_al_2026,Upper Newport,UNB14-08,65,66,UNB14-08_66,0.5713,0.06546473,NA,NA,NA,NA,NA,NA,NA,NA,NA,NA,NA,NA,NA,NA,NA,NA,NA,NA
Brown_et_al_2026,Upper Newport,UNB14-08,66,67,UNB14-08_67,0.5972,0.074346952,NA,NA,NA,NA,NA,NA,NA,NA,NA,NA,NA,NA,NA,NA,NA,NA,NA,NA
Brown_et_al_2026,Upper Newport,UNB14-08,67,68,UNB14-08_68,0.6145,0.064930838,NA,NA,NA,NA,NA,NA,NA,NA,NA,NA,NA,NA,NA,NA,NA,NA,NA,NA
Brown_et_al_2026,Upper Newport,UNB14-08,68,69,UNB14-08_69,0.5336,0.056784108,NA,NA,NA,NA,NA,NA,NA,NA,NA,NA,NA,NA,NA,NA,NA,NA,NA,NA
Brown_et_al_2026,Upper Newport,UNB14-08,69,70,UNB14-08_70,0.5419,0.052408193,NA,NA,NA,NA,NA,NA,NA,NA,NA,NA,NA,NA,NA,NA,NA,NA,NA,NA
Brown_et_al_2026,Upper Newport,UNB14-08,70,71,UNB14-08_71,0.5506,0.057573556,NA,NA,NA,NA,NA,NA,NA,NA,NA,NA,NA,NA,NA,NA,NA,NA,NA,NA
Brown_et_al_2026,Upper Newport,UNB14-08,71,72,UNB14-08_72,0.5283,0.05716449,NA,NA,NA,NA,NA,NA,NA,NA,NA,NA,NA,NA,NA,NA,NA,NA,NA,NA
Brown_et_al_2026,Upper Newport,UNB14-08,72,73,UNB14-08_73,0.651,0.050691244,NA,NA,NA,NA,NA,NA,NA,NA,NA,NA,NA,NA,NA,NA,NA,NA,NA,NA
Brown_et_al_2026,Upper Newport,UNB14-08,73,74,UNB14-08_74,0.5823,0.049630775,NA,NA,NA,NA,NA,NA,NA,NA,NA,NA,NA,NA,NA,NA,NA,NA,NA,NA
Brown_et_al_2026,Upper Newport,UNB14-08,74,75,UNB14-08_75,0.6609,0.056135573,NA,NA,NA,NA,NA,NA,NA,NA,NA,NA,NA,NA,NA,NA,NA,NA,NA,NA
Brown_et_al_2026,Upper Newport,UNB14-08,75,76,UNB14-08_76,0.6351,0.052275232,NA,NA,NA,NA,NA,NA,NA,NA,NA,NA,NA,NA,NA,NA,NA,NA,NA,NA
Brown_et_al_2026,Upper Newport,UNB14-08,76,77,UNB14-08_77,0.5927,0.047241437,NA,NA,NA,NA,NA,NA,NA,NA,NA,NA,NA,NA,NA,NA,NA,NA,NA,NA
Brown_et_al_2026,Upper Newport,UNB14-08,77,78,UNB14-08_78,0.5927,0.053315337,NA,NA,NA,NA,NA,NA,NA,NA,NA,NA,NA,NA,NA,NA,NA,NA,NA,NA
Brown_et_al_2026,Upper Newport,UNB14-08,78,79,UNB14-08_79,0.624,0.066185897,NA,NA,NA,NA,NA,NA,NA,NA,NA,NA,NA,NA,NA,NA,NA,NA,NA,NA
Brown_et_al_2026,Upper Newport,UNB14-08,79,80,UNB14-08_80,0.6213,0.062771608,NA,NA,NA,NA,NA,NA,NA,NA,NA,NA,NA,NA,NA,NA,NA,NA,NA,NA
Brown_et_al_2026,Upper Newport,UNB14-08,80,81,UNB14-08_81,0.6519,0.051848443,NA,NA,NA,NA,NA,NA,NA,NA,NA,NA,NA,NA,NA,NA,NA,NA,NA,NA
Brown_et_al_2026,Upper Newport,UNB14-08,81,82,UNB14-08_82,0.5948,0.050773369,NA,NA,NA,NA,NA,NA,NA,NA,NA,NA,NA,NA,NA,NA,NA,NA,NA,NA
Brown_et_al_2026,Upper Newport,UNB14-08,82,83,UNB14-08_83,0.6317,0.047649201,NA,NA,NA,NA,NA,NA,NA,NA,NA,NA,NA,NA,NA,NA,NA,NA,NA,NA
Brown_et_al_2026,Upper Newport,UNB14-08,83,84,UNB14-08_84,0.6113,0.051529527,NA,NA,NA,NA,NA,NA,NA,NA,NA,NA,NA,NA,NA,NA,NA,NA,NA,NA
Brown_et_al_2026,Upper Newport,UNB14-08,84,85,UNB14-08_85,0.6239,0.051290271,NA,NA,NA,NA,NA,NA,NA,NA,NA,NA,NA,NA,NA,NA,NA,NA,NA,NA
Brown_et_al_2026,Upper Newport,UNB14-08,85,86,UNB14-08_86,0.6421,0.051705342,NA,NA,NA,NA,NA,NA,NA,NA,NA,NA,NA,NA,NA,NA,NA,NA,NA,NA
Brown_et_al_2026,Upper Newport,UNB14-08,86,87,UNB14-08_87,0.5797,0.048300845,NA,NA,NA,NA,NA,NA,NA,NA,NA,NA,NA,NA,NA,NA,NA,NA,NA,NA
Brown_et_al_2026,Upper Newport,UNB14-08,87,88,UNB14-08_88,0.6568,0.042326431,NA,NA,NA,NA,NA,NA,NA,NA,NA,NA,NA,NA,NA,NA,NA,NA,NA,NA
Brown_et_al_2026,Upper Newport,UNB14-08,88,89,UNB14-08_89,0.658,0.044680851,NA,NA,NA,NA,NA,NA,NA,NA,NA,NA,NA,NA,NA,NA,NA,NA,NA,NA
Brown_et_al_2026,Upper Newport,UNB14-08,89,90,UNB14-08_90,0.5362,0.051100336,NA,NA,NA,NA,NA,NA,NA,NA,NA,NA,NA,NA,NA,NA,NA,NA,NA,NA
Brown_et_al_2026,Upper Newport,UNB14-08,90,91,UNB14-08_91,0.6136,0.038298566,NA,NA,NA,NA,NA,NA,NA,NA,NA,NA,NA,NA,NA,NA,NA,NA,NA,NA
Brown_et_al_2026,Upper Newport,UNB14-08,91,92,UNB14-08_92,0.5097,0.03629586,NA,NA,NA,NA,NA,NA,NA,NA,NA,NA,NA,NA,NA,NA,NA,NA,NA,NA
Brown_et_al_2026,Upper Newport,UNB14-08,92,93,UNB14-08_93,0.6665,0.04276069,NA,NA,NA,NA,NA,NA,NA,NA,NA,NA,NA,NA,NA,NA,NA,NA,NA,NA
Brown_et_al_2026,Upper Newport,UNB14-08,93,94,UNB14-08_94,0.5409,0.044000740000000003,NA,NA,NA,NA,NA,NA,NA,NA,NA,NA,NA,NA,NA,NA,NA,NA,NA,NA
Brown_et_al_2026,Upper Newport,UNB14-08,94,95,UNB14-08_95,0.6014,0.046059195,NA,NA,NA,NA,NA,NA,NA,NA,NA,NA,NA,NA,NA,NA,NA,NA,NA,NA
Brown_et_al_2026,Upper Newport,UNB14-08,95,96,UNB14-08_96,0.5796,0.048136646,NA,NA,NA,NA,NA,NA,NA,NA,NA,NA,NA,NA,NA,NA,NA,NA,NA,NA
Brown_et_al_2026,Upper Newport,UNB14-08,96,97,UNB14-08_97,0.5654,0.043685886,NA,NA,NA,NA,NA,NA,NA,NA,NA,NA,NA,NA,NA,NA,NA,NA,NA,NA
Brown_et_al_2026,Upper Newport,UNB14-08,97,98,UNB14-08_98,0.5154,0.058595266,NA,NA,NA,NA,NA,NA,NA,NA,NA,NA,NA,NA,NA,NA,NA,NA,NA,NA
Brown_et_al_2026,Upper Newport,UNB14-08,98,99,UNB14-08_99,0.599,0.03706177,NA,NA,NA,NA,NA,NA,NA,NA,NA,NA,NA,NA,NA,NA,NA,NA,NA,NA
Brown_et_al_2026,Upper Newport,UNB14-08,99,100,UNB14-08_100,0.5677,0.038048265,NA,NA,NA,NA,NA,NA,NA,NA,NA,NA,NA,NA,NA,NA,NA,NA,NA,NA
Brown_et_al_2026,Upper Newport,UNB14-08,103,104,UNB14-08_104,NA,NA,NA,NA,NA,NA,NA,NA,NA,NA,2620,80,terrestrial,UNB14-08 104 .033mgC,0.7221,0.0072,-277.9,7.2,NA,NA
Brown_et_al_2026,Upper Newport,UNB14-08,107,108,UNB14-08_108,NA,NA,NA,NA,NA,NA,NA,NA,NA,NA,615,20,marine,UNB14-08 108 cerithidea,0.9262,0.0021,-73.8,2.1,NA,NA
Brown_et_al_2026,Upper Newport,UNB14-08,162,163,UNB14-08_163,NA,NA,NA,NA,NA,NA,NA,NA,NA,NA,875,20,marine,UNB14-08 163cm,0.8967,0.002,-103.3,2,NA,NA
Brown_et_al_2026,White Slough,WTS16-01,0,1,WTS16-01_1,0.376,0.224734043,NA,NA,NA,NA,NA,NA,NA,NA,NA,NA,NA,NA,NA,NA,NA,NA,NA,NA
Brown_et_al_2026,White Slough,WTS16-01,1,2,WTS16-01_2,0.3521,0.208463505,12.14646077,1.931257226,233.4400793,18.59160448,286.0414368,16.60119238,58.29192827,7.307656912,NA,NA,NA,NA,NA,NA,NA,NA,NA,NA
Brown_et_al_2026,White Slough,WTS16-01,2,3,WTS16-01_3,0.3014,0.279694758,NA,NA,NA,NA,NA,NA,NA,NA,NA,NA,NA,NA,NA,NA,NA,NA,NA,NA
Brown_et_al_2026,White Slough,WTS16-01,3,4,WTS16-01_4,0.3796,0.231032666,5.661480705,0.777969457,43.94140522,6.650241111,64.21340547,5.955931388,21.35045616,2.570673239,NA,NA,NA,NA,NA,NA,NA,NA,NA,NA
Brown_et_al_2026,White Slough,WTS16-01,4,5,WTS16-01_5,0.5153,0.171356491,NA,NA,NA,NA,NA,NA,NA,NA,NA,NA,NA,NA,NA,NA,NA,NA,NA,NA
Brown_et_al_2026,White Slough,WTS16-01,5,6,WTS16-01_6,0.5217,0.195322983,NA,NA,NA,NA,NA,NA,NA,NA,NA,NA,NA,NA,NA,NA,NA,NA,NA,NA
Brown_et_al_2026,White Slough,WTS16-01,6,7,WTS16-01_7,0.3819,0.216548835,NA,NA,NA,NA,NA,NA,NA,NA,NA,NA,NA,NA,NA,NA,NA,NA,NA,NA
Brown_et_al_2026,White Slough,WTS16-01,7,8,WTS16-01_8,0.3544,0.231941309,8.065437369,0.985790229,20.47682867,6.576488825,39.11967659,5.918615231,19.148811,2.471692036,NA,NA,NA,NA,NA,NA,NA,NA,NA,NA
Brown_et_al_2026,White Slough,WTS16-01,8,9,WTS16-01_9,0.3463,0.210511118,NA,NA,NA,NA,NA,NA,NA,NA,NA,NA,NA,NA,NA,NA,NA,NA,NA,NA
Brown_et_al_2026,White Slough,WTS16-01,9,10,WTS16-01_10,0.2608,0.27607362,NA,NA,NA,NA,NA,NA,NA,NA,NA,NA,NA,NA,NA,NA,NA,NA,NA,NA
Brown_et_al_2026,White Slough,WTS16-01,10,11,WTS16-01_11,0.2003,0.271592611,NA,NA,NA,NA,NA,NA,NA,NA,NA,NA,NA,NA,NA,NA,NA,NA,NA,NA
Brown_et_al_2026,White Slough,WTS16-01,12,13,WTS16-01_13,0.278,0.28705036,NA,NA,NA,NA,NA,NA,NA,NA,NA,NA,NA,NA,NA,NA,NA,NA,NA,NA
Brown_et_al_2026,White Slough,WTS16-01,13,14,WTS16-01_14,0.3106,0.254346426,NA,NA,NA,NA,NA,NA,NA,NA,NA,NA,NA,NA,NA,NA,NA,NA,NA,NA
Brown_et_al_2026,White Slough,WTS16-01,14,15,WTS16-01_15,0.3277,0.269758926,NA,NA,NA,NA,NA,NA,NA,NA,NA,NA,NA,NA,NA,NA,NA,NA,NA,NA
Brown_et_al_2026,White Slough,WTS16-01,15,16,WTS16-01_16,0.3904,0.204918033,14.4811481,1.076103285,28.50926156,5.744059032,41.97828223,5.257523515,14.17818956,1.931738055,NA,NA,NA,NA,NA,NA,NA,NA,NA,NA
Brown_et_al_2026,White Slough,WTS16-01,16,17,WTS16-01_17,0.4462,0.206857911,NA,NA,NA,NA,NA,NA,NA,NA,NA,NA,NA,NA,NA,NA,NA,NA,NA,NA
Brown_et_al_2026,White Slough,WTS16-01,17,18,WTS16-01_18,0.5187,0.152882206,NA,NA,NA,NA,NA,NA,NA,NA,NA,NA,NA,NA,NA,NA,NA,NA,NA,NA
Brown_et_al_2026,White Slough,WTS16-01,18,19,WTS16-01_19,0.415,0.181445783,NA,NA,NA,NA,NA,NA,NA,NA,NA,NA,NA,NA,NA,NA,NA,NA,NA,NA
Brown_et_al_2026,White Slough,WTS16-01,19,20,WTS16-01_20,0.3803,0.211149093,20.26656693,1.386673409,7.517050395,6.331760514,29.09375261,5.565297501,21.76493658,2.671319544,NA,NA,NA,NA,NA,NA,NA,NA,NA,NA
Brown_et_al_2026,White Slough,WTS16-01,20,21,WTS16-01_21,0.3856,0.181794606,NA,NA,NA,NA,NA,NA,NA,NA,NA,NA,NA,NA,NA,NA,NA,NA,NA,NA
Brown_et_al_2026,White Slough,WTS16-01,21,22,WTS16-01_22,0.4924,0.16490658,NA,NA,NA,NA,NA,NA,NA,NA,NA,NA,NA,NA,NA,NA,NA,NA,NA,NA
Brown_et_al_2026,White Slough,WTS16-01,22,23,WTS16-01_23,0.4324,0.149167438,NA,NA,NA,NA,NA,NA,NA,NA,NA,NA,NA,NA,NA,NA,NA,NA,NA,NA
Brown_et_al_2026,White Slough,WTS16-01,23,24,WTS16-01_24,0.4487,0.168709606,7.05329769,1.306031367,-5.111194905,7.419417392,18.61843467,6.597033388,23.60079213,2.964239166,NA,NA,NA,NA,NA,NA,NA,NA,NA,NA
Brown_et_al_2026,White Slough,WTS16-01,24,25,WTS16-01_25,0.4879,0.132609141,NA,NA,NA,NA,NA,NA,NA,NA,NA,NA,NA,NA,NA,NA,NA,NA,NA,NA
Brown_et_al_2026,White Slough,WTS16-01,25,26,WTS16-01_26,0.4554,0.132630654,NA,NA,NA,NA,NA,NA,NA,NA,NA,NA,NA,NA,NA,NA,NA,NA,NA,NA
Brown_et_al_2026,White Slough,WTS16-01,26,27,WTS16-01_27,0.4318,0.176702177,NA,NA,NA,NA,NA,NA,NA,NA,NA,NA,NA,NA,NA,NA,NA,NA,NA,NA
Brown_et_al_2026,White Slough,WTS16-01,27,28,WTS16-01_28,0.3643,0.190502333,NA,NA,NA,NA,NA,NA,NA,NA,NA,NA,NA,NA,NA,NA,NA,NA,NA,NA
Brown_et_al_2026,White Slough,WTS16-01,28,29,WTS16-01_29,0.4598,0.152022618,NA,NA,NA,NA,NA,NA,NA,NA,NA,NA,NA,NA,NA,NA,NA,NA,NA,NA
Brown_et_al_2026,White Slough,WTS16-01,29,30,WTS16-01_30,0.4264,0.173311445,NA,NA,NA,NA,NA,NA,NA,NA,NA,NA,NA,NA,NA,NA,NA,NA,NA,NA
Brown_et_al_2026,White Slough,WTS16-01,30,31,WTS16-01_31,0.4101,0.168983175,NA,NA,NA,NA,NA,NA,NA,NA,NA,NA,NA,NA,NA,NA,NA,NA,NA,NA
Brown_et_al_2026,White Slough,WTS16-01,31,32,WTS16-01_32,0.2961,0.259709558,NA,NA,NA,NA,NA,NA,NA,NA,NA,NA,NA,NA,NA,NA,NA,NA,NA,NA
Brown_et_al_2026,White Slough,WTS16-01,32,33,WTS16-01_33,0.385,0.235064935,NA,NA,NA,NA,NA,NA,NA,NA,NA,NA,NA,NA,NA,NA,NA,NA,NA,NA
Brown_et_al_2026,White Slough,WTS16-01,33,34,WTS16-01_34,0.3704,0.216522678,0.649027759,0.881446979,15.42167812,6.861170482,30.323812,6.297943159,15.29214601,2.249579255,NA,NA,NA,NA,NA,NA,NA,NA,NA,NA
Brown_et_al_2026,White Slough,WTS16-01,34,35,WTS16-01_35,0.3155,0.275118859,NA,NA,NA,NA,NA,NA,NA,NA,NA,NA,NA,NA,NA,NA,NA,NA,NA,NA
Brown_et_al_2026,White Slough,WTS16-01,35,36,WTS16-01_36,0.3972,0.21878147,NA,NA,NA,NA,NA,NA,NA,NA,NA,NA,NA,NA,NA,NA,NA,NA,NA,NA
Brown_et_al_2026,White Slough,WTS16-01,36,37,WTS16-01_37,0.4985,0.174122367,NA,NA,NA,NA,NA,NA,NA,NA,NA,NA,NA,NA,NA,NA,NA,NA,NA,NA
Brown_et_al_2026,White Slough,WTS16-01,37,38,WTS16-01_38,0.5432,0.157400589,NA,NA,NA,NA,NA,NA,NA,NA,NA,NA,NA,NA,NA,NA,NA,NA,NA,NA
Brown_et_al_2026,White Slough,WTS16-01,38,39,WTS16-01_39,0.5272,0.149279211,NA,NA,NA,NA,NA,NA,NA,NA,NA,NA,NA,NA,NA,NA,NA,NA,NA,NA
Brown_et_al_2026,White Slough,WTS16-01,39,40,WTS16-01_40,0.5289,0.124220079,0.075713317,0.752902298,7.141705606,5.477167082,29.47333839,4.671908446,22.51283791,2.582558368,NA,NA,NA,NA,NA,NA,NA,NA,NA,NA
Brown_et_al_2026,White Slough,WTS16-01,40,41,WTS16-01_41,0.559,0.133631485,NA,NA,NA,NA,NA,NA,NA,NA,NA,NA,NA,NA,NA,NA,NA,NA,NA,NA
Brown_et_al_2026,White Slough,WTS16-01,41,42,WTS16-01_42,0.4758,0.169819252,NA,NA,NA,NA,NA,NA,NA,NA,NA,NA,NA,NA,NA,NA,NA,NA,NA,NA
Brown_et_al_2026,White Slough,WTS16-01,42,43,WTS16-01_43,0.6474,0.149366698,NA,NA,NA,NA,NA,NA,NA,NA,NA,NA,NA,NA,NA,NA,NA,NA,NA,NA
Brown_et_al_2026,White Slough,WTS16-01,43,44,WTS16-01_44,0.6172,0.142903435,NA,NA,NA,NA,NA,NA,NA,NA,NA,NA,NA,NA,NA,NA,NA,NA,NA,NA
Brown_et_al_2026,White Slough,WTS16-01,44,45,WTS16-01_45,0.5563,0.142728744,NA,NA,NA,NA,NA,NA,NA,NA,NA,NA,NA,NA,NA,NA,NA,NA,NA,NA
Brown_et_al_2026,White Slough,WTS16-01,45,46,WTS16-01_46,0.6149,0.126199382,NA,NA,NA,NA,NA,NA,NA,NA,NA,NA,NA,NA,NA,NA,NA,NA,NA,NA
Brown_et_al_2026,White Slough,WTS16-01,46,47,WTS16-01_47,0.7269,0.097812629,NA,NA,NA,NA,NA,NA,NA,NA,NA,NA,NA,NA,NA,NA,NA,NA,NA,NA
Brown_et_al_2026,White Slough,WTS16-01,47,48,WTS16-01_48,0.5828,0.128517502,NA,NA,NA,NA,NA,NA,NA,NA,NA,NA,NA,NA,NA,NA,NA,NA,NA,NA
Brown_et_al_2026,White Slough,WTS16-01,48,49,WTS16-01_49,0.4857,0.122709492,NA,NA,NA,NA,NA,NA,NA,NA,NA,NA,NA,NA,NA,NA,NA,NA,NA,NA
Brown_et_al_2026,White Slough,WTS16-01,49,50,WTS16-01_50,0.5902,0.115215181,NA,NA,NA,NA,NA,NA,NA,NA,NA,NA,NA,NA,NA,NA,NA,NA,NA,NA
Brown_et_al_2026,White Slough,WTS16-01,50,51,WTS16-01_51,0.5192,0.11825886,NA,NA,NA,NA,NA,NA,NA,NA,NA,NA,NA,NA,NA,NA,NA,NA,NA,NA
Brown_et_al_2026,White Slough,WTS16-01,51,52,WTS16-01_52,0.4306,0.108453321,NA,NA,NA,NA,NA,NA,NA,NA,NA,NA,NA,NA,NA,NA,NA,NA,NA,NA
Brown_et_al_2026,White Slough,WTS16-01,52,53,WTS16-01_53,0.2894,0.138908086,NA,NA,NA,NA,NA,NA,NA,NA,NA,NA,NA,NA,NA,NA,NA,NA,NA,NA
Brown_et_al_2026,White Slough,WTS16-01,53,54,WTS16-01_54,0.5524,0.102461984,NA,NA,NA,NA,NA,NA,NA,NA,NA,NA,NA,NA,NA,NA,NA,NA,NA,NA
Brown_et_al_2026,White Slough,WTS16-01,54,55,WTS16-01_55,0.446,0.120179372,NA,NA,NA,NA,NA,NA,NA,NA,NA,NA,NA,NA,NA,NA,NA,NA,NA,NA
Brown_et_al_2026,White Slough,WTS16-01,55,56,WTS16-01_56,0.3475,0.151654676,NA,NA,NA,NA,NA,NA,NA,NA,NA,NA,NA,NA,NA,NA,NA,NA,NA,NA
Brown_et_al_2026,White Slough,WTS16-01,56,57,WTS16-01_57,0.3675,0.13659864,NA,NA,NA,NA,NA,NA,NA,NA,NA,NA,NA,NA,NA,NA,NA,NA,NA,NA
Brown_et_al_2026,White Slough,WTS16-01,57,58,WTS16-01_58,0.2883,0.172043011,NA,NA,NA,NA,NA,NA,NA,NA,NA,NA,NA,NA,NA,NA,NA,NA,NA,NA
Brown_et_al_2026,White Slough,WTS16-01,58,59,WTS16-01_59,0.5186,0.114346317,NA,NA,NA,NA,NA,NA,NA,NA,NA,NA,NA,NA,NA,NA,NA,NA,NA,NA
Brown_et_al_2026,White Slough,WTS16-01,59,60,WTS16-01_60,0.3401,0.153778301,NA,NA,NA,NA,NA,NA,NA,NA,NA,NA,NA,NA,NA,NA,NA,NA,NA,NA
Brown_et_al_2026,White Slough,WTS16-01,60,61,WTS16-01_61,0.4903,0.116459311,NA,NA,NA,NA,NA,NA,NA,NA,NA,NA,NA,NA,NA,NA,NA,NA,NA,NA
Brown_et_al_2026,White Slough,WTS16-01,61,62,WTS16-01_62,0.4398,0.140745794,NA,NA,NA,NA,NA,NA,NA,NA,NA,NA,NA,NA,NA,NA,NA,NA,NA,NA
Brown_et_al_2026,White Slough,WTS16-01,62,63,WTS16-01_63,0.4015,0.120298879,NA,NA,NA,NA,NA,NA,NA,NA,NA,NA,NA,NA,NA,NA,NA,NA,NA,NA
Brown_et_al_2026,White Slough,WTS16-01,63,64,WTS16-01_64,0.4438,0.1306895,NA,NA,NA,NA,NA,NA,NA,NA,NA,NA,NA,NA,NA,NA,NA,NA,NA,NA
Brown_et_al_2026,White Slough,WTS16-01,64,65,WTS16-01_65,0.4585,0.1217012,NA,NA,NA,NA,NA,NA,NA,NA,NA,NA,NA,NA,NA,NA,NA,NA,NA,NA
Brown_et_al_2026,White Slough,WTS16-01,65,66,WTS16-01_66,0.5469,0.104223807,NA,NA,NA,NA,NA,NA,NA,NA,NA,NA,NA,NA,NA,NA,NA,NA,NA,NA
Brown_et_al_2026,White Slough,WTS16-01,66,67,WTS16-01_67,0.4631,0.129993522,NA,NA,NA,NA,NA,NA,NA,NA,NA,NA,NA,NA,NA,NA,NA,NA,NA,NA
Brown_et_al_2026,White Slough,WTS16-01,67,68,WTS16-01_68,0.6354,0.062322946,NA,NA,NA,NA,NA,NA,NA,NA,NA,NA,NA,NA,NA,NA,NA,NA,NA,NA
Brown_et_al_2026,White Slough,WTS16-01,68,69,WTS16-01_69,0.5952,0.089885753,NA,NA,NA,NA,NA,NA,NA,NA,NA,NA,NA,NA,NA,NA,NA,NA,NA,NA
Brown_et_al_2026,White Slough,WTS16-01,69,70,WTS16-01_70,0.5843,0.093616293,NA,NA,NA,NA,NA,NA,NA,NA,NA,NA,NA,NA,NA,NA,NA,NA,NA,NA
Brown_et_al_2026,White Slough,WTS16-01,70,71,WTS16-01_71,0.5052,0.105700713,NA,NA,NA,NA,NA,NA,NA,NA,NA,NA,NA,NA,NA,NA,NA,NA,NA,NA
Brown_et_al_2026,White Slough,WTS16-01,71,72,WTS16-01_72,0.5873,0.092967819,NA,NA,NA,NA,NA,NA,NA,NA,NA,NA,NA,NA,NA,NA,NA,NA,NA,NA
Brown_et_al_2026,White Slough,WTS16-01,72,73,WTS16-01_73,0.6152,0.090214564,NA,NA,NA,NA,NA,NA,NA,NA,NA,NA,NA,NA,NA,NA,NA,NA,NA,NA
Brown_et_al_2026,White Slough,WTS16-01,73,74,WTS16-01_74,0.5662,0.083716001,NA,NA,NA,NA,NA,NA,NA,NA,NA,NA,NA,NA,NA,NA,NA,NA,NA,NA
Brown_et_al_2026,White Slough,WTS16-01,74,75,WTS16-01_75,0.6075,0.095802469,NA,NA,NA,NA,NA,NA,NA,NA,NA,NA,NA,NA,NA,NA,NA,NA,NA,NA
Brown_et_al_2026,White Slough,WTS16-01,75,76,WTS16-01_76,0.6067,0.10334597,NA,NA,NA,NA,NA,NA,NA,NA,NA,NA,NA,NA,NA,NA,NA,NA,NA,NA
Brown_et_al_2026,White Slough,WTS16-01,76,77,WTS16-01_77,0.4314,0.121464998,NA,NA,NA,NA,NA,NA,NA,NA,NA,NA,NA,NA,NA,NA,NA,NA,NA,NA
Brown_et_al_2026,White Slough,WTS16-01,77,78,WTS16-01_78,0.4194,0.125178827,NA,NA,NA,NA,NA,NA,NA,NA,NA,NA,NA,NA,NA,NA,NA,NA,NA,NA
Brown_et_al_2026,White Slough,WTS16-01,78,79,WTS16-01_79,0.4204,0.118458611,NA,NA,NA,NA,NA,NA,NA,NA,NA,NA,NA,NA,NA,NA,NA,NA,NA,NA
Brown_et_al_2026,White Slough,WTS16-01,79,80,WTS16-01_80,0.5486,0.092417062,NA,NA,NA,NA,NA,NA,NA,NA,NA,NA,NA,NA,NA,NA,NA,NA,NA,NA
Brown_et_al_2026,White Slough,WTS16-01,80,81,WTS16-01_81,0.5356,0.093166542,NA,NA,NA,NA,NA,NA,NA,NA,NA,NA,NA,NA,NA,NA,NA,NA,NA,NA
Brown_et_al_2026,White Slough,WTS16-01,81,82,WTS16-01_82,0.4606,0.111376466,NA,NA,NA,NA,NA,NA,NA,NA,NA,NA,NA,NA,NA,NA,NA,NA,NA,NA
Brown_et_al_2026,White Slough,WTS16-01,82,83,WTS16-01_83,0.499,0.103006012,NA,NA,NA,NA,NA,NA,NA,NA,NA,NA,NA,NA,NA,NA,NA,NA,NA,NA
Brown_et_al_2026,White Slough,WTS16-01,83,84,WTS16-01_84,0.5753,0.097688163,NA,NA,NA,NA,NA,NA,NA,NA,NA,NA,NA,NA,NA,NA,NA,NA,NA,NA
Brown_et_al_2026,White Slough,WTS16-01,84,85,WTS16-01_85,0.563,0.102841918,NA,NA,NA,NA,NA,NA,NA,NA,NA,NA,NA,NA,NA,NA,NA,NA,NA,NA
Brown_et_al_2026,White Slough,WTS16-01,85,86,WTS16-01_86,0.5542,0.098339949,NA,NA,NA,NA,NA,NA,NA,NA,NA,NA,NA,NA,NA,NA,NA,NA,NA,NA
Brown_et_al_2026,White Slough,WTS16-01,86,87,WTS16-01_87,0.4741,0.10609576,NA,NA,NA,NA,NA,NA,NA,NA,NA,NA,NA,NA,NA,NA,NA,NA,NA,NA
Brown_et_al_2026,White Slough,WTS16-01,87,88,WTS16-01_88,0.5809,0.095541401,NA,NA,NA,NA,NA,NA,NA,NA,NA,NA,NA,NA,NA,NA,NA,NA,NA,NA
Brown_et_al_2026,White Slough,WTS16-01,88,89,WTS16-01_89,0.5247,0.105965313,NA,NA,NA,NA,NA,NA,NA,NA,NA,NA,NA,NA,NA,NA,NA,NA,NA,NA
Brown_et_al_2026,White Slough,WTS16-01,89,90,WTS16-01_90,0.5488,0.09074344,NA,NA,NA,NA,NA,NA,NA,NA,NA,NA,NA,NA,NA,NA,NA,NA,NA,NA
Brown_et_al_2026,White Slough,WTS16-01,90,91,WTS16-01_91,0.5516,0.098078318,NA,NA,NA,NA,NA,NA,NA,NA,NA,NA,NA,NA,NA,NA,NA,NA,NA,NA
Brown_et_al_2026,White Slough,WTS16-01,91,92,WTS16-01_92,0.7755,0.083945841,NA,NA,NA,NA,NA,NA,NA,NA,NA,NA,NA,NA,NA,NA,NA,NA,NA,NA
Brown_et_al_2026,White Slough,WTS16-01,92,93,WTS16-01_93,0.542,0.093911439,NA,NA,NA,NA,NA,NA,NA,NA,NA,NA,NA,NA,NA,NA,NA,NA,NA,NA
Brown_et_al_2026,White Slough,WTS16-01,93,94,WTS16-01_94,0.7173,0.089084065,NA,NA,NA,NA,NA,NA,NA,NA,360,25,terrestrial,WTS16-01 94 .069mgC,0.9561,0.0025,-43.9,2.5,NA,NA
Brown_et_al_2026,White Slough,WTS16-01,94,95,WTS16-01_95,0.777,0.08970399,NA,NA,NA,NA,NA,NA,NA,NA,NA,NA,NA,NA,NA,NA,NA,NA,NA,NA
Brown_et_al_2026,White Slough,WTS16-01,95,96,WTS16-01_96,0.6158,0.100357259,NA,NA,NA,NA,NA,NA,NA,NA,NA,NA,NA,NA,NA,NA,NA,NA,NA,NA
Brown_et_al_2026,White Slough,WTS16-01,96,97,WTS16-01_97,0.6138,0.090583252,NA,NA,NA,NA,NA,NA,NA,NA,NA,NA,NA,NA,NA,NA,NA,NA,NA,NA
Brown_et_al_2026,White Slough,WTS16-01,97,98,WTS16-01_98,0.6008,0.101697736,NA,NA,NA,NA,NA,NA,NA,NA,NA,NA,NA,NA,NA,NA,NA,NA,NA,NA
Brown_et_al_2026,White Slough,WTS16-01,98,99,WTS16-01_99,0.6078,0.097564988,NA,NA,NA,NA,NA,NA,NA,NA,NA,NA,NA,NA,NA,NA,NA,NA,NA,NA
Brown_et_al_2026,White Slough,WTS16-01,99,100,WTS16-01_100,0.5636,0.100603265,NA,NA,NA,NA,NA,NA,NA,NA,NA,NA,NA,NA,NA,NA,NA,NA,NA,NA
Brown_et_al_2026,White Slough,WTS16-02,0,1,WTS16-02_1,0.491,0.179226069,NA,NA,NA,NA,NA,NA,NA,NA,NA,NA,NA,NA,NA,NA,NA,NA,NA,NA
Brown_et_al_2026,White Slough,WTS16-02,1,2,WTS16-02_2,0.4581,0.187077057,NA,NA,NA,NA,NA,NA,NA,NA,NA,NA,NA,NA,NA,NA,NA,NA,NA,NA
Brown_et_al_2026,White Slough,WTS16-02,2,3,WTS16-02_3,0.362,0.280662983,NA,NA,NA,NA,NA,NA,NA,NA,NA,NA,NA,NA,NA,NA,NA,NA,NA,NA
Brown_et_al_2026,White Slough,WTS16-02,3,4,WTS16-02_4,0.4049,0.18844159,NA,NA,NA,NA,NA,NA,NA,NA,NA,NA,NA,NA,NA,NA,NA,NA,NA,NA
Brown_et_al_2026,White Slough,WTS16-02,4,5,WTS16-02_5,0.4357,0.185448703,NA,NA,NA,NA,NA,NA,NA,NA,NA,NA,NA,NA,NA,NA,NA,NA,NA,NA
Brown_et_al_2026,White Slough,WTS16-02,6,7,WTS16-02_7,0.5104,0.148510972,NA,NA,NA,NA,NA,NA,NA,NA,NA,NA,NA,NA,NA,NA,NA,NA,NA,NA
Brown_et_al_2026,White Slough,WTS16-02,7,8,WTS16-02_8,0.6519,0.149562816,NA,NA,NA,NA,NA,NA,NA,NA,NA,NA,NA,NA,NA,NA,NA,NA,NA,NA
Brown_et_al_2026,White Slough,WTS16-02,8,9,WTS16-02_9,0.3577,0.179480011,NA,NA,NA,NA,NA,NA,NA,NA,NA,NA,NA,NA,NA,NA,NA,NA,NA,NA
Brown_et_al_2026,White Slough,WTS16-02,9,10,WTS16-02_10,0.4911,0.117694971,NA,NA,NA,NA,NA,NA,NA,NA,NA,NA,NA,NA,NA,NA,NA,NA,NA,NA
Brown_et_al_2026,White Slough,WTS16-02,10,11,WTS16-02_11,0.4646,0.186181662,NA,NA,NA,NA,NA,NA,NA,NA,NA,NA,NA,NA,NA,NA,NA,NA,NA,NA
Brown_et_al_2026,White Slough,WTS16-02,12,13,WTS16-02_13,0.4376,0.212522852,NA,NA,NA,NA,NA,NA,NA,NA,NA,NA,NA,NA,NA,NA,NA,NA,NA,NA
Brown_et_al_2026,White Slough,WTS16-02,13,14,WTS16-02_14,0.3775,0.190728477,NA,NA,NA,NA,NA,NA,NA,NA,NA,NA,NA,NA,NA,NA,NA,NA,NA,NA
Brown_et_al_2026,White Slough,WTS16-02,14,15,WTS16-02_15,0.3883,0.201905743,NA,NA,NA,NA,NA,NA,NA,NA,NA,NA,NA,NA,NA,NA,NA,NA,NA,NA
Brown_et_al_2026,White Slough,WTS16-02,15,16,WTS16-02_16,0.431,0.159164733,NA,NA,NA,NA,NA,NA,NA,NA,NA,NA,NA,NA,NA,NA,NA,NA,NA,NA
Brown_et_al_2026,White Slough,WTS16-02,16,17,WTS16-02_17,0.5253,0.139539311,NA,NA,NA,NA,NA,NA,NA,NA,NA,NA,NA,NA,NA,NA,NA,NA,NA,NA
Brown_et_al_2026,White Slough,WTS16-02,17,18,WTS16-02_18,0.5368,0.140461997,NA,NA,NA,NA,NA,NA,NA,NA,NA,NA,NA,NA,NA,NA,NA,NA,NA,NA
Brown_et_al_2026,White Slough,WTS16-02,18,19,WTS16-02_19,0.5224,0.122894334,NA,NA,NA,NA,NA,NA,NA,NA,NA,NA,NA,NA,NA,NA,NA,NA,NA,NA
Brown_et_al_2026,White Slough,WTS16-02,19,20,WTS16-02_20,0.4785,0.164263323,NA,NA,NA,NA,NA,NA,NA,NA,NA,NA,NA,NA,NA,NA,NA,NA,NA,NA
Brown_et_al_2026,White Slough,WTS16-02,20,21,WTS16-02_21,0.442,0.184162896,NA,NA,NA,NA,NA,NA,NA,NA,NA,NA,NA,NA,NA,NA,NA,NA,NA,NA
Brown_et_al_2026,White Slough,WTS16-02,21,22,WTS16-02_22,0.4111,0.18730236,NA,NA,NA,NA,NA,NA,NA,NA,NA,NA,NA,NA,NA,NA,NA,NA,NA,NA
Brown_et_al_2026,White Slough,WTS16-02,22,23,WTS16-02_23,0.4192,0.157681298,NA,NA,NA,NA,NA,NA,NA,NA,NA,NA,NA,NA,NA,NA,NA,NA,NA,NA
Brown_et_al_2026,White Slough,WTS16-02,23,24,WTS16-02_24,0.3758,0.175093135,NA,NA,NA,NA,NA,NA,NA,NA,NA,NA,NA,NA,NA,NA,NA,NA,NA,NA
Brown_et_al_2026,White Slough,WTS16-02,24,25,WTS16-02_25,0.3455,0.156295224,NA,NA,NA,NA,NA,NA,NA,NA,NA,NA,NA,NA,NA,NA,NA,NA,NA,NA
Brown_et_al_2026,White Slough,WTS16-02,25,26,WTS16-02_26,0.49370000000000003,0.181486733,NA,NA,NA,NA,NA,NA,NA,NA,NA,NA,NA,NA,NA,NA,NA,NA,NA,NA
Brown_et_al_2026,White Slough,WTS16-02,26,27,WTS16-02_27,0.4298,0.186598418,NA,NA,NA,NA,NA,NA,NA,NA,NA,NA,NA,NA,NA,NA,NA,NA,NA,NA
Brown_et_al_2026,White Slough,WTS16-02,27,28,WTS16-02_28,0.4356,0.175160698,NA,NA,NA,NA,NA,NA,NA,NA,NA,NA,NA,NA,NA,NA,NA,NA,NA,NA
Brown_et_al_2026,White Slough,WTS16-02,28,29,WTS16-02_29,0.3497,0.197883901,NA,NA,NA,NA,NA,NA,NA,NA,NA,NA,NA,NA,NA,NA,NA,NA,NA,NA
Brown_et_al_2026,White Slough,WTS16-02,29,30,WTS16-02_30,0.5183,0.151649624,NA,NA,NA,NA,NA,NA,NA,NA,NA,NA,NA,NA,NA,NA,NA,NA,NA,NA
Brown_et_al_2026,White Slough,WTS16-02,30,31,WTS16-02_31,0.4317,0.183692379,NA,NA,NA,NA,NA,NA,NA,NA,NA,NA,NA,NA,NA,NA,NA,NA,NA,NA
Brown_et_al_2026,White Slough,WTS16-02,31,32,WTS16-02_32,0.3449,0.367062917,NA,NA,NA,NA,NA,NA,NA,NA,NA,NA,NA,NA,NA,NA,NA,NA,NA,NA
Brown_et_al_2026,White Slough,WTS16-02,32,33,WTS16-02_33,0.436,0.154816514,NA,NA,NA,NA,NA,NA,NA,NA,NA,NA,NA,NA,NA,NA,NA,NA,NA,NA
Brown_et_al_2026,White Slough,WTS16-02,33,34,WTS16-02_34,0.6475,0.118146718,NA,NA,NA,NA,NA,NA,NA,NA,NA,NA,NA,NA,NA,NA,NA,NA,NA,NA
Brown_et_al_2026,White Slough,WTS16-02,34,35,WTS16-02_35,0.5587,0.117773403,NA,NA,NA,NA,NA,NA,NA,NA,NA,NA,NA,NA,NA,NA,NA,NA,NA,NA
Brown_et_al_2026,White Slough,WTS16-02,35,36,WTS16-02_36,0.4403,0.1473995,NA,NA,NA,NA,NA,NA,NA,NA,NA,NA,NA,NA,NA,NA,NA,NA,NA,NA
Brown_et_al_2026,White Slough,WTS16-02,36,37,WTS16-02_37,0.6999,0.09872839,NA,NA,NA,NA,NA,NA,NA,NA,NA,NA,NA,NA,NA,NA,NA,NA,NA,NA
Brown_et_al_2026,White Slough,WTS16-02,37,38,WTS16-02_38,0.5418,0.161498708,NA,NA,NA,NA,NA,NA,NA,NA,NA,NA,NA,NA,NA,NA,NA,NA,NA,NA
Brown_et_al_2026,White Slough,WTS16-02,38,39,WTS16-02_39,0.4347,0.126754083,NA,NA,NA,NA,NA,NA,NA,NA,NA,NA,NA,NA,NA,NA,NA,NA,NA,NA
Brown_et_al_2026,White Slough,WTS16-02,39,40,WTS16-02_40,0.5057,0.126359502,NA,NA,NA,NA,NA,NA,NA,NA,NA,NA,NA,NA,NA,NA,NA,NA,NA,NA
Brown_et_al_2026,White Slough,WTS16-02,40,41,WTS16-02_41,0.3694,0.166215485,NA,NA,NA,NA,NA,NA,NA,NA,NA,NA,NA,NA,NA,NA,NA,NA,NA,NA
Brown_et_al_2026,White Slough,WTS16-02,41,42,WTS16-02_42,0.4856,0.143739704,NA,NA,NA,NA,NA,NA,NA,NA,NA,NA,NA,NA,NA,NA,NA,NA,NA,NA
Brown_et_al_2026,White Slough,WTS16-02,42,43,WTS16-02_43,0.5454,0.108360836,NA,NA,NA,NA,NA,NA,NA,NA,NA,NA,NA,NA,NA,NA,NA,NA,NA,NA
Brown_et_al_2026,White Slough,WTS16-02,43,44,WTS16-02_44,0.6141,0.102426315,NA,NA,NA,NA,NA,NA,NA,NA,NA,NA,NA,NA,NA,NA,NA,NA,NA,NA
Brown_et_al_2026,White Slough,WTS16-02,44,45,WTS16-02_45,0.6037,0.095742919,NA,NA,NA,NA,NA,NA,NA,NA,NA,NA,NA,NA,NA,NA,NA,NA,NA,NA
Brown_et_al_2026,White Slough,WTS16-02,45,46,WTS16-02_46,0.8044,0.084286425,NA,NA,NA,NA,NA,NA,NA,NA,NA,NA,NA,NA,NA,NA,NA,NA,NA,NA
Brown_et_al_2026,White Slough,WTS16-02,46,47,WTS16-02_47,0.6697,0.085262058,NA,NA,NA,NA,NA,NA,NA,NA,NA,NA,NA,NA,NA,NA,NA,NA,NA,NA
Brown_et_al_2026,White Slough,WTS16-02,47,48,WTS16-02_48,0.6718,0.108663293,NA,NA,NA,NA,NA,NA,NA,NA,NA,NA,NA,NA,NA,NA,NA,NA,NA,NA
Brown_et_al_2026,White Slough,WTS16-02,48,49,WTS16-02_49,0.4222,0.150165798,NA,NA,NA,NA,NA,NA,NA,NA,NA,NA,NA,NA,NA,NA,NA,NA,NA,NA
Brown_et_al_2026,White Slough,WTS16-02,49,50,WTS16-02_50,0.4333,0.139164551,NA,NA,NA,NA,NA,NA,NA,NA,NA,NA,NA,NA,NA,NA,NA,NA,NA,NA
Brown_et_al_2026,White Slough,WTS16-02,50,51,WTS16-02_51,0.4946,0.091791347,NA,NA,NA,NA,NA,NA,NA,NA,NA,NA,NA,NA,NA,NA,NA,NA,NA,NA
Brown_et_al_2026,White Slough,WTS16-02,51,52,WTS16-02_52,0.4584,0.112129145,NA,NA,NA,NA,NA,NA,NA,NA,NA,NA,NA,NA,NA,NA,NA,NA,NA,NA
Brown_et_al_2026,White Slough,WTS16-02,52,53,WTS16-02_53,0.84,0.064404762,NA,NA,NA,NA,NA,NA,NA,NA,NA,NA,NA,NA,NA,NA,NA,NA,NA,NA
Brown_et_al_2026,White Slough,WTS16-02,53,54,WTS16-02_54,0.4214,0.102990033,NA,NA,NA,NA,NA,NA,NA,NA,NA,NA,NA,NA,NA,NA,NA,NA,NA,NA
Brown_et_al_2026,White Slough,WTS16-02,54,55,WTS16-02_55,0.4361,0.096078881,NA,NA,NA,NA,NA,NA,NA,NA,NA,NA,NA,NA,NA,NA,NA,NA,NA,NA
Brown_et_al_2026,White Slough,WTS16-02,55,56,WTS16-02_56,0.4623,0.103612373,NA,NA,NA,NA,NA,NA,NA,NA,NA,NA,NA,NA,NA,NA,NA,NA,NA,NA
Brown_et_al_2026,White Slough,WTS16-02,56,57,WTS16-02_57,0.3859,0.098989375,NA,NA,NA,NA,NA,NA,NA,NA,NA,NA,NA,NA,NA,NA,NA,NA,NA,NA
Brown_et_al_2026,White Slough,WTS16-02,57,58,WTS16-02_58,0.4717,0.104727581,NA,NA,NA,NA,NA,NA,NA,NA,NA,NA,NA,NA,NA,NA,NA,NA,NA,NA
Brown_et_al_2026,White Slough,WTS16-02,58,59,WTS16-02_59,0.5644,0.095322466,NA,NA,NA,NA,NA,NA,NA,NA,NA,NA,NA,NA,NA,NA,NA,NA,NA,NA
Brown_et_al_2026,White Slough,WTS16-02,59,60,WTS16-02_60,0.4219,0.121355772,NA,NA,NA,NA,NA,NA,NA,NA,NA,NA,NA,NA,NA,NA,NA,NA,NA,NA
Brown_et_al_2026,White Slough,WTS16-02,60,61,WTS16-02_61,0.5036,0.104249404,NA,NA,NA,NA,NA,NA,NA,NA,NA,NA,NA,NA,NA,NA,NA,NA,NA,NA
Brown_et_al_2026,White Slough,WTS16-02,61,62,WTS16-02_62,0.3136,0.102678571,NA,NA,NA,NA,NA,NA,NA,NA,NA,NA,NA,NA,NA,NA,NA,NA,NA,NA
Brown_et_al_2026,White Slough,WTS16-02,62,63,WTS16-02_63,0.5318,0.096840918,NA,NA,NA,NA,NA,NA,NA,NA,NA,NA,NA,NA,NA,NA,NA,NA,NA,NA
Brown_et_al_2026,White Slough,WTS16-02,63,64,WTS16-02_64,0.4685,0.086872999,NA,NA,NA,NA,NA,NA,NA,NA,NA,NA,NA,NA,NA,NA,NA,NA,NA,NA
Brown_et_al_2026,White Slough,WTS16-02,64,65,WTS16-02_65,0.549,0.081238616,NA,NA,NA,NA,NA,NA,NA,NA,NA,NA,NA,NA,NA,NA,NA,NA,NA,NA
Brown_et_al_2026,White Slough,WTS16-02,65,66,WTS16-02_66,0.4917,0.102908277,NA,NA,NA,NA,NA,NA,NA,NA,NA,NA,NA,NA,NA,NA,NA,NA,NA,NA
Brown_et_al_2026,White Slough,WTS16-02,66,67,WTS16-02_67,0.4663,0.108084924,NA,NA,NA,NA,NA,NA,NA,NA,NA,NA,NA,NA,NA,NA,NA,NA,NA,NA
Brown_et_al_2026,White Slough,WTS16-02,67,68,WTS16-02_68,0.4739,0.092424562,NA,NA,NA,NA,NA,NA,NA,NA,NA,NA,NA,NA,NA,NA,NA,NA,NA,NA
Brown_et_al_2026,White Slough,WTS16-02,68,69,WTS16-02_69,0.4541,0.105923805,NA,NA,NA,NA,NA,NA,NA,NA,NA,NA,NA,NA,NA,NA,NA,NA,NA,NA
Brown_et_al_2026,White Slough,WTS16-02,69,70,WTS16-02_70,0.5661,0.0766649,NA,NA,NA,NA,NA,NA,NA,NA,NA,NA,NA,NA,NA,NA,NA,NA,NA,NA
Brown_et_al_2026,White Slough,WTS16-02,70,71,WTS16-02_71,0.4759,0.102962807,NA,NA,NA,NA,NA,NA,NA,NA,NA,NA,NA,NA,NA,NA,NA,NA,NA,NA
Brown_et_al_2026,White Slough,WTS16-02,71,72,WTS16-02_72,0.5457,0.103536742,NA,NA,NA,NA,NA,NA,NA,NA,NA,NA,NA,NA,NA,NA,NA,NA,NA,NA
Brown_et_al_2026,White Slough,WTS16-02,72,73,WTS16-02_73,0.399,0.145864662,NA,NA,NA,NA,NA,NA,NA,NA,NA,NA,NA,NA,NA,NA,NA,NA,NA,NA
Brown_et_al_2026,White Slough,WTS16-02,73,74,WTS16-02_74,0.4984,0.105537721,NA,NA,NA,NA,NA,NA,NA,NA,NA,NA,NA,NA,NA,NA,NA,NA,NA,NA
Brown_et_al_2026,White Slough,WTS16-02,74,75,WTS16-02_75,0.478,0.098953975,NA,NA,NA,NA,NA,NA,NA,NA,NA,NA,NA,NA,NA,NA,NA,NA,NA,NA
Brown_et_al_2026,White Slough,WTS16-02,75,76,WTS16-02_76,0.5291,0.1003591,NA,NA,NA,NA,NA,NA,NA,NA,NA,NA,NA,NA,NA,NA,NA,NA,NA,NA
Brown_et_al_2026,White Slough,WTS16-02,76,77,WTS16-02_77,0.4553,0.111794421,NA,NA,NA,NA,NA,NA,NA,NA,NA,NA,NA,NA,NA,NA,NA,NA,NA,NA
Brown_et_al_2026,White Slough,WTS16-02,77,78,WTS16-02_78,0.5319,0.093626622,NA,NA,NA,NA,NA,NA,NA,NA,NA,NA,NA,NA,NA,NA,NA,NA,NA,NA
Brown_et_al_2026,White Slough,WTS16-02,78,79,WTS16-02_79,0.5549,0.097134619,NA,NA,NA,NA,NA,NA,NA,NA,NA,NA,NA,NA,NA,NA,NA,NA,NA,NA
Brown_et_al_2026,White Slough,WTS16-02,79,80,WTS16-02_80,0.5626,0.088339851,NA,NA,NA,NA,NA,NA,NA,NA,NA,NA,NA,NA,NA,NA,NA,NA,NA,NA
Brown_et_al_2026,White Slough,WTS16-02,80,81,WTS16-02_81,0.5456,0.100073314,NA,NA,NA,NA,NA,NA,NA,NA,NA,NA,NA,NA,NA,NA,NA,NA,NA,NA
Brown_et_al_2026,White Slough,WTS16-02,81,82,WTS16-02_82,0.567,0.085890653,NA,NA,NA,NA,NA,NA,NA,NA,NA,NA,NA,NA,NA,NA,NA,NA,NA,NA
Brown_et_al_2026,White Slough,WTS16-02,82,83,WTS16-02_83,0.481,0.105405405,NA,NA,NA,NA,NA,NA,NA,NA,NA,NA,NA,NA,NA,NA,NA,NA,NA,NA
Brown_et_al_2026,White Slough,WTS16-02,83,84,WTS16-02_84,0.5736,0.084553696,NA,NA,NA,NA,NA,NA,NA,NA,NA,NA,NA,NA,NA,NA,NA,NA,NA,NA
Brown_et_al_2026,White Slough,WTS16-02,84,85,WTS16-02_85,0.5984,0.080213904,NA,NA,NA,NA,NA,NA,NA,NA,NA,NA,NA,NA,NA,NA,NA,NA,NA,NA
Brown_et_al_2026,White Slough,WTS16-02,85,86,WTS16-02_86,0.5277,0.098919841,NA,NA,NA,NA,NA,NA,NA,NA,NA,NA,NA,NA,NA,NA,NA,NA,NA,NA
Brown_et_al_2026,White Slough,WTS16-02,86,87,WTS16-02_87,0.6175,0.088906883,NA,NA,NA,NA,NA,NA,NA,NA,NA,NA,NA,NA,NA,NA,NA,NA,NA,NA
Brown_et_al_2026,White Slough,WTS16-02,87,88,WTS16-02_88,0.589,0.091680815,NA,NA,NA,NA,NA,NA,NA,NA,NA,NA,NA,NA,NA,NA,NA,NA,NA,NA
Brown_et_al_2026,White Slough,WTS16-02,88,89,WTS16-02_89,0.686,0.078134111,NA,NA,NA,NA,NA,NA,NA,NA,NA,NA,NA,NA,NA,NA,NA,NA,NA,NA
Brown_et_al_2026,White Slough,WTS16-02,89,90,WTS16-02_90,0.602,0.092026578,NA,NA,NA,NA,NA,NA,NA,NA,NA,NA,NA,NA,NA,NA,NA,NA,NA,NA
Brown_et_al_2026,White Slough,WTS16-02,90,91,WTS16-02_91,0.6373,0.083163345,NA,NA,NA,NA,NA,NA,NA,NA,NA,NA,NA,NA,NA,NA,NA,NA,NA,NA
Brown_et_al_2026,White Slough,WTS16-02,91,92,WTS16-02_92,0.6068,0.085695452,NA,NA,NA,NA,NA,NA,NA,NA,NA,NA,NA,NA,NA,NA,NA,NA,NA,NA
Brown_et_al_2026,White Slough,WTS16-02,92,93,WTS16-02_93,0.5839,0.078438089,NA,NA,NA,NA,NA,NA,NA,NA,NA,NA,NA,NA,NA,NA,NA,NA,NA,NA
Brown_et_al_2026,White Slough,WTS16-02,93,94,WTS16-02_94,0.576,0.092013889,NA,NA,NA,NA,NA,NA,NA,NA,NA,NA,NA,NA,NA,NA,NA,NA,NA,NA
Brown_et_al_2026,White Slough,WTS16-02,94,95,WTS16-02_95,0.6013,0.089639115,NA,NA,NA,NA,NA,NA,NA,NA,NA,NA,NA,NA,NA,NA,NA,NA,NA,NA
Brown_et_al_2026,White Slough,WTS16-02,95,96,WTS16-02_96,0.563,0.088987567,NA,NA,NA,NA,NA,NA,NA,NA,NA,NA,NA,NA,NA,NA,NA,NA,NA,NA
Brown_et_al_2026,White Slough,WTS16-02,96,97,WTS16-02_97,0.6558,0.080817322,NA,NA,NA,NA,NA,NA,NA,NA,NA,NA,NA,NA,NA,NA,NA,NA,NA,NA
Brown_et_al_2026,White Slough,WTS16-02,97,98,WTS16-02_98,0.623,0.086998395,NA,NA,NA,NA,NA,NA,NA,NA,NA,NA,NA,NA,NA,NA,NA,NA,NA,NA
Brown_et_al_2026,White Slough,WTS16-02,98,99,WTS16-02_99,0.5673,0.072272166,NA,NA,NA,NA,NA,NA,NA,NA,NA,NA,NA,NA,NA,NA,NA,NA,NA,NA
Brown_et_al_2026,White Slough,WTS16-02,99,100,WTS16-02_100,0.6445,0.071683476,NA,NA,NA,NA,NA,NA,NA,NA,NA,NA,NA,NA,NA,NA,NA,NA,NA,NA
Brown_et_al_2026,White Slough,WTS17-03,0,1,WTS17-03_1,0.4309,0.175446739,NA,NA,NA,NA,NA,NA,NA,NA,NA,NA,NA,NA,NA,NA,NA,NA,NA,NA
Brown_et_al_2026,White Slough,WTS17-03,1,2,WTS17-03_2,0.4822,0.169224388,NA,NA,NA,NA,NA,NA,NA,NA,NA,NA,NA,NA,NA,NA,NA,NA,NA,NA
Brown_et_al_2026,White Slough,WTS17-03,2,3,WTS17-03_3,0.4141,0.194397489,NA,NA,NA,NA,NA,NA,NA,NA,NA,NA,NA,NA,NA,NA,NA,NA,NA,NA
Brown_et_al_2026,White Slough,WTS17-03,3,4,WTS17-03_4,0.3643,0.250892122,7.297023612,0.989369639,70.20928469,7.304220429,85.49705153,6.579149337,18.65765529,2.251182499,NA,NA,NA,NA,NA,NA,NA,NA,NA,NA
Brown_et_al_2026,White Slough,WTS17-03,4,5,WTS17-03_5,0.3324,0.267448857,NA,NA,NA,NA,NA,NA,NA,NA,NA,NA,NA,NA,NA,NA,NA,NA,NA,NA
Brown_et_al_2026,White Slough,WTS17-03,5,6,WTS17-03_6,0.3302,0.252574198,NA,NA,NA,NA,NA,NA,NA,NA,NA,NA,NA,NA,NA,NA,NA,NA,NA,NA
Brown_et_al_2026,White Slough,WTS17-03,6,7,WTS17-03_7,0.2819,0.262149699,NA,NA,NA,NA,NA,NA,NA,NA,NA,NA,NA,NA,NA,NA,NA,NA,NA,NA
Brown_et_al_2026,White Slough,WTS17-03,7,8,WTS17-03_8,0.3294,0.307832423,6.209905197,0.895437582,75.89520721,6.752461733,85.00572119,6.13059061,12.76561032,1.93017874,NA,NA,NA,NA,NA,NA,NA,NA,NA,NA
Brown_et_al_2026,White Slough,WTS17-03,8,9,WTS17-03_9,0.3041,0.333114107,NA,NA,NA,NA,NA,NA,NA,NA,NA,NA,NA,NA,NA,NA,NA,NA,NA,NA
Brown_et_al_2026,White Slough,WTS17-03,9,10,WTS17-03_10,0.3437,0.234797789,NA,NA,NA,NA,NA,NA,NA,NA,NA,NA,NA,NA,NA,NA,NA,NA,NA,NA
Brown_et_al_2026,White Slough,WTS17-03,10,11,WTS17-03_11,0.3619,0.235976789,NA,NA,NA,NA,NA,NA,NA,NA,NA,NA,NA,NA,NA,NA,NA,NA,NA,NA
Brown_et_al_2026,White Slough,WTS17-03,11,12,WTS17-03_12,0.3066,0.238421396,NA,NA,NA,NA,NA,NA,NA,NA,NA,NA,NA,NA,NA,NA,NA,NA,NA,NA
Brown_et_al_2026,White Slough,WTS17-03,12,13,WTS17-03_13,0.3286,0.293670116,NA,NA,NA,NA,NA,NA,NA,NA,NA,NA,NA,NA,NA,NA,NA,NA,NA,NA
Brown_et_al_2026,White Slough,WTS17-03,13,14,WTS17-03_14,0.2972,0.235868102,NA,NA,NA,NA,NA,NA,NA,NA,NA,NA,NA,NA,NA,NA,NA,NA,NA,NA
Brown_et_al_2026,White Slough,WTS17-03,14,15,WTS17-03_15,0.3133,0.299712735,NA,NA,NA,NA,NA,NA,NA,NA,NA,NA,NA,NA,NA,NA,NA,NA,NA,NA
Brown_et_al_2026,White Slough,WTS17-03,15,16,WTS17-03_16,0.3355,0.301043219,16.41641584,1.242636924,12.25477736,6.910276398,31.49892864,6.071478572,19.83632378,2.526985139,NA,NA,NA,NA,NA,NA,NA,NA,NA,NA
Brown_et_al_2026,White Slough,WTS17-03,16,17,WTS17-03_17,0.3178,0.335116425,NA,NA,NA,NA,NA,NA,NA,NA,NA,NA,NA,NA,NA,NA,NA,NA,NA,NA
Brown_et_al_2026,White Slough,WTS17-03,17,18,WTS17-03_18,0.2713,0.296719499,NA,NA,NA,NA,NA,NA,NA,NA,NA,NA,NA,NA,NA,NA,NA,NA,NA,NA
Brown_et_al_2026,White Slough,WTS17-03,18,19,WTS17-03_19,0.3737,0.273748997,NA,NA,NA,NA,NA,NA,NA,NA,NA,NA,NA,NA,NA,NA,NA,NA,NA,NA
Brown_et_al_2026,White Slough,WTS17-03,19,20,WTS17-03_20,0.32,0.259375,12.27233868,1.431693617,16.42147538,7.670282913,34.0311549,6.854173977,18.4085131,2.50375677,NA,NA,NA,NA,NA,NA,NA,NA,NA,NA
Brown_et_al_2026,White Slough,WTS17-03,20,21,WTS17-03_21,0.3091,0.208023293,NA,NA,NA,NA,NA,NA,NA,NA,NA,NA,NA,NA,NA,NA,NA,NA,NA,NA
Brown_et_al_2026,White Slough,WTS17-03,21,22,WTS17-03_22,0.3645,0.178052126,NA,NA,NA,NA,NA,NA,NA,NA,NA,NA,NA,NA,NA,NA,NA,NA,NA,NA
Brown_et_al_2026,White Slough,WTS17-03,22,23,WTS17-03_23,0.3482,0.211947157,NA,NA,NA,NA,NA,NA,NA,NA,NA,NA,NA,NA,NA,NA,NA,NA,NA,NA
Brown_et_al_2026,White Slough,WTS17-03,23,24,WTS17-03_24,0.3199,0.230384495,NA,NA,NA,NA,NA,NA,NA,NA,NA,NA,NA,NA,NA,NA,NA,NA,NA,NA
Brown_et_al_2026,White Slough,WTS17-03,24,25,WTS17-03_25,0.2963,0.260884239,NA,NA,NA,NA,NA,NA,NA,NA,NA,NA,NA,NA,NA,NA,NA,NA,NA,NA
Brown_et_al_2026,White Slough,WTS17-03,25,26,WTS17-03_26,0.3763,0.211533351,NA,NA,NA,NA,NA,NA,NA,NA,NA,NA,NA,NA,NA,NA,NA,NA,NA,NA
Brown_et_al_2026,White Slough,WTS17-03,26,27,WTS17-03_27,0.4031,0.188786902,NA,NA,NA,NA,NA,NA,NA,NA,NA,NA,NA,NA,NA,NA,NA,NA,NA,NA
Brown_et_al_2026,White Slough,WTS17-03,27,28,WTS17-03_28,0.3104,0.207474227,1.371853396,0.751505054,14.87931864,6.704388863,31.52139469,5.97362329,17.36709498,2.234047186,NA,NA,NA,NA,NA,NA,NA,NA,NA,NA
Brown_et_al_2026,White Slough,WTS17-03,28,29,WTS17-03_29,0.2924,0.294117647,NA,NA,NA,NA,NA,NA,NA,NA,NA,NA,NA,NA,NA,NA,NA,NA,NA,NA
Brown_et_al_2026,White Slough,WTS17-03,29,30,WTS17-03_30,0.2672,0.277694611,NA,NA,NA,NA,NA,NA,NA,NA,NA,NA,NA,NA,NA,NA,NA,NA,NA,NA
Brown_et_al_2026,White Slough,WTS17-03,30,31,WTS17-03_31,0.3033,0.235080778,NA,NA,NA,NA,NA,NA,NA,NA,NA,NA,NA,NA,NA,NA,NA,NA,NA,NA
Brown_et_al_2026,White Slough,WTS17-03,31,32,WTS17-03_32,0.3299,0.209457411,NA,NA,NA,NA,NA,NA,NA,NA,NA,NA,NA,NA,NA,NA,NA,NA,NA,NA
Brown_et_al_2026,White Slough,WTS17-03,32,33,WTS17-03_33,0.3032,0.259564644,NA,NA,NA,NA,NA,NA,NA,NA,NA,NA,NA,NA,NA,NA,NA,NA,NA,NA
Brown_et_al_2026,White Slough,WTS17-03,33,34,WTS17-03_34,0.3307,0.21983671,1.602866359,0.637485088,2.85305133,5.366203998,18.35048033,4.671977964,15.63691044,2.0547484,NA,NA,NA,NA,NA,NA,NA,NA,NA,NA
Brown_et_al_2026,White Slough,WTS17-03,34,35,WTS17-03_35,0.3823,0.190164792,NA,NA,NA,NA,NA,NA,NA,NA,NA,NA,NA,NA,NA,NA,NA,NA,NA,NA
Brown_et_al_2026,White Slough,WTS17-03,35,36,WTS17-03_36,0.4339,0.147268956,NA,NA,NA,NA,NA,NA,NA,NA,NA,NA,NA,NA,NA,NA,NA,NA,NA,NA
Brown_et_al_2026,White Slough,WTS17-03,36,37,WTS17-03_37,0.4541,0.164721427,NA,NA,NA,NA,NA,NA,NA,NA,NA,NA,NA,NA,NA,NA,NA,NA,NA,NA
Brown_et_al_2026,White Slough,WTS17-03,37,38,WTS17-03_38,0.3819,0.171772715,1.271580386,0.707596877,-4.438937838,5.951183281,16.11983978,5.02819879,20.34068682,2.595990224,NA,NA,NA,NA,NA,NA,NA,NA,NA,NA
Brown_et_al_2026,White Slough,WTS17-03,38,39,WTS17-03_39,0.4394,0.144970414,NA,NA,NA,NA,NA,NA,NA,NA,NA,NA,NA,NA,NA,NA,NA,NA,NA,NA
Brown_et_al_2026,White Slough,WTS17-03,39,40,WTS17-03_40,0.4544,0.134903169,0.007027017,0.528955261,3.827439937,5.209665123,24.1289427,4.323274802,20.49016925,2.416642528,NA,NA,NA,NA,NA,NA,NA,NA,NA,NA
Brown_et_al_2026,White Slough,WTS17-03,40,41,WTS17-03_41,0.4074,0.175257732,NA,NA,NA,NA,NA,NA,NA,NA,NA,NA,NA,NA,NA,NA,NA,NA,NA,NA
Brown_et_al_2026,White Slough,WTS17-03,41,42,WTS17-03_42,0.3569,0.180442701,NA,NA,NA,NA,NA,NA,NA,NA,NA,NA,NA,NA,NA,NA,NA,NA,NA,NA
Brown_et_al_2026,White Slough,WTS17-03,42,43,WTS17-03_43,0.3675,0.168707483,NA,NA,NA,NA,NA,NA,NA,NA,NA,NA,NA,NA,NA,NA,NA,NA,NA,NA
Brown_et_al_2026,White Slough,WTS17-03,43,44,WTS17-03_44,0.5349,0.113479155,NA,NA,NA,NA,NA,NA,NA,NA,NA,NA,NA,NA,NA,NA,NA,NA,NA,NA
Brown_et_al_2026,White Slough,WTS17-03,44,45,WTS17-03_45,0.5943,0.102305233,NA,NA,NA,NA,NA,NA,NA,NA,NA,NA,NA,NA,NA,NA,NA,NA,NA,NA
Brown_et_al_2026,White Slough,WTS17-03,45,46,WTS17-03_46,0.483,0.129192547,NA,NA,NA,NA,NA,NA,NA,NA,NA,NA,NA,NA,NA,NA,NA,NA,NA,NA
Brown_et_al_2026,White Slough,WTS17-03,46,47,WTS17-03_47,0.537,0.124208566,NA,NA,NA,NA,NA,NA,NA,NA,NA,NA,NA,NA,NA,NA,NA,NA,NA,NA
Brown_et_al_2026,White Slough,WTS17-03,47,48,WTS17-03_48,0.5145,0.122837706,0.134833461,0.452227297,-3.999000273,4.401390797,18.29807744,3.386216688,22.09930746,2.457041411,NA,NA,NA,NA,NA,NA,NA,NA,NA,NA
Brown_et_al_2026,White Slough,WTS17-03,48,49,WTS17-03_49,0.4648,0.14070568,NA,NA,NA,NA,NA,NA,NA,NA,NA,NA,NA,NA,NA,NA,NA,NA,NA,NA
Brown_et_al_2026,White Slough,WTS17-03,49,50,WTS17-03_50,0.5102,0.108584869,NA,NA,NA,NA,NA,NA,NA,NA,NA,NA,NA,NA,NA,NA,NA,NA,NA,NA
Brown_et_al_2026,White Slough,WTS17-03,50,51,WTS17-03_51,0.5119,0.120726704,NA,NA,NA,NA,NA,NA,NA,NA,NA,NA,NA,NA,NA,NA,NA,NA,NA,NA
Brown_et_al_2026,White Slough,WTS17-03,51,52,WTS17-03_52,0.4704,0.12414966,1.292818743,0.643954882,-0.252357266,5.085948855,20.35485214,4.200145098,20.59468827,2.392170292,NA,NA,NA,NA,NA,NA,NA,NA,NA,NA
Brown_et_al_2026,White Slough,WTS17-03,52,53,WTS17-03_53,0.5214,0.115458381,NA,NA,NA,NA,NA,NA,NA,NA,NA,NA,NA,NA,NA,NA,NA,NA,NA,NA
Brown_et_al_2026,White Slough,WTS17-03,53,54,WTS17-03_54,0.4545,0.154895489,NA,NA,NA,NA,NA,NA,NA,NA,NA,NA,NA,NA,NA,NA,NA,NA,NA,NA
Brown_et_al_2026,White Slough,WTS17-03,54,55,WTS17-03_55,0.4942,0.114528531,NA,NA,NA,NA,NA,NA,NA,NA,NA,NA,NA,NA,NA,NA,NA,NA,NA,NA
Brown_et_al_2026,White Slough,WTS17-03,55,56,WTS17-03_56,0.5941,0.114290523,NA,NA,NA,NA,NA,NA,NA,NA,NA,NA,NA,NA,NA,NA,NA,NA,NA,NA
Brown_et_al_2026,White Slough,WTS17-03,56,57,WTS17-03_57,0.6416,0.108167082,NA,NA,NA,NA,NA,NA,NA,NA,NA,NA,NA,NA,NA,NA,NA,NA,NA,NA
Brown_et_al_2026,White Slough,WTS17-03,57,58,WTS17-03_58,0.6053,0.096315876,NA,NA,NA,NA,NA,NA,NA,NA,NA,NA,NA,NA,NA,NA,NA,NA,NA,NA
Brown_et_al_2026,White Slough,WTS17-03,58,59,WTS17-03_59,0.609,0.106075534,NA,NA,NA,NA,NA,NA,NA,NA,NA,NA,NA,NA,NA,NA,NA,NA,NA,NA
Brown_et_al_2026,White Slough,WTS17-03,59,60,WTS17-03_60,0.4111,0.135003649,NA,NA,NA,NA,NA,NA,NA,NA,NA,NA,NA,NA,NA,NA,NA,NA,NA,NA
Brown_et_al_2026,White Slough,WTS17-03,60,61,WTS17-03_61,0.4911,0.11810222,NA,NA,NA,NA,NA,NA,NA,NA,NA,NA,NA,NA,NA,NA,NA,NA,NA,NA
Brown_et_al_2026,White Slough,WTS17-03,61,62,WTS17-03_62,0.5421,0.118981738,NA,NA,NA,NA,NA,NA,NA,NA,NA,NA,NA,NA,NA,NA,NA,NA,NA,NA
Brown_et_al_2026,White Slough,WTS17-03,62,63,WTS17-03_63,0.5108,0.120007831,NA,NA,NA,NA,NA,NA,NA,NA,NA,NA,NA,NA,NA,NA,NA,NA,NA,NA
Brown_et_al_2026,White Slough,WTS17-03,63,64,WTS17-03_64,0.4367,0.158461186,NA,NA,NA,NA,NA,NA,NA,NA,NA,NA,NA,NA,NA,NA,NA,NA,NA,NA
Brown_et_al_2026,White Slough,WTS17-03,64,65,WTS17-03_65,0.4157,0.136877556,NA,NA,NA,NA,NA,NA,NA,NA,NA,NA,NA,NA,NA,NA,NA,NA,NA,NA
Brown_et_al_2026,White Slough,WTS17-03,65,66,WTS17-03_66,0.4838,0.136626705,NA,NA,NA,NA,NA,NA,NA,NA,NA,NA,NA,NA,NA,NA,NA,NA,NA,NA
Brown_et_al_2026,White Slough,WTS17-03,66,67,WTS17-03_67,0.327,0.151376147,NA,NA,NA,NA,NA,NA,NA,NA,NA,NA,NA,NA,NA,NA,NA,NA,NA,NA
Brown_et_al_2026,White Slough,WTS17-03,67,68,WTS17-03_68,0.4995,0.136736737,NA,NA,NA,NA,NA,NA,NA,NA,NA,NA,NA,NA,NA,NA,NA,NA,NA,NA
Brown_et_al_2026,White Slough,WTS17-03,68,69,WTS17-03_69,0.5171,0.134790176,NA,NA,NA,NA,NA,NA,NA,NA,NA,NA,NA,NA,NA,NA,NA,NA,NA,NA
Brown_et_al_2026,White Slough,WTS17-03,69,70,WTS17-03_70,0.4248,0.149011299,NA,NA,NA,NA,NA,NA,NA,NA,NA,NA,NA,NA,NA,NA,NA,NA,NA,NA
Brown_et_al_2026,White Slough,WTS17-03,70,71,WTS17-03_71,0.4407,0.12979351,NA,NA,NA,NA,NA,NA,NA,NA,NA,NA,NA,NA,NA,NA,NA,NA,NA,NA
Brown_et_al_2026,White Slough,WTS17-03,71,72,WTS17-03_72,0.5026,0.124154397,NA,NA,NA,NA,NA,NA,NA,NA,NA,NA,NA,NA,NA,NA,NA,NA,NA,NA
Brown_et_al_2026,White Slough,WTS17-03,72,73,WTS17-03_73,0.4673,0.147228761,NA,NA,NA,NA,NA,NA,NA,NA,NA,NA,NA,NA,NA,NA,NA,NA,NA,NA
Brown_et_al_2026,White Slough,WTS17-03,73,74,WTS17-03_74,0.4562,0.135905305,NA,NA,NA,NA,NA,NA,NA,NA,NA,NA,NA,NA,NA,NA,NA,NA,NA,NA
Brown_et_al_2026,White Slough,WTS17-03,74,75,WTS17-03_75,0.5891,0.107621796,NA,NA,NA,NA,NA,NA,NA,NA,NA,NA,NA,NA,NA,NA,NA,NA,NA,NA
Brown_et_al_2026,White Slough,WTS17-03,75,76,WTS17-03_76,0.5654,0.107888221,NA,NA,NA,NA,NA,NA,NA,NA,NA,NA,NA,NA,NA,NA,NA,NA,NA,NA
Brown_et_al_2026,White Slough,WTS17-03,76,77,WTS17-03_77,0.6064,0.097130607,NA,NA,NA,NA,NA,NA,NA,NA,NA,NA,NA,NA,NA,NA,NA,NA,NA,NA
Brown_et_al_2026,White Slough,WTS17-03,77,78,WTS17-03_78,0.665,0.097443609,NA,NA,NA,NA,NA,NA,NA,NA,NA,NA,NA,NA,NA,NA,NA,NA,NA,NA
Brown_et_al_2026,White Slough,WTS17-03,78,79,WTS17-03_79,0.7024,0.087699317,NA,NA,NA,NA,NA,NA,NA,NA,NA,NA,NA,NA,NA,NA,NA,NA,NA,NA
Brown_et_al_2026,White Slough,WTS17-03,79,80,WTS17-03_80,0.6269,0.090923592,NA,NA,NA,NA,NA,NA,NA,NA,NA,NA,NA,NA,NA,NA,NA,NA,NA,NA
Brown_et_al_2026,White Slough,WTS17-03,80,81,WTS17-03_81,0.732,0.08647541,NA,NA,NA,NA,NA,NA,NA,NA,NA,NA,NA,NA,NA,NA,NA,NA,NA,NA
Brown_et_al_2026,White Slough,WTS17-03,81,82,WTS17-03_82,0.573,0.108376963,NA,NA,NA,NA,NA,NA,NA,NA,NA,NA,NA,NA,NA,NA,NA,NA,NA,NA
Brown_et_al_2026,White Slough,WTS17-03,82,83,WTS17-03_83,0.5824,0.106799451,NA,NA,NA,NA,NA,NA,NA,NA,NA,NA,NA,NA,NA,NA,NA,NA,NA,NA
Brown_et_al_2026,White Slough,WTS17-03,83,84,WTS17-03_84,0.6792,0.086130742,NA,NA,NA,NA,NA,NA,NA,NA,NA,NA,NA,NA,NA,NA,NA,NA,NA,NA
Brown_et_al_2026,White Slough,WTS17-03,84,85,WTS17-03_85,0.5765,0.096444059,NA,NA,NA,NA,NA,NA,NA,NA,NA,NA,NA,NA,NA,NA,NA,NA,NA,NA
Brown_et_al_2026,White Slough,WTS17-03,85,86,WTS17-03_86,0.5892,0.103021045,NA,NA,NA,NA,NA,NA,NA,NA,NA,NA,NA,NA,NA,NA,NA,NA,NA,NA
Brown_et_al_2026,White Slough,WTS17-03,86,87,WTS17-03_87,0.5577,0.100771024,NA,NA,NA,NA,NA,NA,NA,NA,NA,NA,NA,NA,NA,NA,NA,NA,NA,NA
Brown_et_al_2026,White Slough,WTS17-03,87,88,WTS17-03_88,0.5754,0.101147028,NA,NA,NA,NA,NA,NA,NA,NA,NA,NA,NA,NA,NA,NA,NA,NA,NA,NA
Brown_et_al_2026,White Slough,WTS17-03,88,89,WTS17-03_89,0.6777,0.082484875,NA,NA,NA,NA,NA,NA,NA,NA,NA,NA,NA,NA,NA,NA,NA,NA,NA,NA
Brown_et_al_2026,White Slough,WTS17-03,89,90,WTS17-03_90,0.714,0.084453782,NA,NA,NA,NA,NA,NA,NA,NA,NA,NA,NA,NA,NA,NA,NA,NA,NA,NA
Brown_et_al_2026,White Slough,WTS17-03,90,91,WTS17-03_91,0.673,0.088410104,NA,NA,NA,NA,NA,NA,NA,NA,NA,NA,NA,NA,NA,NA,NA,NA,NA,NA
Brown_et_al_2026,White Slough,WTS17-03,91,92,WTS17-03_92,0.6849,0.087312016,NA,NA,NA,NA,NA,NA,NA,NA,NA,NA,NA,NA,NA,NA,NA,NA,NA,NA
Brown_et_al_2026,White Slough,WTS17-03,92,93,WTS17-03_93,0.9016,0.062888199,NA,NA,NA,NA,NA,NA,NA,NA,NA,NA,NA,NA,NA,NA,NA,NA,NA,NA
Brown_et_al_2026,White Slough,WTS17-03,93,94,WTS17-03_94,1.1035,0.056728591,NA,NA,NA,NA,NA,NA,NA,NA,NA,NA,NA,NA,NA,NA,NA,NA,NA,NA
Brown_et_al_2026,White Slough,WTS17-03,94,95,WTS17-03_95,1.1867,0.054942277,NA,NA,NA,NA,NA,NA,NA,NA,NA,NA,NA,NA,NA,NA,NA,NA,NA,NA
Brown_et_al_2026,White Slough,WTS17-03,95,96,WTS17-03_96,1.0786,0.055256814,NA,NA,NA,NA,NA,NA,NA,NA,NA,NA,NA,NA,NA,NA,NA,NA,NA,NA
Brown_et_al_2026,White Slough,WTS17-03,96,97,WTS17-03_97,1.0187,0.054481202,NA,NA,NA,NA,NA,NA,NA,NA,NA,NA,NA,NA,NA,NA,NA,NA,NA,NA
Brown_et_al_2026,White Slough,WTS17-03,97,98,WTS17-03_98,1.049,0.052526215,NA,NA,NA,NA,NA,NA,NA,NA,NA,NA,NA,NA,NA,NA,NA,NA,NA,NA
Brown_et_al_2026,White Slough,WTS17-03,98,99,WTS17-03_99,1.0067,0.052249925,NA,NA,NA,NA,NA,NA,NA,NA,NA,NA,NA,NA,NA,NA,NA,NA,NA,NA
Brown_et_al_2026,White Slough,WTS17-03,99,100,WTS17-03_100,1.1196,0.051982851,NA,NA,NA,NA,NA,NA,NA,NA,NA,NA,NA,NA,NA,NA,NA,NA,NA,NA
Brown_et_al_2026,White Slough,WTS17-03,124,125,WTS17-03_125,NA,NA,NA,NA,NA,NA,NA,NA,NA,NA,135,20,terrestrial,WTS17-03_125,0.9832,0.0019,-16.8,1.9,NA,NA
Brown_et_al_2026,White Slough,WTS17-03,277,278,WTS17-03_278,NA,NA,NA,NA,NA,NA,NA,NA,NA,NA,565,20,terrestrial,WTS17-03_278,0.932,0.0018,-68,1.8,NA,NA
Brown_et_al_2026,White Slough,WTS17-03,348,349,WTS17-03_349,NA,NA,NA,NA,NA,NA,NA,NA,NA,NA,330,20,terrestrial,WTS17-03_349A,0.9598,0.0019,-40.2,1.9,NA,NA
Brown_et_al_2026,White Slough,WTS17-03,348,349,WTS17-03_349,NA,NA,NA,NA,NA,NA,NA,NA,NA,NA,2875,20,terrestrial,WTS17-03_349B .28mgC,0.6989,0.0015,-301.1,1.5,NA,NA
Brown_et_al_2026,White Slough,WTS17-03,393,394,WTS17-03_394,NA,NA,NA,NA,NA,NA,NA,NA,NA,NA,4560,150,terrestrial,WTS17-03_394 Plant .021mgc,0.5671,0.0104,-432.9,10.4,NA,NA
Brown_et_al_2026,White Slough,WTS17-03,436,437,WTS17-03_437,NA,NA,NA,NA,NA,NA,NA,NA,NA,NA,595,20,terrestrial,WTS17-03_437,0.9289,0.002,-71.1,2,NA,NA
